total,lat,jerk,jstar,sat,maxrun,maxi,absmax,absmean,dtau_max,dtau_rms,v_mean,v_min,lat_max,seg,excess
5.153900547047664,3.537386027805228,1.6165145192424366,0.08941591975382697,0,0,3.1122763582436304,0.0860194900305664,0.022080203357177187,0.44355114253701594,0.0389787370935296,8.101397811748075,-1.0073326719409357e-08,1.2756598240469206,data/SYNTHETIC/05000.csv,5.0644846272938375
92.60114421322194,55.79969440996484,36.80144980325709,3.8681046039870752,0,0,2.824528581655551,1.7358897396733517,0.6766581837150563,1.2837552737843705,0.24122315499009028,33.89568675609271,33.63927642144273,1.7839687194525906,data/SYNTHETIC/05001.csv,88.73303960923486
60.063111774683165,35.36755959330831,24.695552181374854,20.80480573028108,0,0,3.1122763582436304,2.0157554360236256,1.058069240114737,2.9475055517642113,0.6476368951597459,15.373258114468545,14.139610329803356,2.0869990224828934,data/SYNTHETIC/05002.csv,39.25830604440209
59.28406717173651,35.74043126259222,23.543635909144296,1.0464519210711647,0,0,3.1122763582436304,0.4328256350744912,0.19305590278657442,0.5728835119530981,0.1381974882515004,32.38006780084554,31.504383960185,0.7184750733137832,data/SYNTHETIC/05003.csv,58.23761525066534
61.31765618778046,35.9419704901614,25.375685697619055,6.7753690518580605,0,0,3.1122763582436304,1.9235272176645588,0.44876707153777107,1.7160434444391715,0.3202373798519868,31.808382216033607,27.86631915562928,2.233626588465298,data/SYNTHETIC/05004.csv,54.54228713592239
57.394733776484664,39.46459421267999,17.930139563804673,24.431736819866785,0,0,3.1122763582436304,1.0957153660526089,0.36265398545567507,6.391501979867875,0.6561891973950023,19.646674251367113,13.907148518264364,1.1485826001955033,data/SYNTHETIC/05005.csv,32.96299695661788
49.98667163487683,25.988016824019834,23.998654810856994,1.619018926624503,0,0,3.1122763582436304,0.7581891364541937,0.20351001090371126,0.7844681994725133,0.16974763900101617,33.93133773882686,33.86018194773262,0.8748778103616814,data/SYNTHETIC/05006.csv,48.36765270825232
18.334097641753566,12.136261233161823,6.1978364085917415,2.1737737935833947,0,0,1.9744233802835378,0.3371422891771559,0.04590655622304558,1.6074110450017416,0.22205212250871748,17.23890663357404,15.13634374485169,0.3372434017595305,data/SYNTHETIC/05007.csv,16.160323848170172
47.02323124962878,28.331533734536606,18.691697515092176,1.9005544078028005,0,0,2.371176276265884,0.4905797460924569,0.08289451958786524,1.3151977660410858,0.1970558433231818,29.33090067403935,26.470692695875016,0.9538045417156736,data/SYNTHETIC/05008.csv,45.12267684182598
17.13212307305317,11.815586431989153,5.316536641064016,2.7011479820912365,0,0,2.701316977387789,0.9620786531602056,0.3563303297020503,1.126430161742598,0.22525285785140675,12.818197493429142,12.139101083547828,0.9335288367546433,data/SYNTHETIC/05009.csv,14.430975090961933
59.875519229157106,36.31032979308952,23.565189436067584,17.72152764114561,0,0,3.1122763582436304,2.191399428534098,0.5127114722760276,7.703746990658488,0.562455620249625,29.701336044322638,29.44756117991784,2.262952101661779,data/SYNTHETIC/05010.csv,42.15399158801149
18.475864703632453,11.152455222383013,7.323409481249439,1.6153230925544373,0,0,2.415680267038313,0.1802869217647552,0.07146064389713803,1.4051865243470647,0.17295311865666016,18.364014424027214,5.868794314186153,0.3861192570869987,data/SYNTHETIC/05011.csv,16.860541611078016
53.536118892790654,26.95583052379531,26.58028836899534,16.0612029850398,0,0,2.5104113086491435,1.7104939737332523,0.528325244203558,5.3394289275849625,0.5333688508674479,30.269591240093906,29.295696003410075,1.7057673509286415,data/SYNTHETIC/05012.csv,37.474915907750855
51.11511132886582,29.32449560947775,21.79061571938807,15.066043328198523,0,0,2.602411213704482,2.7435677094015545,0.37961833945151274,2.890248431968425,0.4692000726083626,19.30045243835787,12.10486709838002,2.849462365591398,data/SYNTHETIC/05013.csv,36.0490680006673
26.827099994714878,17.966205592941524,8.860894401773352,0.6266165167046878,0,0,2.040566270209591,0.1218358680730768,0.044925801122280944,0.9125667989778099,0.11052905424450564,16.407941281887766,15.963871529236116,0.19061583577712593,data/SYNTHETIC/05014.csv,26.20048347801019
31.482178498757072,18.27226133114036,13.20991716761671,1.0150211754107463,0,0,1.7890525261153472,0.1633635286231558,0.04763699062187439,0.687210487052107,0.1395271000682825,26.404343533895208,25.850158044203145,0.2590420332355814,data/SYNTHETIC/05015.csv,30.467157323346328
41.838262929792755,20.186547717243254,21.6517152125495,4.648790762228683,0,0,3.1122763582436304,0.9645269778127672,0.43344920644819795,2.143206216151735,0.26645313241630586,29.617105574653444,28.08737397973598,1.1681329423264906,data/SYNTHETIC/05016.csv,37.18947216756407
32.59478873815931,25.59947183340796,6.99531690475135,11.866347411084043,0,0,2.8265597961358937,0.6368402085400037,0.1742821724993067,4.363544628208676,0.45205490879650806,11.734023340282999,0.0,0.8357771260997069,data/SYNTHETIC/05017.csv,20.728441327075267
37.15586668710919,22.798822919911537,14.35704376719765,8.774456302337049,0,0,3.1122763582436304,1.2410167768302378,0.4093464161710169,2.0843040014923435,0.3634909789081586,23.58997910401289,18.731904764259745,1.529814271749756,data/SYNTHETIC/05018.csv,28.38141038477214
59.29763146137178,31.977338668012194,27.32029279335958,0.8169788124074342,0,0,2.7599418976635963,0.1380476205412874,0.04115317334390278,0.744230686549488,0.14199205725528607,35.44593724466743,35.25075178569092,0.29814271749755594,data/SYNTHETIC/05019.csv,58.480652648964345
37.563463196477684,24.056586324585304,13.50687687189238,8.317600242461156,0,0,2.412036169608894,1.709293801768943,0.8035240765144513,1.9134328000639866,0.364714077853848,19.483536063123278,18.78832679758154,1.7253176930596283,data/SYNTHETIC/05020.csv,29.24586295401653
230.82537920266452,202.5854692605803,28.239909942084225,66.10875921055353,0,0,3.1122763582436304,3.559925515964666,1.3960572274980338,12.270590627345634,1.089532752353546,14.950956131368452,10.38074171070816,3.2600195503421308,data/SYNTHETIC/05021.csv,164.716619992111
348.77813435924384,208.88306396912492,139.89507039011892,83.32607326430114,9,2,3.036285721277406,3.716844318525675,0.6600462633265016,12.22199050565242,1.087327161154953,19.025369840546304,18.633006650580644,4.403714565004887,data/SYNTHETIC/05022.csv,265.4520610949427
43.65393993081295,28.53773304865257,15.116206882160382,2.7640150598726936,0,0,2.352666459611214,0.5339910717215904,0.09113505468858168,2.241908181389952,0.22275377143975073,23.715873050254626,22.21066451617455,0.48387096774193505,data/SYNTHETIC/05023.csv,40.88992487094026
26.944101922796044,17.513236475719417,9.430865447076627,4.709991106736901,0,0,3.1122763582436304,1.736176567390331,0.2979926862467502,1.7928068324481217,0.2670161610643215,15.564363944419306,13.908308460425443,1.5982404692082115,data/SYNTHETIC/05024.csv,22.234110816059143
44.7030198081589,25.379085503318578,19.323934304840325,1.0033080171942423,0,0,2.1965316357558593,0.1376725592160039,0.045203806527210864,0.9134962373084069,0.14326127675815767,28.777511787207704,28.328905975999287,0.32746823069403685,data/SYNTHETIC/05025.csv,43.699711790964656
43.957134679048835,22.971183964794776,20.985950714254056,11.24522980249728,0,0,2.89890848982839,2.229896199949348,0.6681408458038098,2.4489540084113526,0.4194668784204216,25.88320905986434,24.8637722912309,2.390029325513196,data/SYNTHETIC/05026.csv,32.71190487655156
111.80277672974239,52.11627100666202,59.68650572308037,2.5560215588999298,0,0,2.0457265431423672,0.4324391712992461,0.09275836472662555,1.2162611211222552,0.22948921153318433,40.25023266597134,39.75070328783536,0.5131964809384169,data/SYNTHETIC/05027.csv,109.24675517084246
13.417406177388779,8.915113886757993,4.502292290630786,0.12825146544110214,0,0,1.6602071803581995,0.3222242535885953,0.15707261553057525,0.35639755835330217,0.0473302475997155,13.262324381251101,11.652489959165427,0.3665689149560114,data/SYNTHETIC/05028.csv,13.289154711947678
111.33713464128839,43.79531431503797,67.54182032625042,69.78273265446958,18,5,3.1122763582436304,4.693915157670768,0.6031403111016977,7.031558046967121,0.9221971622449316,15.583981189713592,11.536753966519754,5.0,data/SYNTHETIC/05029.csv,41.5544019868188
21.012235711702466,13.183515765919468,7.828719945783,2.7188749203033087,0,0,2.6569250276683354,0.2434738023667084,0.05722936052339673,1.9689166785445038,0.2572169366404404,17.104843351733813,0.0,0.2101661779081132,data/SYNTHETIC/05030.csv,18.29336079139916
36.37201194341636,23.856597309992694,12.515414633423665,0.9626973286214268,0,0,3.0358731906018273,0.4382844959305855,0.12168257542785309,0.861963671810844,0.13284953033573055,25.37645253218127,24.861986029343463,0.5522971652003914,data/SYNTHETIC/05031.csv,35.40931461479494
51.383679120520796,31.05870323191256,20.324975888608233,2.512087500817117,0,0,3.1122763582436304,0.3140194155567274,0.052087185005529904,2.007429369026177,0.23738432201096774,31.793447826074683,27.094728355738862,0.7101944455945345,data/SYNTHETIC/05032.csv,48.87159161970368
41.406067504962905,23.442400232611035,17.963667272351874,1.9131864120410333,0,0,3.073568202711261,0.2579653947744562,0.08242892614344172,1.1063277770200748,0.18129024238698052,31.17983440837115,30.99617530919432,0.6960439277965926,data/SYNTHETIC/05033.csv,39.49288109292187
37.12432415523294,21.292061211956266,15.832262943276678,3.221481248455715,0,0,1.8569283115537962,1.1033502963441326,0.584896143459211,1.376177372122056,0.23359181973820883,24.8526173976639,23.59536578097921,1.2463343108504397,data/SYNTHETIC/05034.csv,33.902842906777224
50.679407219305666,31.650037782416163,19.029369436889503,1.92956631187672,0,0,3.1122763582436304,0.4579871772443654,0.12015550193511754,0.849822658441022,0.20364782423035724,28.626802364547117,28.129508132660856,2.038123167155425,data/SYNTHETIC/05035.csv,48.74984090742895
101.90570136190348,66.97940840096759,34.926292960935896,29.97636996461948,0,0,3.1122763582436304,1.263890358535194,0.2274185759040715,6.6237918900365145,0.7770295872481625,32.0264989508313,30.52950691650397,0.9921798631476051,data/SYNTHETIC/05036.csv,71.929331397284
41.08004244136672,23.561814725428317,17.518227715938405,1.5400073630529434,0,0,2.8139630939712514,1.0142455950649754,0.15113627620056602,1.1296910239234603,0.1646121892621045,27.828738161646914,26.467976442961792,1.227896424095951,data/SYNTHETIC/05037.csv,39.54003507831378
16.589162835838493,12.565837810168423,4.02332502567007,4.537244448651213,0,0,2.5971561358410007,0.6643510738896461,0.05975224517971957,2.7165441116708378,0.275883196262292,4.1247265135190325,-0.0444751212951818,0.7771260997067451,data/SYNTHETIC/05038.csv,12.05191838718728
48.04881410598584,29.448120371236197,18.60069373474964,2.492532001223827,0,0,2.491586323796872,1.0203029190427435,0.23665089029551914,1.0829484070388766,0.19539908086425825,28.89115996412728,28.438314121629936,1.1094819159335287,data/SYNTHETIC/05039.csv,45.55628210476201
56.52926693815193,41.537483777246706,14.991783160905223,2.374998300768435,1,1,3.1122763582436304,0.2747579666498539,0.07960292537442169,1.1739885501898748,0.2031782760388476,13.915536809682871,2.4212471077601303,0.5522971652003914,data/SYNTHETIC/05040.csv,54.154268637383495
113.01906069537547,67.22260565615603,45.79645503921944,7.280907612166887,0,0,3.0122590572456427,1.3006323457722526,0.3509558668949599,2.829752398756875,0.35828527523331977,34.44261644344006,32.468123311361744,1.6886654149663771,data/SYNTHETIC/05041.csv,105.73815308320859
29.590201110236542,18.037510679383928,11.552690430852616,4.040223454936895,0,0,2.722366661573078,1.0260662670048175,0.30057027670348063,2.2928867853612007,0.2840302004414355,22.596031554719158,18.338263356925296,1.099706744868035,data/SYNTHETIC/05042.csv,25.549977655299646
70.01246646584895,39.93571706264037,30.07674940320857,4.940796176401779,0,0,3.1122763582436304,1.1389168012556676,0.20792982647940236,2.2312000980668376,0.29143634417849607,32.51986023371196,32.16138891401819,1.099706744868035,data/SYNTHETIC/05043.csv,65.07167028944717
49.03132130111672,30.95988639414866,18.07143490696806,2.0529956868433166,0,0,2.9148798747019313,0.5167671913786516,0.21770525473902722,1.4545867372832548,0.1933430221646639,26.315535652172567,24.301155850251217,1.0257465491242184,data/SYNTHETIC/05044.csv,46.9783256142734
28.093641326675026,18.842388603958682,9.251252722716346,5.135619748194206,0,0,1.949711676036945,0.6957789319035722,0.06574198511933114,4.619233647736519,0.3169352450440642,17.904310974978017,15.776967954149995,0.5327468230694041,data/SYNTHETIC/05045.csv,22.95802157848082
98.0884067114412,79.13088236429577,18.95752434714542,17.515980924301346,0,0,3.1122763582436304,1.143269257876612,0.36750502889608533,4.294543353760536,0.5025326932622289,14.70772430249537,10.969399938530628,1.021505376344086,data/SYNTHETIC/05046.csv,80.57242578713985
22.228412916300528,12.675410816658928,9.5530020996416,2.6434905752718825,0,0,2.1159801497313975,0.2296044470233098,0.05968604129861304,1.8808401522861788,0.2370785930877599,23.41563804478049,22.90353658016734,0.8200357086514338,data/SYNTHETIC/05047.csv,19.584922341028644
50.296589874650124,31.097187058699554,19.199402815950574,2.3064898778318184,0,0,2.586151453098757,0.9897874016126754,0.22412991090548742,1.238985754281281,0.19212236080979858,27.200247954831482,27.04450248150602,1.881720430107527,data/SYNTHETIC/05048.csv,47.99009999681831
16.06929001952853,9.26795485708627,6.801335162442262,1.2072721407563352,0,0,2.3918514984354844,0.5719361613100281,0.09248328291542306,1.3461249760882181,0.14292587030654122,18.42430327781999,16.64248314144772,0.5718475073313787,data/SYNTHETIC/05049.csv,14.862017878772196
46.020454846793555,26.52888199921698,19.491572847576577,0.7879648085474905,0,0,2.9540214890261263,0.1410069998923259,0.03700538130093021,0.6077896546376619,0.1379260261221054,30.26420309313112,30.02723277530657,1.3538611925708697,data/SYNTHETIC/05050.csv,45.23249003824606
57.11377664015038,30.981322663893362,26.13245397625702,5.6567270201481445,0,0,2.199456897113955,1.7536063329643337,0.5813784691057933,1.8223376185908968,0.3131401413883668,33.55880812315968,33.43972681667822,1.8230694037145652,data/SYNTHETIC/05051.csv,51.45704962000223
69.79342573334574,39.67596411261553,30.11746162073021,6.02805009076896,0,0,2.788138107535155,1.374431251622082,0.3942922221670442,2.381916974624788,0.33325907317459635,33.29427884704829,32.76112420789453,1.5689149560117306,data/SYNTHETIC/05052.csv,63.765375642576785
48.627110520071895,27.025686870343335,21.601423649728563,5.1540133212144035,0,0,3.1106521652995123,0.4899705720449119,0.12854487576883755,1.6289431066775146,0.3065441085701239,29.433935753067345,29.10499935705945,0.5425219941348978,data/SYNTHETIC/05053.csv,43.47309719885749
53.69630608187511,32.31760221035327,21.378703871521836,5.864024099359673,0,0,2.6321541169149447,1.054354957913447,0.1388618032629867,1.6116100987624071,0.3094752470805729,28.41611168740475,24.5209378204216,1.445602625554418,data/SYNTHETIC/05054.csv,47.83228198251543
97.77626432833048,51.82175009167397,45.95451423665652,28.598117357230784,0,0,3.1122763582436304,3.343322949802176,0.3234989043168623,3.477902618437215,0.5742826615085864,15.62992904583737,6.651481780765433,3.572825024437927,data/SYNTHETIC/05055.csv,69.1781469710997
72.67174109362549,44.51086075025983,28.16088034336565,3.46335460022676,0,0,3.1122763582436304,1.3366525134725364,0.9596532390183918,1.4569921901513427,0.22709791140740135,32.45694526765695,31.092973919933403,1.774193548387097,data/SYNTHETIC/05056.csv,69.20838649339872
56.503647582466186,32.054763542546134,24.44888403992005,0.813486397228911,0,0,2.4806351603882826,0.1319005345252749,0.036261120779010406,0.48796489062599296,0.13260454383087328,27.99175886673756,26.09294197660456,0.24926686217008776,data/SYNTHETIC/05057.csv,55.69016118523727
46.067666107296915,26.29829224604312,19.769373861253793,1.3713093664641596,0,0,2.8196368874477313,0.3552128596813573,0.06532730042343138,0.698834280533485,0.16057063508375985,33.12150018598194,30.593208948446705,0.7514005932443495,data/SYNTHETIC/05058.csv,44.696356740832755
97.08161895938235,63.45811695913961,33.623502000242745,50.880621985698326,0,0,3.1122763582436304,1.904261023522317,0.7537389333777214,5.0919955958015555,0.8482480682775919,9.145151837833005,5.288947975208297,2.0322670999698724,data/SYNTHETIC/05059.csv,46.20099697368403
83.06573554543931,55.17068203412687,27.895053511312444,3.330311875417627,0,0,3.1122763582436304,0.2319102851234564,0.07026119276700803,2.052375544986381,0.25903758488260037,34.04656919983753,32.66783796869767,0.37634408602150504,data/SYNTHETIC/05060.csv,79.73542367002169
29.5048665203108,21.33129014375607,8.173576376554728,9.08598177293719,5,3,3.2026410558507394,1.3764485594774358,0.24354749766741854,2.041135977835816,0.36690890347828725,11.800953919288498,7.75024737594626,4.384164222873901,data/SYNTHETIC/05061.csv,20.41888474737361
69.58387817304788,38.50369234974663,31.08018582330125,2.728148453676851,0,0,2.6969013408724662,0.2330215581401224,0.05946803852402705,1.4890184658963268,0.22930817806757228,32.237489723200504,32.02435502019658,0.3665689149560114,data/SYNTHETIC/05062.csv,66.85572971937103
33.80913229155367,20.87941097393896,12.929721317614703,2.5173020442993326,0,0,3.1122763582436304,0.8430202946158384,0.1460165931127303,2.081449424567215,0.20349868007536867,24.877269033276754,23.57094487448436,2.1358748778103616,data/SYNTHETIC/05063.csv,31.291830247254335
7.752904210919283,4.107963324568188,3.644940886351095,0.011585606275936399,0,0,1.7487673902104681,0.0335437423662727,0.005675243096132258,0.13922361959639998,0.01309895181688103,2.551934991788642,1.0158759589127333,0.2590420332355814,data/SYNTHETIC/05064.csv,7.741318604643347
95.44915644075186,49.65988591050679,45.789270530245076,31.187325723535338,0,0,3.0070201760867015,2.803517367987826,0.3822231615754636,4.740054974070516,0.6437507049803061,30.457236601001103,27.63773809499065,2.9472140762463344,data/SYNTHETIC/05065.csv,64.26183071721653
18.16793695435472,11.019350524815945,7.148586429538775,0.7671167821641339,0,0,1.2883304039252053,0.1225725686139746,0.03557369281495591,0.74747271324025,0.12461837832544916,18.953588292988993,17.239916940882562,0.2280202561654899,data/SYNTHETIC/05066.csv,17.400820172190585
30.273924802239144,17.183749450862617,13.090175351376528,2.940795343607041,0,0,1.85755963813394,0.2775789983140063,0.09868056869194537,1.739210324531751,0.22865791768639235,21.059780565053135,19.90896982731774,0.32746823069403685,data/SYNTHETIC/05067.csv,27.3331294586321
50.89111396142876,36.433487068589365,14.45762689283939,1.062729208979889,0,0,3.1122763582436304,0.255729428164108,0.054904906966127494,1.201315214615241,0.15226777379232462,24.09296390439079,22.744816998456592,0.3958944281524923,data/SYNTHETIC/05068.csv,49.82838475244887
14.108271274823197,8.068494063668494,6.0397772111547035,0.5761424512500926,0,0,2.2460362542426267,0.1343649442124822,0.04487178252056026,0.77706320538245,0.1058871806165127,18.9946926018781,11.685522398712124,0.1968409981933465,data/SYNTHETIC/05069.csv,13.532128823573105
19.273110452182443,11.509051087169134,7.764059365013308,1.2820008439741932,0,0,2.588172833340862,0.695963815316644,0.2974731004026872,0.83375312472874,0.142554485492516,19.255359059948994,16.55989577931134,0.698924731182796,data/SYNTHETIC/05070.csv,17.99110960820825
18.224351749216346,12.203733228660068,6.020618520556276,2.224173912056847,0,0,3.1122763582436304,0.4493223252664491,0.17177504230057672,1.1508931756701728,0.19233947793268202,15.145163926507848,12.793110698425185,0.5229716520039105,data/SYNTHETIC/05071.csv,16.000177837159498
16.5111857455763,12.468702029307806,4.042483716268493,0.5351006341022477,0,0,2.6264431035398967,0.4528095737219721,0.03231326635076228,1.0334873495092867,0.10952017766383451,9.811148809543127,4.544536435789197,0.3665689149560114,data/SYNTHETIC/05072.csv,15.97608511147405
20.119842538433232,11.481667914866613,8.638174623566618,1.5257594052584627,0,0,1.5574830696214594,0.1874184524218411,0.06443717807966998,1.284299399943341,0.16217341319189144,20.185306717680188,18.322390440629263,0.3861192570869987,data/SYNTHETIC/05073.csv,18.59408313317477
69.5777692118611,40.717596661652806,28.860172550208297,2.0971049081772484,0,0,2.6887240157959913,0.2578405392998965,0.06917935714894184,0.7539565895185039,0.19410740769238025,31.664206411340647,30.29082986162913,0.29814271749755594,data/SYNTHETIC/05074.csv,67.48066430368385
26.35942488342166,13.602131781192814,12.757293102228845,4.154512344450819,0,0,2.272317258250621,1.2122549793744062,0.2854002598799088,1.290793090793687,0.25149236675418674,21.512138210223412,19.020040141457823,1.383186705767351,data/SYNTHETIC/05075.csv,22.20491253897084
54.89920004783422,32.184177507071986,22.715022540762234,1.2098758857661183,0,0,2.0173279075566044,0.3519309955904674,0.053342042103615164,0.8724005199876517,0.14736576905877116,33.53060270429203,33.37607770020304,0.4154447702834796,data/SYNTHETIC/05076.csv,53.689324162068104
13.631714606818473,8.058930479000475,5.572784127817999,0.461331599897975,0,0,2.7659177840535305,0.1611435001938854,0.04567533683053575,0.528697281072363,0.09506083716256322,18.502154330823924,12.423145236437389,0.26881720430107503,data/SYNTHETIC/05077.csv,13.170383006920499
86.24045646353389,53.73331939027999,32.50713707325391,25.416336931402192,1,1,3.1122763582436304,2.007557006826404,0.5260109320854168,2.4971638956476316,0.6179399137064013,18.909572682782656,14.819507573789783,1.9990224828934506,data/SYNTHETIC/05078.csv,60.8241195321317
8.188171723704045,6.358516771554087,1.8296549521499579,0.10513701267071353,0,0,2.2593764677156787,0.0720107875406887,0.01876604603154721,0.345256697538843,0.0446288655063401,6.418547068101389,-0.0466544974759774,1.0703812316715542,data/SYNTHETIC/05079.csv,8.083034711033331
36.01871204444965,22.57889058965179,13.439821454797857,2.5090304095698164,0,0,2.787935148419707,0.4360672024689454,0.09859538839109433,1.430940195168589,0.21798764440436433,28.095123995896994,26.63381903253116,0.37634408602150504,data/SYNTHETIC/05080.csv,33.50968163487983
47.535457562532656,24.53544949911879,23.000008063413866,2.0845256883118117,0,0,3.1122763582436304,0.39654215875256,0.13865110850312481,0.98642400934785,0.18818611864086884,34.85972682789205,34.46902170974101,0.43499511241446687,data/SYNTHETIC/05081.csv,45.45093187422084
2.492882716254151,1.4966308051358492,0.9962519111183016,0.021249562993645266,0,0,1.1634940855781768,0.0977487974607417,0.014094408543042027,0.12792565383296403,0.017653589484564157,5.675684683327177,1.4787916721086618,0.11241446725317683,data/SYNTHETIC/05082.csv,2.471633153260506
36.69007208598414,27.16101834959057,9.529053736393568,5.9947503176248755,0,0,3.1122763582436304,1.2785649906071423,0.30708856551428554,3.227308030427386,0.3093061334691242,16.234390201997687,15.744108136955038,1.7885860079824092,data/SYNTHETIC/05083.csv,30.695321768359264
29.045644592541727,18.046161352718748,10.999483239822979,0.4922279955422841,0,0,2.015841580587095,0.1235971824091444,0.048292436811123295,0.770878556378137,0.09663705038328951,19.46292026606223,14.254043349623949,0.2590420332355814,data/SYNTHETIC/05084.csv,28.553416596999444
1.0885523568167152,0.8299100337379253,0.25864232307878987,0.00658497774766027,0,0,1.8897430366670478,0.0317724261557196,0.004362855413604149,0.116114821576354,0.010332026014526272,2.435290618666132,-4.391385110370953e-38,0.04398826979472137,data/SYNTHETIC/05085.csv,1.081967379069055
45.16716193362275,27.16757211639881,17.999589817223942,0.7078058597458449,0,0,2.2339074815486044,0.4244374277339287,0.18897194525888922,0.6369638699366731,0.1163373246480728,28.785103191624895,28.149827190588805,0.5816226783968723,data/SYNTHETIC/05086.csv,44.459356073876904
13.785862299252521,8.651333218873583,5.134529080378939,0.7662744318538562,0,0,1.5166043200387334,0.3397106435100399,0.06583517106681044,0.7581459989391578,0.11683896071713419,12.409330951662483,-0.058412236035586,1.1502676132046483,data/SYNTHETIC/05087.csv,13.019587867398664
115.87697425497818,47.155864677304706,68.72110957767347,25.50363494951147,2,2,3.1122763582436304,3.413769571906162,0.25423556024863275,3.5449566365239193,0.5309030871524876,13.892789042666218,6.609011856499514,3.8856304985337244,data/SYNTHETIC/05088.csv,90.37333930546671
49.345051295747595,27.35087448875124,21.99417680699635,1.545815538709732,0,0,2.465278820398859,0.283028017337065,0.08494136409474777,0.9306974760243749,0.17478530262085396,33.369597348608195,33.01076002578014,0.3861192570869987,data/SYNTHETIC/05089.csv,47.79923575703786
38.68933072350131,26.99055527683566,11.698775446665648,14.778604529190428,0,0,3.1122763582436304,0.9040031703632586,0.15723514328856075,3.2334539983245034,0.473208914113364,14.51062892089594,12.393241116159375,0.7673509286412514,data/SYNTHETIC/05090.csv,23.91072619431088
45.89696792119179,27.91893163089109,17.978036290300693,1.3892572859833239,0,0,3.0121001303419273,0.2226103072379064,0.054997555707514925,1.009166725623734,0.1612447250704643,28.083762435314064,27.87491060636505,1.0019550342130987,data/SYNTHETIC/05091.csv,44.50771063520846
83.9759489305752,48.61858543117471,35.35736349940049,4.915026596367652,0,0,2.8750638556642856,0.3296545340444379,0.12507569060783996,2.020205359998122,0.3321285539078354,34.921091586937244,34.21480362572995,0.42521994134897323,data/SYNTHETIC/05092.csv,79.06092233420755
14.067352024264427,8.827450145594122,5.239901878670305,1.6286737476622992,0,0,2.896087083309642,0.73940889533396,0.15419370746965166,0.9651348840164287,0.16246666429013276,10.079574418289692,-0.0781764203709748,0.8357771260997069,data/SYNTHETIC/05093.csv,12.438678276602127
1721.0666622672752,1284.4963821827134,436.5702800845619,97.3267967551674,36,6,3.25018773280582,5.080424153776249,2.0467216088824687,5.715426894885898,1.1475919073861924,30.07821011042505,25.870497488510978,5.0,data/SYNTHETIC/05094.csv,1623.7398655121078
71.27111857489584,38.96238171697035,32.308736857925496,2.017359845370767,0,0,3.1122763582436304,0.3136726650610721,0.13115833255423587,1.328229040133222,0.19423092342917483,29.72519232484957,29.450186571688533,0.45454545454545414,data/SYNTHETIC/05095.csv,69.25375872952507
42.52086611013051,22.430584181353037,20.09028192877748,0.765110332830671,0,0,2.0333630343855327,0.1021594717923762,0.03449733043502208,0.805815047643998,0.1418049344358293,31.667316936799754,30.91248217672024,0.2590420332355814,data/SYNTHETIC/05096.csv,41.75575577729984
45.870211697334454,27.477868722842715,18.392342974491736,3.372889469110424,0,0,2.979907203935908,0.5061398097077408,0.1758540975204017,1.413762366562628,0.25885625297453363,28.115822109654324,27.2773812429485,0.5718475073313787,data/SYNTHETIC/05097.csv,42.49732222822403
46.94697968291982,32.49414246273001,14.452837220189805,12.326909556064946,0,0,3.1122763582436304,1.78670988130458,0.24099018447954884,2.307628177426977,0.3806340764706475,7.362609881128366,-9.707968868928168e-09,1.7546432062561097,data/SYNTHETIC/05098.csv,34.62007012685487
61.627617241950404,32.21184266438763,29.41577457756277,14.750674833952884,0,0,3.1122763582436304,2.755067721602928,0.7352095058557684,3.2197097180011833,0.48254159471301356,27.50891888137044,25.625254091423805,2.741935483870968,data/SYNTHETIC/05099.csv,46.87694240799752
68.79376579488824,37.30645779637035,31.487307998517895,4.997399985053041,0,0,2.2076634139964417,1.5748855037081733,0.5820505859017951,2.4284765282554344,0.2906028754349428,32.058303119029546,29.53610279033263,1.7839687194525906,data/SYNTHETIC/05100.csv,63.7963658098352
43.57407166606379,35.67350663053668,7.900565035527107,6.6025043644103425,0,0,3.1122763582436304,0.3308911832773662,0.09141075516280918,2.4465843198939266,0.38246751341291463,14.799143411182833,12.138878073837445,1.989247311827957,data/SYNTHETIC/05101.csv,36.971567301653444
63.15458615024522,35.53972848893478,27.614857661310445,7.214032230391176,0,0,2.9979893819882317,0.9883453164432184,0.2291981429756388,2.5803854363308796,0.3609425730782974,33.408634750763056,33.191382735233255,1.0117302052785924,data/SYNTHETIC/05102.csv,55.94055391985405
1.100892328882752,0.9572021493945353,0.14369017948821658,0.022623783938548293,0,0,1.7495538669588808,0.0578673655225225,0.003236939901973799,0.151549634587793,0.017445014373782056,1.1945944006389373,-0.0569671981132324,0.07331378299120228,data/SYNTHETIC/05103.csv,1.0782685449442035
52.87444482154036,28.432745290594674,24.441699530945684,16.610124840835287,0,0,3.1122763582436304,2.7186759184443514,0.257925968230724,2.694184931034682,0.4310461436759703,6.987674700097818,1.9241420180196056,3.504398826979472,data/SYNTHETIC/05104.csv,36.26431998070507
23.522496743760016,16.12005766379206,7.402439079967955,0.10652796657206318,0,0,3.1122763582436304,0.1667790188641782,0.030038549840705794,0.40275557907680487,0.03978674865052333,4.170839513080109,2.234169976341074,0.48387096774193505,data/SYNTHETIC/05105.csv,23.415968777187953
1.8882414799989033,1.375746506490931,0.5124949735079722,0.025800101727384783,0,0,2.7768958440684512,0.1739131175376329,0.012682827207967842,0.16361880084851385,0.019239642502121262,2.9510363671438915,-0.0542237175159245,0.3861192570869987,data/SYNTHETIC/05106.csv,1.8624413782715186
20.88159486225348,13.730613596389901,7.150981265863579,0.21998464400348278,0,0,2.2177897298269214,0.1122616362159034,0.0294891715722198,0.485443856275893,0.06704901995205433,15.24123479874227,6.451352623470793,0.2883675464320623,data/SYNTHETIC/05107.csv,20.661610218249997
44.614732465214715,26.370869342860793,18.243863122353922,7.187016461170314,0,0,3.1122763582436304,1.3380660230077437,0.5049707244911297,1.9291987179625092,0.33856336744224624,21.816448331873545,19.411619654813624,1.412512218963832,data/SYNTHETIC/05108.csv,37.4277160040444
73.64845424862456,38.5162053637556,35.13224888486896,4.76440508903428,0,0,2.70801357542758,1.454128652942677,0.23215888407966098,1.8218729879131301,0.26869623704840584,35.00606337240668,34.2302344155524,1.6177908113391983,data/SYNTHETIC/05109.csv,68.88404915959028
20.33774728488322,13.198740200643662,7.13900708423956,1.0230289007890896,0,0,1.7633804471986068,0.3361743765275535,0.0574009308322114,1.6517436316752647,0.14264542890165585,18.675966248811445,16.54476711842726,0.26881720430107503,data/SYNTHETIC/05110.csv,19.31471838409413
24.49260076651823,15.365879532691674,9.126721233826554,0.703743427916546,0,0,3.1122763582436304,0.1323887803006064,0.040445604860988055,0.8127383220815121,0.12235218944294686,22.984012197261272,13.533948528740426,0.19061583577712593,data/SYNTHETIC/05111.csv,23.788857338601684
78.58510868036109,44.88257708139988,33.7025315989612,3.0943752203013037,0,0,2.0596170504303033,0.3149053387586829,0.057138978010109406,1.689025743903424,0.25281110508314936,36.57699765630871,34.351607888561,0.7070748622896652,data/SYNTHETIC/05112.csv,75.49073346005979
55.9079837595372,29.02594601361666,26.882037745920538,5.825497406843586,0,0,2.232090143852057,1.1918384707838163,0.6503336446415322,1.768532634542107,0.31390439043300766,33.95671170239223,32.359363941504355,1.1733959552872923,data/SYNTHETIC/05113.csv,50.082486352693614
81.74088589103259,45.837499709576846,35.903386181455744,5.551586177985309,0,0,2.6529838520920945,1.0742319878788695,0.5096842168800371,2.201953227931037,0.3342797154427779,34.63669294783178,34.09956386302996,1.2072336265884651,data/SYNTHETIC/05114.csv,76.18929971304728
74.38778530197465,48.60258259281411,25.785202709160536,30.252738539180683,0,0,3.1122763582436304,1.1313808402324417,0.3831459507508167,4.6721235099752745,0.761499330181679,25.224780486125,23.316089095121168,0.9726295210166178,data/SYNTHETIC/05115.csv,44.13504676279396
10.483069253174136,7.070427490328993,3.4126417628451438,0.04033227648723581,0,0,1.8297056108038723,0.054715131764254,0.012605247599003175,0.282917364651825,0.03226425070252101,12.570275629559601,2.594027071930172,0.7478005865102642,data/SYNTHETIC/05116.csv,10.4427369766869
14.113198152920315,9.735437351179318,4.3777608017409975,0.8776544476799623,0,0,1.7529880354796927,0.1478484422762165,0.06280610537663925,1.093504168667675,0.1298485242399174,10.995575114018395,1.471907239662811,0.32746823069403685,data/SYNTHETIC/05117.csv,13.235543705240353
70.69754910052212,42.46721850373717,28.230330596784952,4.85305432033593,0,0,2.8922098622553327,0.5392917533954559,0.09062987359461312,2.5830844736792327,0.29571156264372117,34.756599171899744,34.674574628257176,0.5131964809384169,data/SYNTHETIC/05118.csv,65.8444947801862
31.237470924944244,19.663226967168402,11.574243957775842,1.0048178975376176,0,0,2.6456159750260344,0.3055512319131349,0.0948364172730517,0.920023616603422,0.13844557314147546,25.666768856499807,22.418330317013496,0.3372434017595305,data/SYNTHETIC/05119.csv,30.232653027406627
46.53292773306375,32.40578825304724,14.127139480016512,14.653278391694437,0,0,3.1122763582436304,2.962769247843429,0.4064987610584626,2.288884566768843,0.4504088012949323,13.049987427568176,0.7579352028982816,2.8103616813294234,data/SYNTHETIC/05120.csv,31.879649341369316
34.42663936098154,21.492128370717225,12.934510990264311,11.0771960225741,0,0,2.3446375061169116,1.7505338229076015,0.4192768121731491,2.753842349018072,0.4345288414010454,16.080680318804237,7.70062297242241,1.7253176930596283,data/SYNTHETIC/05121.csv,23.34944333840744
12.778285784606158,8.108354951239122,4.6699308333670375,0.4578682255257153,0,0,2.9056602891115326,0.0951866059331,0.05604470290629624,0.525602376989641,0.08421445665469446,14.922288106411852,14.870097555178454,0.2590420332355814,data/SYNTHETIC/05122.csv,12.320417559080443
3.930719563208444,2.8027516542259443,1.1279679089825,0.024191426045043273,0,0,1.608599025345077,0.0348896035657681,0.011627067734676842,0.15097778420206298,0.022101837230511585,8.774532342398405,3.974311404585279,0.07331378299120228,data/SYNTHETIC/05123.csv,3.906528137163401
29.994537136259343,17.002550074199736,12.991987062059607,4.480742142396089,0,0,2.712335767629738,1.9200407629349223,0.45343275043995973,2.1453084549178505,0.2699831752839812,23.998208222457283,21.621628212538404,2.790811339198436,data/SYNTHETIC/05124.csv,25.513794993863254
42.463024211661235,24.350877087171536,18.1121471244897,1.5187046815566152,0,0,2.787867408213573,0.2976193574253139,0.10206712320787588,1.153237217228941,0.17522584501635466,28.750324729117164,26.0810912863996,0.4447702834799605,data/SYNTHETIC/05125.csv,40.94431953010462
37.75948217736684,20.976469213143105,16.783012964223737,4.775767677869433,0,0,3.0470012754746763,0.8604000311521856,0.33620093508987847,2.0796616401865067,0.2938841779581965,24.36555118523921,23.7398956850056,0.9042033235581624,data/SYNTHETIC/05126.csv,32.98371449949741
41.629900391987334,23.48183072262558,18.148069669361753,1.8841584489988867,0,0,2.5070512915706282,0.2604565084588199,0.05182701971469293,1.0136928077390168,0.1872017691835282,30.422409430538043,29.92316849956086,0.32746823069403685,data/SYNTHETIC/05127.csv,39.745741942988445
34.15029116455987,22.228795939687483,11.921495224872386,6.292188905822147,0,0,2.7076245076863317,1.4062923766355555,0.5190892148247752,2.236176894200823,0.312307843414793,21.350748870417437,10.98370131804066,1.3538611925708701,data/SYNTHETIC/05128.csv,27.85810225873772
6.169817577325304,4.356926479448972,1.8128910978763326,0.3657249044795378,0,0,3.1122763582436304,0.1290706433012603,0.03699638507138951,0.6468361265437509,0.07773151585464634,9.40775906575178,0.5071983998115063,2.820136852394917,data/SYNTHETIC/05129.csv,5.8040926728457665
68.61091674679236,38.21325927606011,30.39765747073224,3.526481970891131,0,0,2.9644224224962255,1.0366167678890406,0.4144627547725693,1.2354906569656001,0.22437143470400966,32.62227993101632,32.29455365919483,1.0410557184750733,data/SYNTHETIC/05130.csv,65.08443477590123
56.241973075799834,32.066100376907386,24.175872698892444,1.3041296353681675,0,0,2.978464542790454,0.4411083979935215,0.11506853883774572,0.704587392522263,0.15291565623738942,32.492402141054676,32.44514229786406,0.5522971652003914,data/SYNTHETIC/05131.csv,54.937843440431664
49.78445511372357,30.671266405465936,19.11318870825763,1.4256312614715312,0,0,3.1122763582436304,0.5327390032646059,0.16038313804821955,1.1670824230833965,0.16538934633381583,28.123019657495565,27.78951705161908,0.6011730205278596,data/SYNTHETIC/05132.csv,48.35882385225204
78.61746463073604,45.999793886910844,32.61767074382519,7.9767636023434765,0,0,3.1122763582436304,0.8931083186037767,0.15965513437701315,2.3626883886985253,0.36111916599476546,32.51024127394793,32.05518928808171,0.913978494623656,data/SYNTHETIC/05133.csv,70.64070102839256
1.301842723331794,0.8564031669183226,0.44543955641347127,0.0013895599820257516,0,0,0.5640327032368945,0.0139424000913636,0.00273893671771266,0.042506414933692,0.004773958110555194,2.636662491602796,-0.0538677694154509,0.07331378299120228,data/SYNTHETIC/05134.csv,1.3004531633497682
8.225197684910167,5.231652278905656,2.993545406004512,0.08942596915883026,0,0,1.4276012539820855,0.0547766188755742,0.011281255957481981,0.6205737598678499,0.047303615702372036,9.792102889383733,-0.0523637468934512,0.12218963831867047,data/SYNTHETIC/05135.csv,8.135771715751337
14.36052145031674,10.351565442595495,4.008956007721245,3.8088053991064763,0,0,3.1122763582436304,1.261163931968136,0.26333808945604903,1.5583473709204687,0.23552870129862113,5.077119835103579,-0.0532706823011044,1.2267839687194524,data/SYNTHETIC/05136.csv,10.551716051210263
40.632820822536814,23.47381855531895,17.15900226721786,0.5595642495771894,0,0,2.584137601075841,0.2957764472904013,0.06098607662267322,0.6412916656437179,0.09965438025737024,28.65931735863502,28.293162049079523,0.5816226783968723,data/SYNTHETIC/05137.csv,40.07325657295962
31.347496639961754,15.855300454807185,15.492196185154569,9.202967494308893,0,0,3.1122763582436304,2.6285361060036525,0.10325452683114855,2.927567089633192,0.34633330568510895,16.7258270768329,8.768513017890454,2.8880176476260866,data/SYNTHETIC/05138.csv,22.14452914565286
37.875587309432454,26.99824072217446,10.877346587257994,0.2079128076212815,0,0,2.8368051506591883,0.1507310037806351,0.0644683815096981,0.41495948040993696,0.06622642585552448,19.957915204528085,14.7958448825569,0.6011730205278596,data/SYNTHETIC/05139.csv,37.66767450181117
79.25969354158241,40.72198740284265,38.53770613873976,16.897857150007066,0,0,3.1122763582436304,2.141039327601584,0.5753391756680756,2.824334502643072,0.5066483200683343,33.88579113349204,30.74813985660663,2.5171065493646143,data/SYNTHETIC/05140.csv,62.36183639157534
72.062430629886,48.746304171598055,23.316126458287943,0.8362127542786113,0,0,3.1122763582436304,0.2253877725840253,0.065310834526242,0.7617007923036869,0.1288856025329692,30.608688707225518,30.45174491865538,0.4154447702834796,data/SYNTHETIC/05141.csv,71.22621787560739
808.6235983660187,646.0043930829215,162.6192052830971,133.50040312239446,13,7,3.1915273747115758,5.147154503196258,1.5602754083428254,8.769521428777688,1.3097345716353812,15.951785423564184,9.13661969246235,5.0,data/SYNTHETIC/05142.csv,675.1231952436242
32.50721261907865,21.215559347629632,11.291653271449018,1.3959222941715668,0,0,2.8181047407212354,0.1633958378514235,0.05745716777157332,0.905424188750719,0.1644932391459165,23.57192092110215,23.48424443983887,0.29814271749755594,data/SYNTHETIC/05143.csv,31.111290324907085
38.554983590287726,22.033007785467618,16.52197580482011,3.5632286861068874,0,0,2.0947187579937347,1.131184736471012,0.15668781817810692,1.528545605846422,0.23895657582231947,25.073266053322516,24.5377663781785,2.009410024292992,data/SYNTHETIC/05144.csv,34.99175490418084
0.501430697621436,0.33858182753479055,0.16284887008664548,0.0005478609022888608,0,0,0.8855909146138912,0.0070362287848302,0.001800881945677792,0.034686151255977994,0.0031971442882839166,2.0531542398479177,0.0,0.024437927663734094,data/SYNTHETIC/05145.csv,0.5008828367191471
27.416104787991312,17.9301581054442,9.485946682547112,2.3689907718355148,0,0,3.1122763582436304,0.8064753266572777,0.2052619598040076,1.4760136274535647,0.20776051259972722,19.344147693718465,17.394027830974085,0.7380254154447705,data/SYNTHETIC/05146.csv,25.047114016155795
97.67464255229649,56.967214703284654,40.70742784901183,45.011102876738825,0,0,2.9120857526675663,2.6120086411527583,0.7304305350779831,7.317191783189827,0.9300202931102367,26.6119230711641,18.339619951497674,2.0087976539589443,data/SYNTHETIC/05147.csv,52.663539675557665
16.968637326330587,11.343166799366895,5.625470526963692,1.239788616787202,0,0,2.7354992377187433,0.6421188983303743,0.22058919048573025,0.8378893297569238,0.14495527865201863,17.219409366153283,12.79700744111338,0.6011730205278596,data/SYNTHETIC/05148.csv,15.728848709543385
55.238440551933806,35.35890421973903,19.879536332194775,0.9263029474656665,0,0,3.090602378493947,0.900011237876595,0.1795788307189882,1.132241957478503,0.13011600948740562,28.067257638518704,26.49909905729245,0.9628543499511242,data/SYNTHETIC/05149.csv,54.31213760446814
55.48862369090055,35.3552347082766,20.13338898262396,5.2501937787767,0,0,2.8101102652679266,1.442789645133638,0.44644609757168296,2.006260125865219,0.32157767051717123,27.24499766113415,26.71789812319331,1.383186705767351,data/SYNTHETIC/05150.csv,50.238429912123856
14.57823701080547,9.78377468854864,4.79446232225683,1.5951699445526795,0,0,2.674466181178854,0.7366765842267772,0.07093165986432198,1.027125161730268,0.15018133157189678,13.30190467359022,7.17079536749679,1.5395894428152492,data/SYNTHETIC/05151.csv,12.98306706625279
67.67579506199004,37.47451416989172,30.20128089209833,2.9866234247166252,0,0,2.350553878078695,1.0791765433471578,0.39740752781559385,0.9235224957478461,0.21808045815837027,33.68841389909479,33.31687149103392,1.0978557450144824,data/SYNTHETIC/05152.csv,64.68917163727342
67.66172872655048,32.02177454082316,35.639954185727326,7.265892188542965,0,0,3.1122763582436304,1.134029448942615,0.5995026073338245,1.9985852151593853,0.359726144250843,34.65341500685371,34.36384497992923,1.2267839687194524,data/SYNTHETIC/05153.csv,60.395836538007515
75.50013710741283,41.67067918323696,33.82945792417586,25.852457206128076,0,0,3.1122763582436304,2.1070072530220583,0.6427908217340924,3.795906690072901,0.6278527580555502,31.288584512317474,29.937974087786063,1.989247311827957,data/SYNTHETIC/05154.csv,49.64767990128475
76.18073853011059,48.89876311794782,27.28197541216277,33.60552493590921,0,0,3.1122763582436304,2.010823440707585,0.6097807340678639,4.720043933704523,0.6990746232347497,13.269569942584594,12.534717783295507,2.0576735092864125,data/SYNTHETIC/05155.csv,42.57521359420138
51.494521888289576,33.408717963372695,18.08580392491688,18.174299689178085,0,0,2.7909659796452426,1.2495615631422718,0.25966869075259824,3.1124134695586925,0.5789989350313876,25.22109330862337,23.97543992529343,1.1192570869990224,data/SYNTHETIC/05156.csv,33.32022219911149
33.79522091433641,20.45837742150504,13.336843492831374,4.9522802039680585,0,0,2.379350275822542,0.8237664918669653,0.5103091899044369,2.346519086263552,0.29759708326477746,23.8242570422474,22.315923972520537,0.913978494623656,data/SYNTHETIC/05157.csv,28.842940710368353
30.951407368936785,16.180056917548107,14.771350451388676,8.749813367922712,0,0,3.1122763582436304,1.507508990160651,0.4174852195359714,1.8577796569992722,0.3546281852403765,20.53534019818725,18.710718420829703,1.4613880742912997,data/SYNTHETIC/05158.csv,22.201594001014072
44.52356130540588,22.256373157381915,22.267188148023962,0.5064244391800586,0,0,2.3216440023913174,0.1054385072853277,0.042686099497422275,0.5902909786308439,0.1042929885959764,31.443327242653833,26.64716980436313,0.2883675464320623,data/SYNTHETIC/05159.csv,44.01713686622582
47.753487490559365,26.389152636986342,21.364334853573027,2.558882845925772,0,0,3.04205126419346,1.1993946347879656,0.5386509818451194,1.848325735213574,0.20920702324677815,30.94800008556741,30.014436636820243,1.2854349951124142,data/SYNTHETIC/05160.csv,45.19460464463359
33.06404796681332,19.873289489795027,13.190758477018289,2.2475946082475433,0,0,3.1122763582436304,0.9453270097865054,0.3456256839288154,1.6687393509542738,0.20407110444792223,25.193350880191545,24.293300665547648,0.9921798631476051,data/SYNTHETIC/05161.csv,30.816453358565777
28.939597158086542,17.542571088346165,11.397026069740377,1.9787521611259202,0,0,3.1122763582436304,0.2972123269987132,0.07778897637046155,1.215119052662222,0.20317693649207072,22.5633181195809,20.00921123185354,1.021505376344086,data/SYNTHETIC/05162.csv,26.96084499696062
53.662997433267556,28.023879739920083,25.639117693347472,13.617580477516587,0,0,2.898302767801278,0.8820490801459087,0.19051875985675232,3.220050926999627,0.4939793742247437,28.192858224136124,26.08513003317828,1.2434249602730765,data/SYNTHETIC/05163.csv,40.045416955750966
125.41754067685528,71.76602249227993,53.651518184575345,12.61145461658647,0,0,3.1122763582436304,1.4536559138190877,0.6401567711188351,3.573636424617651,0.4914210637263297,36.23373329047828,34.871571769109295,1.6764418377321606,data/SYNTHETIC/05164.csv,112.80608606026881
62.50906371453765,36.46282384597359,26.046239868564065,4.251286790802299,0,0,2.7695093337193692,0.6931984862321007,0.09037531092612565,1.6062478299942196,0.27303551219043454,34.69598037748237,34.529017017716505,0.591397849462366,data/SYNTHETIC/05165.csv,58.257776923735356
44.13269304964025,26.930583728575925,17.202109321064327,0.7821926125134375,0,0,2.842492711393729,0.1125489239327762,0.045552578806936354,0.657320077798503,0.12211638970856258,30.12722962211449,29.983761676668927,0.26881720430107503,data/SYNTHETIC/05166.csv,43.35050043712681
58.11669098641127,35.478303208042746,22.638387778368525,2.532785714264196,0,0,3.1122763582436304,0.2486626204248055,0.07090314742512549,1.438586821311977,0.22212739830515787,30.602036175620263,30.3022256124801,0.35679374389051777,data/SYNTHETIC/05167.csv,55.58390527214708
75.01317919180843,44.84303117193253,30.170148019875896,18.746638266894,0,0,2.530817542503255,1.0504436089942073,0.1251415472129295,4.217706633822008,0.5476348563849108,33.17291652787111,28.864326942743386,0.7086999022482896,data/SYNTHETIC/05168.csv,56.26654092491444
48.140979915368305,29.870773593441573,18.270206321926736,1.2450714467076525,0,0,2.7582536005300504,0.1828040250431552,0.06365288345357623,0.7596442747076129,0.14926512372010997,29.18976367074819,29.049607137595498,0.27859237536656867,data/SYNTHETIC/05169.csv,46.89590846866065
33.295537754869606,22.154759171883214,11.14077858298639,3.259086675864753,0,0,1.8996397174747448,0.2511320488045688,0.05185742155060065,1.428222612333028,0.24675654747688913,22.563099438670733,21.40823807823217,0.26881720430107503,data/SYNTHETIC/05170.csv,30.036451079004852
62.416375422872505,33.22092578719169,29.19544963568082,3.8777700966390403,0,0,3.071649838886702,1.0751338415537282,0.42345315526566085,1.3323180197966389,0.23623666032289575,33.36413920900187,33.21665607413812,1.1974584555229715,data/SYNTHETIC/05171.csv,58.538605326233466
65.98282250392111,39.70428351185108,26.278538992070033,8.139030778798494,0,0,3.1122763582436304,0.5499151287687496,0.1816902064520224,4.061720595355666,0.39313971868069986,28.793519776217998,23.440220612292432,1.4027370478983379,data/SYNTHETIC/05172.csv,57.84379172512262
95.98014263275236,69.21545186674717,26.764690766005184,39.281412839135974,0,0,3.1122763582436304,1.5772199946543262,0.2191553828669602,6.254523318091159,0.818963617632588,27.3406946984752,26.509027375774085,1.1974584555229715,data/SYNTHETIC/05173.csv,56.69872979361639
29.73687830390479,18.00457514869191,11.73230315521288,0.21256525720740627,0,0,2.9229512043406514,0.0962383321397082,0.03744742789361543,0.525031473596557,0.059342201847692296,15.078041124307312,9.748485452540718,0.2590420332355814,data/SYNTHETIC/05174.csv,29.524313046697383
39.42662818247345,23.086659938338414,16.339968244135033,1.1250560604425195,0,0,3.0994813671253074,0.3788315993541859,0.09596004880861438,0.6996770825481848,0.14076952011750316,28.09229363481315,28.05263460869127,0.5522971652003914,data/SYNTHETIC/05175.csv,38.30157212203093
44.85628105432972,24.988718903758947,19.867562150570773,15.43676616628206,0,0,3.1061487409462543,2.599667574700971,0.18152490033196167,3.3152160944719444,0.44662050209693266,15.67716032942334,6.54186699951727,2.7223851417399807,data/SYNTHETIC/05176.csv,29.419514888047658
58.03470321507969,27.713680506741166,30.321022708338525,4.891450240026838,0,0,2.8492761058216045,1.0470495333653724,0.3010368138108895,2.2001856694650392,0.28352338973399993,34.39623326534136,32.38977140300772,1.0899315738025415,data/SYNTHETIC/05177.csv,53.143252975052846
69.64729729422783,43.05503474360852,26.592262550619296,16.976059158926144,0,0,3.050310171423696,1.942650891192029,0.22478614995387702,3.869543226217853,0.47776358547799036,31.631959801319002,29.14007141266824,1.735092864125122,data/SYNTHETIC/05178.csv,52.67123813530168
39.511492098332766,20.64976120417952,18.861730894153247,1.1918051866140325,0,0,2.351223464531216,0.5479365201247189,0.04075847011486727,1.4010845971523882,0.1455045350939837,27.74751592085293,26.052972123858765,0.8260019550342133,data/SYNTHETIC/05179.csv,38.31968691171873
48.184389329258295,27.011641381669577,21.172747947588718,4.588178597365407,0,0,2.5803170897850425,0.6380509797260191,0.08304379227883635,2.488544234642264,0.28884972304572265,32.122940664628395,30.02687306546078,0.6011730205278596,data/SYNTHETIC/05180.csv,43.59621073189289
33.32882042034718,19.96563372794304,13.363186692404138,2.7089054759497975,0,0,2.219152185109528,1.1241277388619595,0.32286943827573295,1.4398339830997275,0.20842835670981524,25.73587067566125,24.35961060099913,1.236559139784946,data/SYNTHETIC/05181.csv,30.61991494439738
72.31333745005996,46.49939670500184,25.81394074505812,10.692008165530236,0,0,3.1122763582436304,1.6569014440041034,0.4232877721336085,3.1777988072935237,0.44179109435116515,28.87373557967011,28.027898227655086,1.911045943304008,data/SYNTHETIC/05182.csv,61.62132928452972
3.5987885183564945,2.7869390042480706,0.8118495141084238,0.07495825284908011,0,0,1.9957493678420977,0.1498414120826576,0.03967604913975535,0.4233110947143309,0.03521296433338855,4.750702943881533,-0.0541831810483,0.14173998044965774,data/SYNTHETIC/05183.csv,3.5238302655074145
22.022973632179237,14.773804076998712,7.2491695551805275,4.1204838986521874,0,0,3.1122763582436304,1.3487417774340853,0.3044903723448074,2.262035516003934,0.2709248586167296,15.777370522294188,10.212924753082524,2.1553938520128244,data/SYNTHETIC/05184.csv,17.902489733527048
71.787263354676,40.47717324419359,31.310090110482413,2.8970852925590536,0,0,3.1122763582436304,0.8574677971039014,0.18430718422950335,0.9745600666325739,0.2194116189651118,33.516128398141745,32.86775037318543,0.9628543499511242,data/SYNTHETIC/05185.csv,68.89017806211695
19.627667625451792,13.808215356179021,5.81945226927277,0.8673351813794357,0,0,2.380456869857979,0.4026125100109538,0.0898664391741994,1.635491412257517,0.1274219104953573,15.861113025122414,13.008838982224766,0.4368587628006652,data/SYNTHETIC/05186.csv,18.760332444072358
29.527483981702304,16.95219844015854,12.575285541543765,2.9949683437929617,0,0,3.1122763582436304,0.7008457536900163,0.13850952900293995,1.690150507038729,0.24923335886922135,22.378660709721238,21.314646351571582,1.3365118152388435,data/SYNTHETIC/05187.csv,26.53251563790934
33.854414782665096,19.59555930478441,14.258855477880688,0.5027759334497774,0,0,1.6906708471433551,0.1594351138762376,0.0381267094124917,0.480179336980497,0.10806778753514894,28.483584180542703,28.386122838365733,0.2590420332355814,data/SYNTHETIC/05188.csv,33.35163884921532
53.15280151988071,34.516185240259,18.636616279621713,8.700594249025416,0,0,3.0564641307204377,1.4032898217710104,0.1990245409441214,3.270567088827727,0.38926790420753954,22.24580000881888,17.773845987999984,1.4027370478983379,data/SYNTHETIC/05189.csv,44.4522072708553
50.763029079057745,20.39410964422313,30.368919434834613,21.751692971122456,0,0,3.1122763582436304,3.0392588083572782,0.26250985758313383,2.6605220001656105,0.4979653627315198,14.818310653910395,2.999239945236876,3.0742913000977516,data/SYNTHETIC/05190.csv,29.01133610793529
2.9845806977530653,1.9212733695402626,1.0633073282128025,0.05615380196416735,0,0,0.9583803907210138,0.062781351474398,0.013362531641914872,0.24623756736384103,0.031159423543376842,6.3368852613046895,3.496450321537286,0.09286412512218956,data/SYNTHETIC/05191.csv,2.928426895788898
30.924542665301583,16.699214895968144,14.22532776933344,1.6378575708855831,0,0,2.1954748506827744,0.2020555473307634,0.06364537347697696,1.111744391131213,0.16921009458049996,25.73360698165116,25.50389736471228,0.35679374389051777,data/SYNTHETIC/05192.csv,29.286685094416
48.42574340167775,29.726861377611165,18.69888202406658,7.5743171783827234,0,0,2.3739481677720238,0.2542100092793276,0.09630951067984622,1.6677554340015248,0.3775321315014987,28.609845015672065,28.543510479323302,0.7478005865102642,data/SYNTHETIC/05193.csv,40.85142622329503
75.49134438311206,43.07005021792076,32.421294165191306,13.533069182801121,0,0,3.1122763582436304,1.7515268715964314,0.2954658463125103,3.9983379336011913,0.5027371076724054,33.90014532830125,33.16523398497525,1.8719452590420333,data/SYNTHETIC/05194.csv,61.95827520031094
50.194938325014455,32.80124209796584,17.393696227048615,2.522990083671949,0,0,2.8855079896257925,0.4613569661544904,0.08706400692568049,1.3838823303505239,0.21373751037757338,26.99900963879435,25.276671964190943,0.7575757575757578,data/SYNTHETIC/05195.csv,47.671948241342506
46.950820436624596,30.160622963426487,16.790197473198106,1.1763251444958214,0,0,3.0889296231656456,0.1469625612459767,0.05617579326461772,0.938521171410896,0.16257222655977144,30.30909578317428,29.99357420161742,0.34701857282502413,data/SYNTHETIC/05196.csv,45.774495292128776
66.13241417430635,38.99173410530703,27.140680068999323,2.6114230819167314,0,0,3.1122763582436304,0.5408767811858065,0.1531262246533651,1.9354675395174226,0.23165980764049948,33.56088642285966,30.87330416872099,0.562072336265885,data/SYNTHETIC/05197.csv,63.520991092389615
69.22172652210236,38.03616790050971,31.18555862159264,12.421241908777034,0,0,3.0019132969651086,1.842643746880677,0.4550584179861994,3.3920690616012426,0.4511048976351706,31.008695919393713,30.68440318544082,1.8328445747800588,data/SYNTHETIC/05198.csv,56.800484613325324
44.49138090183621,31.568844093195914,12.922536808640295,11.004970660880767,0,0,3.1122763582436304,1.287367911634986,0.22191090308616515,3.0965028543574666,0.42717330513129326,10.419088141142801,0.8950115337132144,1.2952101661779083,data/SYNTHETIC/05199.csv,33.48641024095544
4.037675763764126,3.173139850510023,0.8645359132541031,0.2089010015764204,0,0,2.267426446974035,0.1998592095588542,0.06970073197607675,0.63215832644362,0.06051547398228525,4.972994589028905,0.734688495809851,1.911045943304008,data/SYNTHETIC/05200.csv,3.8287747621877055
82.01503148759677,44.48315660527455,37.53187488232222,4.271001884433236,0,0,2.5311198771375705,0.8492565992118016,0.4124004788245397,1.726315206021863,0.28063700061432667,34.73258505274843,34.24576173534578,0.9921798631476051,data/SYNTHETIC/05201.csv,77.74402960316354
41.12270619959705,24.413933161442266,16.70877303815478,2.3130269634563363,0,0,2.074905391292816,0.2242910446424033,0.07023114667169288,1.5647732648916908,0.21916056667065176,30.44756372859724,28.9564319422678,0.2590420332355814,data/SYNTHETIC/05202.csv,38.80967923614071
41.470457901375525,23.23617412432084,18.23428377705468,2.631667657299525,0,0,3.062247765306272,0.3260054058097486,0.050049031808411526,2.4768125647772425,0.2402595517571107,28.424056220113634,28.0299972059548,0.4191878016388154,data/SYNTHETIC/05203.csv,38.838790244076
22.270888292443054,15.323468114187785,6.94742017825527,3.4950252422308417,0,0,1.6083087025560918,0.5679977619332219,0.08294018843195852,3.621231697675972,0.28133113673214194,19.47937889688571,11.26640391499756,0.3372434017595305,data/SYNTHETIC/05204.csv,18.775863050212212
26.815048577281598,20.981227290059998,5.8338212872216,0.28430256995625564,0,0,2.882754285223841,0.4831148574926891,0.18823127663660177,0.6292707837222788,0.07015853127326388,9.616113542018912,-0.0466465864610222,0.562072336265885,data/SYNTHETIC/05205.csv,26.53074600732534
22.731808467861818,13.15485800497218,9.576950462889636,0.7421534835646896,0,0,1.9360111108998168,0.1523128998231815,0.048413896498272886,0.8416272652244678,0.1199738582990049,21.8990132127135,21.62727738123872,0.2590420332355814,data/SYNTHETIC/05206.csv,21.98965498429713
253.8779251868781,169.55547475854715,84.32245042833094,37.16786266060194,7,5,3.1122763582436304,4.1603748768167,0.519574930460255,4.293202886624803,0.6841379529291021,18.98184656821451,7.411120858742411,5.0,data/SYNTHETIC/05207.csv,216.71006252627615
36.31369263271051,21.116061315506805,15.197631317203708,1.5372360517899883,0,0,1.6578964457785323,0.1748527265754423,0.047857154604337815,1.2071691682143388,0.1721429177287468,26.04397428507471,23.15598747364256,0.7091375839173976,data/SYNTHETIC/05208.csv,34.776456580920524
34.689090551505515,20.327257111658273,14.361833439847246,1.716264255201214,0,0,2.56189584285928,1.0128306324881151,0.11885213987676733,0.96432846080794,0.16552519667860655,26.90232306279684,25.268454678224053,1.2463343108504397,data/SYNTHETIC/05209.csv,32.9728262963043
13.768278341834506,8.537955808463417,5.23032253337109,1.4478917662198478,0,0,1.800663269501868,0.6082778212418024,0.27120106210576034,0.8402304674404378,0.14731534281346487,14.071990322874084,11.972987126319168,0.6109481915933532,data/SYNTHETIC/05210.csv,12.320386575614659
61.596281889635165,43.66614232583051,17.930139563804655,16.053970282105357,0,0,3.081848336516742,2.018503490866123,0.7056270260831259,2.992770343746698,0.4869422032913869,18.683955230574092,18.174169370159788,1.9403714565004888,data/SYNTHETIC/05211.csv,45.54231160752981
67.85002514774494,35.99391235520729,31.85611279253765,4.821200150055948,0,0,2.1749009885720008,1.6377477263272169,0.5116038219563307,2.6167883515804093,0.2855289198868659,34.16026867810759,33.72434452355987,1.705767350928641,data/SYNTHETIC/05212.csv,63.02882499768899
23.846057032708508,14.063150645885758,9.78290638682275,6.599011136193188,0,0,3.1122763582436304,1.5519587881142545,0.16267685583712008,2.3362718163254037,0.3082988869399983,17.304139307600618,12.226017177838791,1.6959921798631479,data/SYNTHETIC/05213.csv,17.24704589651532
56.35926628801192,33.6562179288737,22.70304835913822,3.8810755906723657,0,0,3.1122763582436304,0.5004746641484961,0.18364398788964686,1.7166462378411942,0.2584032748377534,31.34493745835788,31.14973208143667,0.5034213098729223,data/SYNTHETIC/05214.csv,52.478190697339556
32.836674154448986,15.890812320138641,16.945861834310342,2.1341245522713157,0,0,1.8103380656783448,0.7512917861374842,0.11429721485982437,1.1983755100552,0.1985285198701507,29.185831960957604,27.67208077234651,0.8651026392961878,data/SYNTHETIC/05215.csv,30.70254960217767
68.30311291594316,49.01510115597486,19.288011759968295,20.72333121513568,0,0,2.300614328905991,1.5040347984697615,0.6068446563042893,3.2000772497191576,0.5898634125142809,11.626065918892877,10.42746692511652,1.7838077811981805,data/SYNTHETIC/05216.csv,47.57978170080748
61.341660742847694,32.996378002472134,28.345282740375556,11.797345154555586,0,0,2.6241325054940647,1.5086483482941362,0.6645995327412545,2.261037767679882,0.44007161438093223,31.216498037737132,27.54991167423873,1.5982404692082115,data/SYNTHETIC/05217.csv,49.54431558829211
38.821375220277865,22.61072813768223,16.210647082595635,0.8624010159095692,0,0,2.7015450252664484,0.3955637892196511,0.07955571401094569,0.6661938415393289,0.13282561998804163,28.975140775015205,28.86250542890486,0.40566959921798595,data/SYNTHETIC/05218.csv,37.958974204368296
38.08079820470716,25.249265176409402,12.831533028297756,1.3558496919756997,0,0,2.3217447773690476,0.7985931806397534,0.21097148667180385,1.383632394359498,0.14967676867163693,22.83958235742348,9.760456029799476,0.8944281524926687,data/SYNTHETIC/05219.csv,36.72494851273146
60.715150903816166,42.75866814043871,17.956482763377462,1.7536119733270537,0,0,3.1122763582436304,0.3230512131254742,0.08983016075138223,1.2956673183090819,0.187736971697915,28.057349883508312,27.09313379406465,0.5425219941348978,data/SYNTHETIC/05220.csv,58.96153893048911
46.90961726453402,26.69959351951634,20.210023745017683,3.0730166010828306,0,0,2.3584689852241985,1.5584321432019217,0.5092279730050833,1.3420424312346229,0.22586567428116122,27.901230442818484,25.377740782269456,1.7253176930596283,data/SYNTHETIC/05221.csv,43.83660066345119
42.35592367509447,24.155167606586982,18.200756068507488,4.680895681819282,0,0,3.1122763582436304,1.468027366634408,0.8412661374941791,1.7033536356665602,0.2659573336522564,24.78090967541466,24.07085096729873,1.4320625610948188,data/SYNTHETIC/05222.csv,37.675027993275194
51.429705517479974,27.622637612607235,23.807067904872735,2.100111546917906,0,0,3.1122763582436304,0.6394048303507441,0.31146447337028293,0.7165090394941748,0.18099887080753552,31.033709493138385,30.42835644019881,0.8162267839687196,data/SYNTHETIC/05223.csv,49.329593970562065
23.743836227707824,14.602745975932443,9.141090251775381,1.607727963739476,0,0,2.1127083412820142,0.7976981243903097,0.15395419329562096,1.242043629997153,0.1672000515978512,22.625214767378292,14.416559429528728,0.806451612903226,data/SYNTHETIC/05224.csv,22.13610826396835
19.623509862395906,11.08112869182143,8.542381170574476,0.7205185058565704,0,0,1.3517112339200554,0.2110618025142676,0.052892587465743685,0.734121645064465,0.1104252453569842,16.520477454565288,0.0,0.3861192570869987,data/SYNTHETIC/05225.csv,18.902991356539335
28.01282607017808,18.41432208036521,9.59850398981287,2.065807623265614,0,0,3.0706062180752167,1.107369756707385,0.17991620508715506,1.1526780660880098,0.18785401649864172,22.410523353474026,19.89520882398732,1.236559139784946,data/SYNTHETIC/05226.csv,25.947018446912466
51.46173030101954,37.301063112455765,14.16066718856378,17.256470690188095,0,0,3.1122763582436304,1.9569782237769944,0.3383185123240821,2.997622088267813,0.5635774530061959,19.482815818707994,19.05856887065916,1.8621700879765397,data/SYNTHETIC/05227.csv,34.20525961083145
50.75879832655591,30.515246872991003,20.24355145356491,10.75148482677888,0,0,3.1122763582436304,0.5091264969848058,0.10347882518974728,3.3254411094160194,0.49577083820607726,30.401012815828302,28.981189520117727,0.3861192570869987,data/SYNTHETIC/05228.csv,40.007313499777034
26.275176530701614,18.520696510987523,7.754480019714091,1.768122826363155,0,0,3.1122763582436304,0.9239508810244728,0.18093636124173215,1.4837106735584205,0.17109112687649178,19.445883143671345,18.849043232301447,1.5493646138807433,data/SYNTHETIC/05229.csv,24.50705370433846
38.35911839482268,26.835165999867705,11.523952394954977,4.688432879100223,5,2,2.980515734474289,0.9275403929820476,0.24781355723091117,1.680327937989753,0.2730159976007688,21.13253879507546,17.253400572473996,4.3841642228739,data/SYNTHETIC/05230.csv,33.670685515722454
13.23035165163877,9.310004587935255,3.920347063703516,1.841626984939363,0,0,3.1122763582436304,0.64771730091667,0.10091122806338763,1.3066828256226748,0.17534808779186586,9.766299906633085,-0.0490904672170587,0.591397849462366,data/SYNTHETIC/05231.csv,11.388724666699407
30.652622888816104,18.96821646009928,11.684406428716825,1.3054168510517312,0,0,2.867922721350628,0.4725554808806942,0.2271451482016661,0.945599426758418,0.14623455178594813,19.28733874307803,18.901592483850635,0.5718475073313787,data/SYNTHETIC/05232.csv,29.347206037764373
45.59597572224912,26.513919886213966,19.08205583603516,1.0426966137299902,0,0,3.0804064237630264,0.3186987263085566,0.07805713196445678,0.688872226631291,0.14569288961234075,30.572841595914124,30.31395726626157,0.4008175873082576,data/SYNTHETIC/05233.csv,44.553279108519135
69.77052922746932,42.605900795221984,27.164628432247344,5.116918284096042,0,0,3.1122763582436304,1.001671957726233,0.4142575482697737,4.155729292738258,0.33305846900669533,34.78967669281038,34.54490545581896,1.1094819159335287,data/SYNTHETIC/05234.csv,64.65361094337328
3.818141767550787,2.2399446295052083,1.5781971380455788,0.05524389500381732,0,0,0.9093941251521416,0.1583202859899994,0.035675898149574455,0.278218365213455,0.031372445551465865,7.306776211656658,1.7775734158242078,0.2263847878195446,data/SYNTHETIC/05235.csv,3.76289787254697
43.408233137383135,33.2445477749166,10.163685362466534,9.998301735392621,0,0,2.1583626708282884,0.952058569933372,0.1634683728334984,3.5536020170186164,0.40545428487156815,13.688466867707001,12.841430007845402,2.215410126505428,data/SYNTHETIC/05236.csv,33.40993140199051
52.41861047088219,29.892779999779446,22.525830471102747,1.2214172675176673,0,0,2.7377658174617814,0.1890720251440995,0.04556016375400732,0.9292191839513719,0.16804037587944812,32.01907595573614,31.058820463679528,0.3079178885630496,data/SYNTHETIC/05237.csv,51.19719320336453
23.132022546818085,14.580062030944394,8.55196051587369,1.0659448460223369,0,0,1.8020770296205106,0.3320022972013737,0.054308686787295876,1.603385094793649,0.15273640706130434,21.846676178492963,12.024401857850838,0.3176930596285432,data/SYNTHETIC/05238.csv,22.06607770079575
53.38251130376631,30.004119101033456,23.378392202732847,10.296742119601307,0,0,2.174474101519473,1.2319514518807937,0.14589679658680133,2.9009923168115996,0.4399026786061561,31.45786638497826,30.183168814696288,1.2854349951124147,data/SYNTHETIC/05239.csv,43.085769184165
67.35162093845645,36.527682601909184,30.823938336547258,1.9336679224389135,0,0,3.1122763582436304,0.2150361736503308,0.06489737176519092,1.060754677209767,0.18878807303520587,32.710967795766784,29.517278550077428,0.3176930596285432,data/SYNTHETIC/05240.csv,65.41795301601753
73.13800385358762,53.538663371394854,19.599340482192765,12.31808134276907,19,7,3.1122763582436304,2.117680527124449,0.35974364542855014,2.173526862355729,0.4134939538292498,20.25927790547922,8.11819504100702,5.0,data/SYNTHETIC/05241.csv,60.81992251081855
25.435965927402464,16.000310807676243,9.435655119726222,1.7198902022238443,0,0,3.099921451544216,0.335585316391463,0.08878072796455137,1.085112315403866,0.17890361119191595,20.141315238306646,12.005320039579434,0.4447702834799605,data/SYNTHETIC/05242.csv,23.71607572517862
45.365793845150236,25.43836078645939,19.927433058690845,10.350999409105908,0,0,2.7911144314275402,1.5299184844476827,0.8133306416125908,3.4090756881518147,0.4227728569942452,24.089564810912915,20.62008739871084,1.4711632453567933,data/SYNTHETIC/05243.csv,35.014794436044326
56.359421643153546,31.809954477591717,24.54946716556183,7.363300616861718,0,0,2.462533213846014,1.3611567075095512,0.4609747003118035,1.888141974641091,0.3306498280235677,27.96800060858338,26.58535839430636,1.3245356793743892,data/SYNTHETIC/05244.csv,48.99612102629183
60.256978589010274,37.00072303884239,23.25625555016789,1.5174182329642498,0,0,3.1122763582436304,0.6364348778952934,0.23877479906000063,0.8758082910881441,0.1716492588998474,30.312485194560445,28.70559713753989,0.7282502443792769,data/SYNTHETIC/05245.csv,58.73956035604603
34.570210974975595,20.229931062051552,14.340279912924045,1.6951865299234465,0,0,2.8996508236629133,0.5710300562629214,0.21200183516510754,1.0313095747903078,0.1629681886724397,28.102545550538697,27.6444444708214,0.6402737047898341,data/SYNTHETIC/05246.csv,32.87502444505215
7.762398060304228,5.777078747042036,1.9853193132621922,0.8698581795995882,0,0,1.5438557795496046,0.2599088846323931,0.06119504786133612,1.087007841624198,0.13604434031796747,6.834919382671881,-0.0803297394250524,1.2734822825046077,data/SYNTHETIC/05247.csv,6.89253988070464
53.669835504721256,37.267601516141326,16.40223398857993,6.746460036270494,0,0,3.1122763582436304,0.7412217733772479,0.08564073448313611,3.240475181218033,0.35809059949823063,29.03796201887228,26.014293260981724,1.344086021505376,data/SYNTHETIC/05248.csv,46.923375468450764
37.934434031981894,31.358213484071168,6.576220547910723,8.616878152492982,0,0,3.1122763582436304,1.1592522685887678,0.09376086432457159,3.1436086989068257,0.3307605452636916,3.2589799822086785,-0.0515334564188681,1.2756598240469206,data/SYNTHETIC/05249.csv,29.317555879488914
25.727261083893296,17.963201718879994,7.764059365013304,0.4037198988687148,0,0,1.907109175177321,0.1090242897260083,0.021349563926581494,0.607864698625341,0.08467713397187139,12.321526027777013,-0.050889451921374,0.2883675464320623,data/SYNTHETIC/05250.csv,25.32354118502458
24.435391614067864,14.994946821692034,9.44044479237583,0.14318866360316215,0,0,3.108417359036927,0.155872206406636,0.02322970496043578,0.389332768139415,0.0546667659776137,19.65460135747385,14.907005541330763,0.3176930596285432,data/SYNTHETIC/05251.csv,24.292202950464702
60.013392416688376,40.05482648577507,19.958565930913306,20.173163359266503,0,0,2.558342701603173,1.647256560740168,0.3687961700112791,5.504171358854993,0.5669781592943166,23.22338144558902,22.47700963106494,1.7897074437830265,data/SYNTHETIC/05252.csv,39.84022905742187
18.383567584521362,12.219258884476865,6.164308700044498,4.389038572049229,0,0,3.1122763582436304,0.7349418860713988,0.06788246900306757,2.290254917752365,0.2675913070725301,8.155925854507723,-0.0533455924065777,2.0869990224828934,data/SYNTHETIC/05253.csv,13.994529012472134
63.50925681781875,35.77465734026809,27.73459947755066,26.17250028926704,0,0,3.1122763582436304,3.0070831585096744,0.4306759554477025,4.77692179183153,0.6046489170080237,16.64953793479273,7.087641999963101,2.9178885630498534,data/SYNTHETIC/05254.csv,37.33675652855171
39.975300699631184,21.412924346078412,18.56237635355277,0.9572004135622882,0,0,2.9570247030901133,0.2400618531536469,0.0689518682371583,1.0397922484388118,0.1410259662166505,31.897350269661924,31.542517582849147,0.35679374389051777,data/SYNTHETIC/05255.csv,39.01810028606889
55.565484714100236,32.74508937504663,22.8203953390536,7.407820088237109,0,0,3.1122763582436304,1.0848495610094346,0.10150970364627997,3.0952618913779575,0.3455921924457373,29.15293476224356,28.95562611596461,1.0606060606060606,data/SYNTHETIC/05256.csv,48.15766462586313
60.15123702563264,32.265762859619414,27.885474166013225,1.9470227014222576,0,0,2.6227984903475967,0.2534249536631114,0.05017608730794329,1.3015123676147289,0.2083469577661752,32.44674189280624,32.30513397052005,0.34701857282502413,data/SYNTHETIC/05257.csv,58.20421432421038
52.26645608577316,26.71355250011864,25.552903585654512,3.0916873235477285,0,0,2.788105434452513,0.4115985444537128,0.08555085345162182,1.5298023131824496,0.2630139064915207,30.774308368279012,29.718736274030064,0.3665689149560114,data/SYNTHETIC/05258.csv,49.174768762225426
70.23111875271144,36.73214824135855,33.49897051135289,4.3686363283382885,0,0,2.799065295641507,0.2636537538537915,0.0883303061482802,1.4947596876846518,0.29114087894125573,38.52886655109193,37.69904944864251,0.7689054510502098,data/SYNTHETIC/05259.csv,65.86248242437316
19.49848773199545,12.852816930665433,6.645670801330016,0.9828225972314873,0,0,1.345123395035041,0.1708049763062571,0.03606638280526225,0.9319586808464889,0.14091950482897825,16.800662488875272,10.458700211507306,0.5098362102959487,data/SYNTHETIC/05260.csv,18.515665134763964
39.136467155604024,27.399374327741487,11.737092827862536,3.0195687508366333,0,0,3.1122763582436304,0.658424228123357,0.32141862999426707,1.5515452315470906,0.23196557193007064,14.516950857641909,13.61927135962474,0.698924731182796,data/SYNTHETIC/05261.csv,36.11689840476739
48.17252677927766,28.470208335118336,19.70231844415932,4.538059733057714,0,0,3.1122763582436304,1.3216854955891644,0.47658544105824996,2.001125777252136,0.2602646863874731,29.134091681491263,26.55573041582056,1.3929618768328447,data/SYNTHETIC/05262.csv,43.634467046219946
12.418391014169023,7.571242292766517,4.847148721402506,0.5708309031242701,0,0,2.2947759652048543,0.1159969785032055,0.03016025706781013,0.7586680116948841,0.11295285722252615,16.35680302579769,15.680120144636373,0.2797952366131958,data/SYNTHETIC/05263.csv,11.847560111044753
75.31768729099917,40.84641323177599,34.47127405922319,2.883645495588511,0,0,2.9161888536134755,0.9486910735427008,0.3562418336326242,1.6804802344281244,0.22276903172863627,37.51638272577188,36.46327838946677,1.1192570869990224,data/SYNTHETIC/05264.csv,72.43404179541066
22.31181617684496,13.259334869087317,9.052481307757644,0.7684315251383402,0,0,1.7851396924741598,0.1272761292399268,0.048878306170162256,0.8269058473560699,0.120017809123052,20.53541575899466,14.125818228216987,0.2101661779081132,data/SYNTHETIC/05265.csv,21.54338465170662
28.867125241778567,15.563809457494498,13.303315784284067,5.223644902847877,0,0,3.1122763582436304,0.9582251248806072,0.1841043969121138,2.172330673792666,0.2847705925073198,22.765733377113147,22.351096233228898,1.2561094819159337,data/SYNTHETIC/05266.csv,23.64348033893069
62.977749434969496,34.644440876218,28.3333085587515,8.692551086164862,0,0,3.1122763582436304,1.4114404318071712,0.23955040536510894,2.8398605687455203,0.37787666527522584,31.368794630899494,31.193687373259465,1.4907135874877806,data/SYNTHETIC/05267.csv,54.285198348804634
13.51331342978165,8.110562681024708,5.402750748756943,1.2677718083998828,0,0,2.1942094651880923,0.2866836188644295,0.05088921262452713,1.265803177123173,0.1533641483752128,12.077708329581274,-1.4945758512260977e-33,0.3665689149560114,data/SYNTHETIC/05268.csv,12.245541621381768
55.84282470840289,37.32834508134616,18.514479627056733,24.15931631489238,0,0,3.1122763582436304,1.873700728726107,0.5580753255524009,5.8730851393651005,0.633868877903161,20.006617944861826,2.318939084193605,1.5786901270772238,data/SYNTHETIC/05269.csv,31.683508393510508
519.824165258882,394.70195406703635,125.12221119184557,31.471926935295137,9,4,3.2374736785858826,3.87248558676361,0.6677979821325537,5.2672802108872,0.753489302072845,24.18408080442955,20.65269273053641,5.0,data/SYNTHETIC/05270.csv,488.35223832358685
52.40211509341927,29.11712150735376,23.284993586065504,4.502406145321748,0,0,2.829175504982095,0.9742523960067372,0.36857487104574566,1.789965827137484,0.2821739536392546,30.008048650297674,29.87671666202693,1.0312805474095796,data/SYNTHETIC/05271.csv,47.89970894809752
49.08047348923313,28.671678329256768,20.40879515997636,1.7992413344319402,0,0,3.1122763582436304,0.4102887702846756,0.12002745987985904,0.9541847757982289,0.1825194736679015,31.66950779463944,31.494990293986056,0.4447702834799605,data/SYNTHETIC/05272.csv,47.28123215480119
75.51125368654307,46.48823226624811,29.023021420294963,20.829692750689567,0,0,1.4494558384513205,0.871828910982362,0.1719165464316159,4.521891838124241,0.6673050132752859,30.860226647494386,30.501916644879262,0.806451612903226,data/SYNTHETIC/05273.csv,54.681560935853504
71.09887163540597,42.61468838819182,28.48418324721414,5.4243936999822635,0,0,2.7373886347781693,0.7825850565947321,0.10755124460324562,3.1102357079807508,0.3499198476004647,32.54957605070028,31.828572719010783,0.8512790903587426,data/SYNTHETIC/05274.csv,65.67447793542371
38.64820268553427,23.429017841407244,15.219184844127026,1.9233430941442233,0,0,3.0532099381543016,0.6624131075443942,0.4329725264522756,1.310406698841875,0.20301573361570655,26.398514253240382,24.85892872885908,0.7771260997067451,data/SYNTHETIC/05275.csv,36.72485959139005
52.38794412699448,30.700306369573,21.687637757421488,4.398400612557647,0,0,2.389360205072176,0.2992019246205104,0.09783648206871792,1.5670194627702798,0.2859607315401655,32.39830268034005,30.8890384986622,0.40566959921798595,data/SYNTHETIC/05276.csv,47.98954351443684
38.29460650251405,22.67787882846971,15.61672767404434,2.840544973377166,0,0,2.87843882030062,0.3004841711066732,0.09128302842183122,1.3278353813101669,0.2224733964150511,27.40652181238245,26.14271127663952,0.4154447702834796,data/SYNTHETIC/05277.csv,35.45406152913689
60.786664512513,42.317686775627564,18.468977736885435,1.7825118730196121,0,0,3.1122763582436304,0.2186588148549304,0.059808222951175855,1.324456441591504,0.1949812452811782,30.65002211446249,30.246162566492817,0.3372434017595305,data/SYNTHETIC/05278.csv,59.004152639493384
14.30675162917116,8.642963721010613,5.663787908160548,3.7633859715316733,0,0,2.3415703889418706,1.037851566084456,0.2354469735109591,1.9596066821904856,0.2606056452386104,14.388778717219845,12.88066391369089,1.021505376344086,data/SYNTHETIC/05279.csv,10.543365657639487
59.01230639316147,41.37433686098285,17.637969532178616,9.253984263293209,0,0,2.4483589904850387,1.0137669223236196,0.3432662237416493,2.4313368668666033,0.40882861050024855,21.163390419939116,20.53783444933409,1.1192570869990224,data/SYNTHETIC/05280.csv,49.75832212986826
195.62174573849904,112.7269171142916,82.89482862420743,39.33556156512932,6,4,3.1122763582436304,3.8251607144058353,0.3986051600373521,3.9529878926701967,0.695938169926989,13.074266489750412,2.013656086563946,4.696969696969697,data/SYNTHETIC/05281.csv,156.28618417336972
58.25560819065652,33.27507048663006,24.980537704026457,8.006914174791362,0,0,2.6803262718779886,0.7199874978074572,0.11492551750003287,4.34141211583704,0.4371701407598378,31.52796539596073,29.24283342232481,1.0589590750182398,data/SYNTHETIC/05282.csv,50.248694015865155
51.1234833438684,29.57474609328552,21.54873725058288,4.153499591981836,0,0,2.740887595714347,0.6879112791343984,0.0580205162158421,2.9388195488311095,0.2799400103255114,27.550877956867936,27.220788778262225,0.6402737047898341,data/SYNTHETIC/05283.csv,46.969983751886566
152.85374492490257,105.71139187114342,47.14235305375914,30.663896608191862,0,0,3.1122763582436304,2.931114159564641,0.6094770974349656,3.817005801317679,0.6781455839952066,14.054454045747011,5.965959378859312,3.1915933528836753,data/SYNTHETIC/05284.csv,122.18984831671071
59.78873594890433,36.54445458036046,23.24428136854387,16.72319900601451,0,0,3.1122763582436304,2.283987551753682,0.7011662960009153,2.9597435319264354,0.5018847407083753,13.856242625679538,13.31848752277932,2.350928641251222,data/SYNTHETIC/05285.csv,43.06553694288982
3.533168532126082,2.7764002534881413,0.7567682786379408,0.11563335442089495,0,0,1.3884350472830775,0.1464416157458232,0.008045237165600799,0.7093202795811229,0.05014138236954764,2.0774118297787747,-0.0556615758479046,0.16129032258064502,data/SYNTHETIC/05286.csv,3.4175351777051874
51.465525515030635,27.859623861441445,23.605901653589186,2.903295951195622,0,0,3.0738215639866313,0.4090241722571692,0.08902532546844348,1.5001181432496307,0.23891217933010558,28.434590053410226,26.88732201412165,0.5229716520039105,data/SYNTHETIC/05287.csv,48.56222956383501
56.224184068163865,32.476987071411244,23.74719699675262,12.146772695336452,0,0,3.1122763582436304,1.9603734351513904,0.5523141559596629,2.9151932281836723,0.44559565455482264,25.73839945757534,23.574166629859445,2.603179990747729,data/SYNTHETIC/05288.csv,44.07741137282741
11.12065672089011,8.598894070871903,2.5217626500182067,2.2091319100817692,0,0,3.1122763582436304,1.066249761908711,0.053518791215744294,2.5703264649405226,0.214156699903414,5.558009508803614,-0.0554792709194905,1.5786901270772238,data/SYNTHETIC/05289.csv,8.911524810808341
43.43775121582162,23.89349196909936,19.544259246722255,1.816387428974823,0,0,2.5401741585539415,0.201604615085078,0.06772966639568592,1.068275958524536,0.18805296605574662,29.150889137980702,28.82150948827588,1.3636363636363638,data/SYNTHETIC/05290.csv,41.6213637868468
44.26430190452527,26.030018127470576,18.23428377705469,1.229410716815193,0,0,3.1122763582436304,0.5907226071142313,0.06031638074769564,1.2682193361077192,0.15631851557194754,30.36008675355458,29.735191371369726,0.8260019550342133,data/SYNTHETIC/05291.csv,43.03489118771007
5.286472047618017,3.83520123478703,1.4512708128309872,0.01998429699399713,0,0,1.9635917050028295,0.0544197010043856,0.012296223549742212,0.12010442018068494,0.018195001420005717,7.542598694662859,0.8868087124299374,0.12218963831867047,data/SYNTHETIC/05292.csv,5.2664877506240195
39.11685845271387,27.02293501245563,12.093923440258237,10.115244337670045,0,0,3.1122763582436304,1.3557794548872235,0.1850695078725752,3.5418213561187852,0.4351137410244699,18.05568183455153,17.497311624959305,1.2170087976539588,data/SYNTHETIC/05293.csv,29.001614115043825
14.15495419539639,10.308847057761794,3.846107137634597,1.9468958980896927,0,0,1.7647927636006182,0.3058022764217566,0.044301513129281905,2.1546902027032058,0.20495286148241226,14.114549730913785,13.271283587872036,0.17106549364613866,data/SYNTHETIC/05294.csv,12.208058297306698
24.46540258467565,19.431456629938456,5.033945954737193,11.862501246115343,0,0,1.9750051178894936,0.8379548594485379,0.0651042875581157,4.322289391144667,0.5453497536707945,8.175939171352223,0.2402385841599439,0.5425219941348978,data/SYNTHETIC/05295.csv,12.602901338560308
54.23931935831391,29.38570797950202,24.85361137881189,4.527735630311926,0,0,2.9533222406014645,0.7587979938984452,0.2681949672564703,1.7076369694064437,0.27664019888457614,33.27356191329739,32.348765617726855,0.8748778103616814,data/SYNTHETIC/05296.csv,49.71158372800198
7.937722394817732,5.298612764884155,2.6391096299335777,0.5924464638067555,0,0,2.2067652341914377,0.2393512774296464,0.043299877308631635,0.6238286982799252,0.09136494249791738,5.4221351738336,2.6612199115905897,0.42521994134897323,data/SYNTHETIC/05297.csv,7.345275931010977
30.56188985418521,19.021173604956605,11.540716249228607,8.173188573346208,0,0,3.1122763582436304,2.3764300775764453,0.16042446706997662,2.6722048454176095,0.32469846034351574,13.969461967629968,9.164774235155404,2.999371218172936,data/SYNTHETIC/05298.csv,22.388701280839
201.70556950184758,123.9563819985662,77.74918750328138,36.895808425430424,6,6,3.1122763582436304,3.823068825447543,0.23730387993945154,4.978524408224502,0.6687620626264217,6.318749623917314,1.3304721599146323,4.833822091886608,data/SYNTHETIC/05299.csv,164.80976107641715
60.37172765071098,33.79622895436527,26.575498696345708,2.5371786821623545,0,0,3.1122763582436304,0.6745147935776605,0.29382123703004176,1.388996002679075,0.20347681728156344,34.60051344930084,34.48892526388139,0.9433040078201369,data/SYNTHETIC/05300.csv,57.834548968548624
6.838022834656438,4.136647460277966,2.701375374378472,0.4858557713253108,0,0,0.9301629509582117,0.2310854097130317,0.045221660080336436,0.612446754175541,0.08529188375578421,8.889714164046193,-0.0495918395514745,0.7907395506639214,data/SYNTHETIC/05301.csv,6.352167063331127
14.87557622034409,8.833404172864585,6.042172047479506,0.9403376848113597,0,0,2.197777360443301,0.4505957466229072,0.19674539163474875,0.6014603977539509,0.11972095132818693,16.60597069369623,14.600946719396363,0.4643206256109478,data/SYNTHETIC/05302.csv,13.935238535532731
53.54239533329105,28.466064176272443,25.076331157018604,1.5409482556824363,0,0,3.1122763582436304,0.5292060608426891,0.21360902503983112,1.4717029755681759,0.16656481378083446,33.316593964449055,32.51167448340936,0.6793743890518087,data/SYNTHETIC/05303.csv,52.00144707760861
42.74536151914724,26.381444911764174,16.363916607383068,3.6665100715775525,0,0,3.1122763582436304,1.069354868555908,0.31021379065760285,1.925281339176858,0.25731162084330983,26.667958804072782,26.53658502962493,1.1094819159335287,data/SYNTHETIC/05304.csv,39.07885144756968
55.43722964680083,30.820707064144504,24.61652258265633,2.735788465220519,0,0,2.2617682497217753,0.8081904136980341,0.32260222140022177,2.278341267764439,0.23334551385469715,33.71369882547548,33.45644733907769,1.216211946963396,data/SYNTHETIC/05305.csv,52.701441181580314
55.114120038276276,30.79695199622041,24.317168042055865,6.171219307968973,0,0,2.5507543762420197,0.9853672631993196,0.17896765057297478,1.8077763827391418,0.3142165686185527,31.697152782301945,31.21860416190997,0.806451612903226,data/SYNTHETIC/05306.csv,48.9429007303073
60.36242483676866,38.655628388748745,21.706796448019915,1.8190364014330958,0,0,2.2473727690247305,0.2239903600850482,0.07092626198122737,1.2242114185327557,0.18948302993269003,31.670411505319535,30.73957171210936,0.37634408602150504,data/SYNTHETIC/05307.csv,58.543388435335565
19.340957949295877,11.818777053087738,7.522180896208138,1.9537976909664823,0,0,1.7569272528270334,0.2019709830711926,0.06558469112697578,1.491244716095938,0.18655242183100162,18.89834738164966,18.455866906870604,0.23949169110459412,data/SYNTHETIC/05308.csv,17.387160258329395
83.32373703863868,47.489801110602194,35.83393592803648,29.800945439838213,0,0,3.1122763582436304,2.1932434370151195,0.5828316127045533,6.5612956770693875,0.6950172312628086,28.497589772559078,26.5193484817122,2.047898338220919,data/SYNTHETIC/05309.csv,53.52279159880047
28.376765257352847,16.51514094060057,11.861624316752277,1.4029653601498577,0,0,1.4947315997888841,0.2875314818065065,0.07664915778766218,1.3243088169140949,0.16957576321118883,25.277748225591093,25.06414387074627,0.4865579805848006,data/SYNTHETIC/05310.csv,26.97379989720299
53.34498151171122,31.293328632919525,22.051652878791693,2.8655336946961603,0,0,2.9781641901311513,0.963890168926189,0.6728025926975525,1.3474785095306718,0.21421815455610116,32.791647363734064,32.615302672681366,1.021505376344086,data/SYNTHETIC/05311.csv,50.47944781701506
61.02791201880526,39.56538887591525,21.462523142890014,20.82333216401311,0,0,2.8918860531634225,2.475902102513226,0.6780215358410291,2.9518609056020706,0.6275781271900917,26.49403741569009,25.31635338116268,2.3313782991202348,data/SYNTHETIC/05312.csv,40.20457985479215
13.662035699096961,9.511784348212306,4.150251350884655,0.6823297286016603,0,0,2.090842352335414,0.174728291703719,0.06734247079049532,0.9034292072871309,0.10920869693197496,14.868151168121603,11.761524481223296,0.2101661779081132,data/SYNTHETIC/05313.csv,12.979705970495301
55.997527679890794,31.761784072878264,24.235743607012527,2.9048427857673316,0,0,3.1122763582436304,0.2243985986903975,0.08219756957583883,1.6814773571976371,0.242536509567253,34.59797396839445,33.64152137954268,0.35679374389051777,data/SYNTHETIC/05314.csv,53.092684894123465
38.06192097247727,21.40104466081856,16.66087631165871,1.6975270607491304,0,0,2.045497247900964,0.4585653690408443,0.1146418112353138,1.3821759465895096,0.17821163341678414,31.682270575908916,31.30074530797789,0.9939921579495896,data/SYNTHETIC/05315.csv,36.364393911728136
66.71617130157803,44.039466142012614,22.676705159565415,11.302046108202187,0,0,3.0649613329573455,1.4570206447047969,0.5105902545464538,2.319801039769269,0.4826331997143786,27.70587374926885,27.070137966210307,1.6959921798631479,data/SYNTHETIC/05316.csv,55.41412519337584
7.417899003172384,5.183516712130617,2.2343822910417677,0.5962732941762423,0,0,2.2930763399380667,0.2714395945309434,0.0393857985697384,0.6534674702389331,0.10386256806439949,6.629992534509796,-1.2812757819006188e-24,0.24926686217008776,data/SYNTHETIC/05317.csv,6.821625708996142
55.54501091625292,33.81187126866016,21.73313964759276,3.489227095273807,0,0,2.9430223738776586,1.050681956868616,0.39104240088324826,2.2166325870659542,0.26491140459212803,31.871235042045356,30.6859488229756,1.1485826001955033,data/SYNTHETIC/05318.csv,52.055783820979116
94.24885678060099,64.90732212910711,29.341534651493866,46.92507610235462,6,3,3.284865302301058,2.3338297447768817,0.4341112660962079,7.877150625239473,0.9110095175163945,16.194691341685356,-0.0738062537593254,5.0,data/SYNTHETIC/05319.csv,47.323780678246365
60.59432476364627,32.52923787327274,28.065086890373532,7.992007919890618,0,0,3.1122763582436304,1.415410692874426,0.652872096424627,2.50219152183927,0.37422412504766756,26.62168156821148,25.99427697165033,1.5802316206257665,data/SYNTHETIC/05320.csv,52.60231684375565
36.65808251077672,21.74304187989985,14.915040630876877,2.4190976906468316,0,0,2.905292527538938,0.3586797104245944,0.08627409921969065,1.10724924180697,0.1893699531804715,25.750198063864232,25.198806137766965,0.9433040078201369,data/SYNTHETIC/05321.csv,34.23898482012989
51.13210798940241,27.595656589232508,23.5364514001699,4.180963473134547,0,0,3.1122763582436304,0.7366627171215587,0.13691984826989817,1.922492212091876,0.2936721902577948,29.88397552332982,29.138470632143267,0.806451612903226,data/SYNTHETIC/05322.csv,46.95114451626786
95.6850135837391,78.09733561438136,17.587677969357735,25.552914262451658,0,0,3.1122763582436304,2.522672256471625,0.554393118406225,2.616400388706397,0.6073217468018344,11.966549637072887,5.344214187008393,2.126099706744868,data/SYNTHETIC/05323.csv,70.13209932128746
46.54686482961009,35.13068006927128,11.416184760338808,6.396507218115909,0,0,2.0110412099175417,0.7506625841317164,0.07760218391597856,2.216767886480065,0.32696652070404386,17.607446983165442,8.742096044975266,1.587820584917354,data/SYNTHETIC/05324.csv,40.15035761149418
72.60369239752643,49.167824122998304,23.43586827452813,4.456100221175673,0,0,3.1122763582436304,0.4486538365319041,0.18173579877387241,1.9765118792399379,0.2859351661360977,31.67570714199639,31.55079494086263,0.5229716520039105,data/SYNTHETIC/05325.csv,68.14759217635076
22.55270928135952,16.1752601484075,6.377449132952018,4.4452040361362,0,0,2.10391395892041,0.8387117049922559,0.18848311951485294,1.3999119440788237,0.2785781098293804,14.067644454695813,13.792649911335452,1.3538611925708701,data/SYNTHETIC/05326.csv,18.10750524522332
55.70683397770976,31.03762499590777,24.669208981801997,2.8688556502968754,0,0,3.1122763582436304,0.5183658779772985,0.13136618700975236,1.3817883139359939,0.22900962544313352,32.30673405786939,31.110771727732573,0.562072336265885,data/SYNTHETIC/05327.csv,52.83797832741289
38.81030697217987,25.193267629346554,13.617039342833323,2.607653991816508,0,0,2.2453374889813675,0.3471367709878178,0.056227211667202716,1.9743624232811878,0.23537487975614468,23.230579489515485,11.679457738129786,0.21994134897360684,data/SYNTHETIC/05328.csv,36.20265298036337
66.03738722690397,37.88129655618794,28.15609067071604,5.5739013846477174,0,0,2.756627049163218,0.4187218560484607,0.10324285923068921,2.281415722056501,0.3315405829054622,33.85220645433605,33.74148922094258,0.43499511241446687,data/SYNTHETIC/05329.csv,60.463485842256254
49.394978120360506,30.41590024629181,18.9790778740687,4.138139450459949,0,0,3.1122763582436304,0.7522366420128612,0.3595164211355006,1.4763531537655654,0.28893214467178063,30.83359623531089,30.23635147368677,1.4027370478983379,data/SYNTHETIC/05330.csv,45.25683866990056
27.513044829616273,22.09592506291051,5.417119766705764,1.3923911796625208,0,0,2.8321523595425107,0.2733377450593717,0.03256530706859569,2.184137686283709,0.20473356012197258,11.804472307566579,8.114601861369032,0.5718475073313787,data/SYNTHETIC/05331.csv,26.120653649953752
10.475488929073522,6.385108486308957,4.090380442764565,0.40465715133668273,0,0,1.2578717732813074,0.1390347951154914,0.043691152938597766,0.688738481747774,0.08448792575226556,14.375378804602143,8.65867062200717,0.2073596692122872,data/SYNTHETIC/05332.csv,10.07083177773684
25.083778613772864,12.470175691032228,12.613602922740636,13.332629877571769,0,0,3.1122763582436304,1.8434435971382368,0.270597576100206,2.9359833704781666,0.4437571945738114,9.638434662861073,3.2984373879128066,1.7839687194525906,data/SYNTHETIC/05333.csv,11.751148736201095
46.08757284637643,28.222093863341424,17.865478983035004,1.8904449504616907,0,0,3.1122763582436304,0.6599040981086338,0.3236289227669126,1.4868988216329653,0.18268857961341103,29.971004327428073,29.316011336228406,0.7184750733137832,data/SYNTHETIC/05334.csv,44.19712789591474
49.14829526720199,29.75251587261755,19.395779394584434,0.7901846676848573,0,0,3.1122763582436304,0.1502250389078551,0.05410073347651464,0.806235184100776,0.12195702425132045,28.7403026971736,26.626520764995085,0.40566959921798595,data/SYNTHETIC/05335.csv,48.35811059951713
48.93344849070027,26.611179107205828,22.322269383494444,0.5835153115098677,0,0,2.634335295319187,0.1364112279696229,0.0388526001559333,0.55094197808374,0.11389371521709747,30.331980396897634,30.14516440994001,0.32746823069403685,data/SYNTHETIC/05336.csv,48.3499331791904
31.00212376294882,18.35020345901135,12.65192030393747,0.5142190320308315,0,0,1.885567828530831,0.1919353475722267,0.07572501271391395,0.492556698751578,0.10367333494820329,24.16261460489771,22.12513413175937,0.29814271749755594,data/SYNTHETIC/05337.csv,30.48790473091799
20.149931019893685,14.593910746349312,5.556020273544372,0.018299108784757108,0,0,3.1122763582436304,0.0507893781924184,0.012626981518965592,0.165016169508624,0.0193735677548407,7.059163977730569,1.4158545876559276,0.43499511241446687,data/SYNTHETIC/05338.csv,20.13163191110893
82.79475305099298,51.113463310166,31.681289740826983,32.56589592517675,0,0,2.5916302024185653,2.235377205708569,0.34018635643933914,5.308009028944867,0.8186960915765433,25.916736581211456,21.80262532530525,2.2531769305962857,data/SYNTHETIC/05339.csv,50.22885712581623
72.55002997923822,39.587502804641304,32.962527174596914,14.268283490971811,0,0,3.1122763582436304,2.3078915026040057,1.2352512892439402,2.6123386045537123,0.5012901147581802,32.20737958351376,31.894854014800288,2.4780058651026393,data/SYNTHETIC/05340.csv,58.28174648826641
28.113989912883078,18.580146503839906,9.53384340904317,0.8183538331743482,0,0,2.7438063542841054,0.1142785351935212,0.04314829998588891,1.1251632083354208,0.12249597064071346,19.000749578112167,10.598694468909832,0.2883675464320623,data/SYNTHETIC/05341.csv,27.29563607970873
121.30441318941948,83.23130529769163,38.073107891727844,74.37539082238125,0,0,3.1122763582436304,2.686502793813522,0.5442444580571036,12.732456069320463,1.1121471254814594,14.463439951833658,0.9068209637481244,2.497556207233626,data/SYNTHETIC/05342.csv,46.92902236703823
18.153000326495814,11.993481299100932,6.159519027394884,0.45718303507195873,0,0,2.1462554062093155,0.1448816829759016,0.03241343193814796,0.6560393096634299,0.09162624282292706,16.173104526164412,2.426437397033177,0.2101661779081132,data/SYNTHETIC/05343.csv,17.695817291423854
50.03243322528324,29.74337988154705,20.289053343736192,13.292789918970813,0,0,2.9968218930301584,1.8919129668769432,0.26805689708616426,2.9187932926863955,0.4590393150091709,26.93729054425821,26.750813400643747,1.989247311827957,data/SYNTHETIC/05344.csv,36.73964330631243
23.946301943931743,14.422037880187782,9.52426406374396,1.1232189095759535,0,0,2.64643600856845,0.8032928810696583,0.2347532197088013,0.940530081312822,0.13942214296741992,21.34222492378545,20.20548446640286,0.8748778103616814,data/SYNTHETIC/05345.csv,22.82308303435579
11.226873831375714,8.575790019818118,2.6510838115575965,1.6212842758152595,0,0,1.8045815411947843,1.1638482005196116,0.08444672310226595,1.7392561260556305,0.18418801984367894,2.4344853330581917,-0.0547114885068151,1.276484101405981,data/SYNTHETIC/05346.csv,9.605589555560455
38.73628567727209,22.118516419459837,16.617769257812256,8.341917924267452,0,0,3.09767715431513,1.3853110593850406,0.80941409062459,3.07355755084786,0.3703436784617837,26.763311628075115,24.790559199013472,1.4711632453567933,data/SYNTHETIC/05347.csv,30.39436775300464
33.872071664089255,21.7709637148566,12.101107949232658,6.431148814066065,0,0,3.1122763582436304,1.6517634653525373,0.39676616095541384,3.808562979287158,0.3192351796765486,15.997773061784292,0.8426996587253035,1.6177908113391983,data/SYNTHETIC/05348.csv,27.440922850023192
50.52964460758505,26.82555466467884,23.704089942906208,1.1886755099228863,0,0,2.769091398959321,0.5455115981824704,0.3032692679779794,0.8977444500435566,0.1570928432608871,32.883144352335215,32.69207499613636,1.6778697224951085,data/SYNTHETIC/05349.csv,49.34096909766216
39.359232281827396,23.663475009064538,15.695757272762858,1.5119900761644018,0,0,1.602911471011922,0.1969137842258574,0.06444697649508267,1.053761954019779,0.1678186660078763,27.543796891331237,27.28680422494782,0.3861192570869987,data/SYNTHETIC/05350.csv,37.847242205662994
13.544626564102073,9.380006195268596,4.164620368833477,0.961333468932037,0,0,1.9900866621608422,0.2779778701165048,0.04616395970272014,1.249338228494127,0.1341674154874551,15.200775358854408,11.773737518790243,0.2101661779081132,data/SYNTHETIC/05351.csv,12.583293095170035
6.940364006768528,5.726181990093098,1.21418201667543,0.7376742873446485,0,0,0.9768120015316089,0.3128636677882843,0.09260907552111206,0.742509562422348,0.11071794790013893,4.543514865545791,-7.697987649712416e-27,0.3079178885630496,data/SYNTHETIC/05352.csv,6.202689719423879
158.5469673312341,91.0580848619435,67.4888824692906,5.015319885631431,0,0,3.1122763582436304,1.803636574093772,0.49762938114496746,1.728960136911336,0.2718427830311451,37.572783017407076,37.040948090677546,1.9501466275659824,data/SYNTHETIC/05353.csv,153.53164744560266
35.229429253881385,22.577508949943915,12.65192030393747,1.4292206918558705,0,0,2.3300600103692473,0.2577285510555895,0.06992864703893491,1.6464230241981108,0.1796630353543743,24.659994612275206,23.98805900318913,0.3176930596285432,data/SYNTHETIC/05354.csv,33.80020856202552
36.94522823410465,23.30903020067285,13.636198033431793,2.318957138287286,0,0,3.1122763582436304,0.6852028154020062,0.3365507307581184,1.214169097159052,0.20767415750397508,23.595517030327574,23.289615820608137,0.7752489315280028,data/SYNTHETIC/05355.csv,34.62627109581736
16.783554121493015,10.209728409907108,6.573825711585908,2.0588202208622954,0,0,2.194356972189584,0.3060130949841456,0.06685161993629685,1.976868361476079,0.201005228723819,16.532043841782468,10.173016545824597,0.27859237536656867,data/SYNTHETIC/05356.csv,14.72473390063072
71.17800169635223,38.335216337995476,32.84278535835674,33.126856005727966,0,0,3.1122763582436304,2.89450914735266,0.6192583255351602,3.4794596458611724,0.6577840492920349,18.563944945639435,15.487343314501162,2.8592375366568916,data/SYNTHETIC/05357.csv,38.05114569062426
253.34029826317175,164.00799393353114,89.33230432964059,37.78001505977307,4,4,3.1122763582436304,3.625654072686181,0.3660760794264584,3.203165454262462,0.6720945012712515,15.607436349975469,4.338469470877811,4.198435972629522,data/SYNTHETIC/05358.csv,215.56028320339868
30.83193704588868,18.237492813746474,12.594444232142207,1.8392414202128546,0,0,3.0214997886257597,0.6319709971185886,0.35040415284426096,1.738151266108824,0.17315278127729772,25.198363137382984,23.39649010326984,0.8454603672218681,data/SYNTHETIC/05359.csv,28.992695625675825
37.74903320497509,21.93353411597205,15.815499089003037,1.956884028459491,1,1,2.594313227989039,0.2149944500016994,0.053124075027857584,1.578850173152504,0.20150240052907328,28.26983946763313,27.801591367995425,1.164122036205114,data/SYNTHETIC/05360.csv,35.7921491765156
18.14454310792737,10.866635516849197,7.277907591078173,1.1359140950085116,0,0,1.7366390793948143,0.8119444425752316,0.16872443614517818,1.061443495135858,0.1411553999727524,16.059044832469322,4.21706874883982,0.7767509636060538,data/SYNTHETIC/05361.csv,17.008629012918856
48.88105042962274,28.879377444862985,20.001672984759754,4.08388338143496,0,0,3.1122763582436304,1.413284383028138,0.4054322798303322,2.111084754398127,0.2557013179977235,23.402641542768087,20.659051244821715,1.7154470247054852,data/SYNTHETIC/05362.csv,44.79716704818778
53.54511963738461,39.07312372659638,14.471995910788232,28.942295979229144,0,0,1.720634783187083,1.054995138585343,0.11225938141137962,6.378945495659152,0.6851101169279223,13.069365877952869,1.7119138843231358,0.7869012707722387,data/SYNTHETIC/05363.csv,24.602823658155465
59.09369519641631,30.951973543649057,28.141721652767256,9.887621700619,0,0,2.235214225860477,1.6091900255654388,0.48843759378359125,2.149329362151089,0.3755109852187119,31.575434327198103,26.33866250216216,2.077205248972224,data/SYNTHETIC/05364.csv,49.20607349579731
57.51765016812672,35.85635561027804,21.661294557848684,22.20947999738137,0,0,3.1122763582436304,1.6939439494204072,0.5161406790206692,2.673687488877235,0.5830884222588413,17.59379650586775,2.343134771232777,3.416422287390029,data/SYNTHETIC/05365.csv,35.308170170745356
44.5251704554838,29.15990059554383,15.365269859939975,7.342315288645537,0,0,3.1122763582436304,1.1200122028906516,0.3279446224881516,3.1987656157332354,0.42785990366234455,24.636474771795573,21.69024148148596,1.5102639296187688,data/SYNTHETIC/05366.csv,37.182855166838266
4.390818524882932,3.2149538894043603,1.175864635478572,0.022567762506855583,0,0,1.4219223510782864,0.0708623103971823,0.005914264873094758,0.236839404140882,0.023168315278046043,1.5003755046273353,-0.0603742887297335,0.23949169110459412,data/SYNTHETIC/05367.csv,4.368250762376077
48.78589040281861,28.92311792489747,19.86277247792114,2.246886941193429,0,0,2.1961585592330377,0.3249811405871103,0.11015273167073719,0.8725374409420109,0.1934077976177122,27.95267776323487,27.82974436575057,0.40566959921798595,data/SYNTHETIC/05368.csv,46.53900346162518
41.479390361379,28.865787438638378,12.613602922740617,2.469523341972451,0,0,3.1122763582436304,1.0000694361905669,0.2413687585124375,1.8950143319853607,0.21308813093251366,15.033383163679979,13.634079369855462,0.8944281524926687,data/SYNTHETIC/05369.csv,39.00986701940654
116.24728522291039,47.853154622844016,68.39413060006638,61.03528368702035,1,1,3.1122763582436304,3.3838454908345024,0.8430321987623833,3.8183724269772714,0.9194203979434006,18.22041541221047,15.10505168746911,3.6217008797653953,data/SYNTHETIC/05370.csv,55.21200153589004
32.542096275483516,19.042403912565543,13.499692362917973,7.427064537664771,0,0,3.1122763582436304,0.9805390723592896,0.33786399237966214,2.4010001706388064,0.3440091095672024,21.69954215995941,18.6680147501554,0.9903231901563396,data/SYNTHETIC/05371.csv,25.115031737818747
58.74830474896894,33.650420065027106,25.097884683941835,6.450223228116025,0,0,2.5151013463651313,0.8249842429683163,0.1258671777525578,4.09135669574435,0.3714904239153805,32.05596990518176,27.77466615445672,0.8260019550342133,data/SYNTHETIC/05372.csv,52.29808152085292
44.30807570696517,25.716961317514723,18.591114389450446,1.6537240192873626,0,0,2.704015253523701,0.7002953032943783,0.15540511607440993,1.6415383134460426,0.17084983036474735,30.257039329844066,30.105100032085737,0.8357771260997069,data/SYNTHETIC/05373.csv,42.65435168767781
61.68738951801237,38.99392050417336,22.693469013839003,4.761006162770307,0,0,3.1122763582436304,0.7617214910165644,0.09165312267628671,2.1173867477692263,0.29005829349410744,32.02074774972129,29.685550457819204,0.8803713933517054,data/SYNTHETIC/05374.csv,56.92638335524206
48.81406844351673,32.866853356649486,15.947215086867244,6.8620484035358125,0,0,3.1122763582436304,0.9614100311892384,0.08720794511098016,2.9470896580398196,0.33324569017391276,13.904164030625214,0.3500693416695269,0.7282502443792769,data/SYNTHETIC/05375.csv,41.95202003998092
67.43911894571275,45.93109391265151,21.508025033061244,23.356875774313835,0,0,3.1122763582436304,2.72058338799542,0.5488312922808408,3.332759879458358,0.553736145165803,17.217151695374888,9.05056845282004,2.478005865102639,data/SYNTHETIC/05376.csv,44.082243171398915
129.18869016473815,47.505900178695484,81.68278998604266,30.196344320270054,3,2,2.9447343380699222,3.659035706137647,0.36220125152076227,2.644092272283196,0.5768168638193397,15.471741329625626,7.08331111382836,4.269794721407624,data/SYNTHETIC/05377.csv,98.99234584446809
4.431353194121912,2.9633185270172993,1.4680346671046127,0.06453146814390032,0,0,1.6582994165661524,0.055333108681493,0.015049759730450023,0.45352733905153,0.03482656198247093,8.726853544469625,6.956190352746861,0.1982483233451846,data/SYNTHETIC/05378.csv,4.366821725978012
108.47787939183544,72.44996172148991,36.02791767034553,24.3692431900991,0,0,2.7171628032394732,1.4819692859524394,0.3084828853712972,6.476036612395301,0.7137571059032372,28.595496038564796,28.15056967303935,1.1388074291300097,data/SYNTHETIC/05379.csv,84.10863620173635
50.33095688639675,29.34740100846752,20.983555877929227,2.3228824808381203,0,0,2.754158267155726,0.3686992066900212,0.09974168386003324,1.1499408617393039,0.21620132066973488,31.20804905858293,31.009251801608105,0.45454545454545414,data/SYNTHETIC/05380.csv,48.00807440555863
52.96450621596139,27.921702767490043,25.042803448471346,3.6358765014279717,0,0,3.04887021705923,0.2643010800836479,0.0987688879465832,1.565389554415313,0.25641538848984674,31.057225551828257,30.703872720130008,0.3861192570869987,data/SYNTHETIC/05381.csv,49.32862971453342
9.81056504341315,6.769122910912567,3.0414421325005843,0.5091534532508881,0,0,1.5146116837907546,0.1739327178079315,0.03919746473634998,0.6578649134606409,0.09570274294216258,9.138853693699337,-0.0544773086949064,0.19061583577712593,data/SYNTHETIC/05382.csv,9.301411590162262
65.81502466230276,38.676739429628256,27.138285232674512,3.028336983849785,0,0,2.8675249774605063,0.8425478731247684,0.1425442515451931,1.3192030558494594,0.21716137064352461,34.01580352537109,33.65281853192101,0.9433040078201369,data/SYNTHETIC/05383.csv,62.78668767845298
70.24984974697597,38.18778103050522,32.06206871647074,3.5478802676049037,0,0,2.4825881446061198,0.4522293663370022,0.09769967881697837,1.277816080163624,0.25603023928183455,32.96896079110867,30.743680962454537,0.7342611264730935,data/SYNTHETIC/05384.csv,66.70196947937106
41.43619137530389,24.55738495808805,16.87880641721584,1.7432499078964316,0,0,1.8562018494807149,0.3850501485202115,0.06181476291692901,2.0842543871011268,0.18356285339965941,27.397522325736837,25.689152736978684,0.3079178885630496,data/SYNTHETIC/05385.csv,39.69294146740746
60.438594537710955,34.48575328581419,25.952841251896764,2.1519089538548086,0,0,3.0110584107967155,0.7367699798709917,0.3430204307769717,1.2103895604789072,0.1953260087089217,32.24385473821533,31.611382141937742,0.7575757575757578,data/SYNTHETIC/05386.csv,58.28668558385615
83.09965495063827,55.252498165821905,27.847156784816367,1.3684473183894497,0,0,3.1122763582436304,0.125313859874002,0.04484118894154612,1.379775902355475,0.18834779846880198,33.80462309724343,32.88047036806283,0.4154447702834796,data/SYNTHETIC/05387.csv,81.73120763224881
72.58494486804406,55.01163591663515,17.573308951408908,15.139684262252647,0,0,3.0844614187089308,2.044487151834771,0.5382467700348692,2.9515164807797256,0.5299796984826524,16.551191141080963,12.1141515261902,2.038123167155425,data/SYNTHETIC/05388.csv,57.44526060579142
58.907167118502336,30.638519140520472,28.268647977981864,17.68060314080375,0,0,3.0975933851590693,2.5505922638807403,0.588872007195167,2.335507592118744,0.47792933853996694,17.143769854688898,0.3037478827530061,2.90811339198436,data/SYNTHETIC/05389.csv,41.22656397769859
357.091293125519,262.073348006254,95.01794511926501,37.13639637893052,5,5,3.1122763582436304,3.833268986602506,0.30175589442945583,3.646339950533577,0.645762324935495,12.192250877254542,-2.0121791756632733e-06,5.0,data/SYNTHETIC/05390.csv,319.9548967465885
16.139958573915095,10.239081869599001,5.900876704316094,0.4219727958308914,0,0,2.6878980815444042,0.1107843871397337,0.04371913194630413,0.7317979901459489,0.08611812863299065,17.676094493155453,6.422379919344919,0.21994134897360684,data/SYNTHETIC/05391.csv,15.717985778084204
21.14907962075522,14.184895588226324,6.9641840325288955,0.2993890608129741,0,0,1.8323781546438267,0.1084193607492193,0.04156296550964583,0.367477049738697,0.07104584023689295,18.542606409955713,15.206083432242542,0.22971652003910048,data/SYNTHETIC/05392.csv,20.849690559942246
50.113757083990066,29.731305123586537,20.38245196040353,0.9668060538441074,0,0,2.547354256492543,0.6835931407218246,0.10833491793937952,0.990688690068694,0.12919632582481663,32.51662815662997,32.32930803034652,0.7966764418377323,data/SYNTHETIC/05393.csv,49.14695103014596
66.01043296684233,37.55498775552584,28.455445211316487,2.042708539238867,0,0,3.1122763582436304,0.4816203129824413,0.10085180967622055,1.7063021441000288,0.2064944687042659,33.6619857207425,33.328888158468224,0.4447702834799605,data/SYNTHETIC/05394.csv,63.967724427603464
56.49423861680546,35.9537274589649,20.54051115784056,3.73165681584668,0,0,3.1122763582436304,0.2321274224910657,0.09693050168888113,1.8280080177104758,0.2758212499157827,32.06380961986894,31.64425458640789,0.43499511241446687,data/SYNTHETIC/05395.csv,52.762581800958785
28.675641490835407,16.59129739587638,12.084344094959025,3.7255093272134876,0,0,2.4500295651604773,1.175614390135387,0.2969000199951663,1.6134220792593608,0.23643817379850157,23.278886786334784,14.920697696996749,1.3831867057673506,data/SYNTHETIC/05396.csv,24.95013216362192
51.059384330716355,33.28490912802396,17.77447520269239,1.8824131439096736,0,0,2.73935083464366,0.213195838123366,0.061341426985604575,1.500487765099126,0.2053737490633415,28.384730740690983,27.835727157155983,1.0163867100359452,data/SYNTHETIC/05397.csv,49.17697118680668
40.85860691922774,28.41503737554817,12.443569543679569,10.21944128558808,0,0,3.1122763582436304,1.9333476139119257,0.3435296895027702,2.404695309942493,0.39278410065777014,18.033164546254167,8.37643724143413,1.7546432062561097,data/SYNTHETIC/05398.csv,30.63916563363966
31.402932352899217,18.061299187418296,13.341633165480921,6.01186270380525,0,0,2.4523682147523678,1.5673685647506588,0.34516768245592905,1.8688650990955813,0.308999629504432,14.83407561456911,-0.056790872958125,1.6764418377321602,data/SYNTHETIC/05399.csv,25.391069649093968
29.7746091686248,17.757320490760286,12.017288677864514,2.0662802525648085,0,0,2.593526884805494,0.2854593630916774,0.08347045822873297,1.049457287369615,0.19111572475897526,23.376324743728386,22.2223706064118,0.4146433962288965,data/SYNTHETIC/05400.csv,27.70832891605999
28.87732417809111,16.443333979710758,12.433990198380354,4.6915306822087555,0,0,2.4483703962209367,1.0227760115858806,0.2453596595984749,1.7058335405593084,0.2742645900393441,21.161852287506743,19.459817260677323,1.1192570869990224,data/SYNTHETIC/05401.csv,24.185793495882358
15.743068695134937,11.470680691685295,4.272388003449642,0.7637119848217575,0,0,3.1122763582436304,0.5107428641228202,0.20983310811569533,1.048766293115075,0.12255834708260377,11.061156852702382,2.461615374396088,1.6080156402737047,data/SYNTHETIC/05402.csv,14.97935671031318
69.46009733722654,40.32451860966577,29.13557872756077,3.936871734190592,0,0,2.667966011134637,1.3996188833282623,0.5811018193093049,1.1665789307054486,0.24693504707447797,33.75127941378992,33.54425564666802,1.4711632453567938,data/SYNTHETIC/05403.csv,65.52322560303595
53.15888276167043,28.58307239653575,24.57581036513467,6.78450662631872,0,0,2.736119608688191,1.472870532781731,0.4841690588390415,1.7162527725554488,0.3225100823143476,28.627602588908623,28.28191103046432,1.5102639296187683,data/SYNTHETIC/05404.csv,46.37437613535171
51.66124939652216,28.0769012698562,23.584348126665958,8.226564331346957,0,0,3.1122763582436304,1.1832150969166593,0.31780047931925226,2.208019811025813,0.3662561838799479,26.62630437631646,24.07011266034191,1.2267839687194524,data/SYNTHETIC/05405.csv,43.4346850651752
12.482694198467291,8.078590197153444,4.404104001313847,0.6427490560143271,0,0,1.483594084589578,0.6322081774985607,0.07393000928448164,1.2193801854631792,0.10879380121222326,13.285573113383629,1.953767168243214,0.8175597351772508,data/SYNTHETIC/05406.csv,11.839945142452963
40.368623095336034,23.25033304563983,17.1182900496962,1.423038532841225,0,0,2.3593080700545914,0.2405719344909811,0.040058470763068524,1.111914788829057,0.162857049487695,18.97427089279149,1.0787227691454535,1.488580304479834,data/SYNTHETIC/05407.csv,38.94558456249481
62.715594529583534,36.870520912302965,25.84507361728057,13.995468052893637,0,0,2.30433124963787,0.9024704989072788,0.10420675909804064,3.2928848610467547,0.4907686172332039,28.982415329460217,27.318810326650944,0.8260019550342133,data/SYNTHETIC/05408.csv,48.7201264766899
16.51936864617297,11.039983135022313,5.479385511150658,1.025345615686417,0,0,1.7919576940716961,0.1745568229429848,0.06520082314701185,0.887206122374341,0.13342146295434335,17.596855813452134,14.776003408661962,0.4073701523881786,data/SYNTHETIC/05409.csv,15.494023030486554
31.663536844327183,19.69653972928354,11.966997115043641,5.989869517570463,0,0,2.982749982613389,1.2278413714110528,0.2464220347617123,2.0314152068613187,0.2952358227708657,21.778999811689054,21.31637419424876,1.2952101661779079,data/SYNTHETIC/05410.csv,25.67366732675672
42.722032278052566,25.52471262963784,17.197319648414727,0.9236067024927772,0,0,2.676374317702551,0.5849847209007931,0.15884917558642703,1.2792859175857179,0.1331566832844384,26.436532167313143,23.20519989079883,0.6109481915933532,data/SYNTHETIC/05411.csv,41.79842557555979
48.83176116795396,26.413698331467373,22.418062836486587,1.9481053571425784,0,0,2.9630319663670766,0.3336479675947891,0.07164572292271068,1.0996630926584368,0.19290740148088117,31.436465599358968,31.303814114274548,0.43499511241446687,data/SYNTHETIC/05412.csv,46.883655810811376
42.86164135702886,23.983146608602,18.87849474842686,4.980929961174405,0,0,2.7434214690639176,0.9976515060637982,0.4708649828500178,1.6032672332923221,0.2921243138718574,27.466099133591353,25.120551000596336,1.3303195666975485,data/SYNTHETIC/05413.csv,37.880711395854455
32.88494711010295,22.69731338438838,10.187633725714571,13.318447581277514,0,0,3.1122763582436304,1.980591794205808,0.3174250323286972,2.718383170394023,0.442551427086916,9.472393817450772,-0.0525272165732357,1.9012707722385143,data/SYNTHETIC/05414.csv,19.566499528825435
9.396009356133117,5.942655375766303,3.4533539803668147,0.7045313559695472,0,0,2.441285440817563,0.6769628654008034,0.25626419036479686,0.8415248421998678,0.11124656893764905,9.613702577459353,-0.0604439892571615,0.920929603893369,data/SYNTHETIC/05415.csv,8.69147800016357
42.14589488179389,25.91129943595022,16.23459544584367,1.4570357520037334,0,0,3.1122763582436304,0.2349125190930029,0.07116107588447376,0.9503914794901599,0.16862776748122224,27.96469094668465,27.466085265006004,0.42521994134897323,data/SYNTHETIC/05416.csv,40.68885912979016
27.509805973198702,18.814155277836797,8.695650695361907,1.7037031758453607,0,0,3.0150605567417323,0.227503484948879,0.07866696921538419,1.9303458036435879,0.21232787804936296,20.168119597894645,18.86665870282404,0.3079178885630496,data/SYNTHETIC/05417.csv,25.80610279735334
33.258662516929085,18.781876933491258,14.47678558343783,3.7465618011779647,0,0,3.0065026822226404,1.3365027674973364,0.3448543661049652,1.5512205675979995,0.25770334569380837,26.108753811017845,25.265477459798323,1.3538611925708697,data/SYNTHETIC/05418.csv,29.51210071575112
2.453953302427731,1.4313581917365896,1.0225951106911415,0.11994974552484365,0,0,0.9238374162757599,0.2860736823184312,0.041206533962186154,0.475806478492834,0.04344598696533982,5.340170775427022,1.5638939050396476,0.4769395923527673,data/SYNTHETIC/05419.csv,2.3340035569028874
2.600907645427758,2.2129441608095735,0.38796348461818475,0.0003240908763206223,0,0,1.6332852267432427,0.011616185571236,0.002357661359868898,0.020821643232122,0.0022707286442499143,1.3478977860131067,-0.0466003812799489,0.14173998044965774,data/SYNTHETIC/05420.csv,2.6005835545514375
50.01114655394609,31.858287211934734,18.15285934201136,1.163825693166451,0,0,2.285296968179758,0.1674686404122942,0.05944231982695335,1.154835323036974,0.14676161193328172,28.58712214264147,26.495724800127704,0.7478005865102642,data/SYNTHETIC/05421.csv,48.84732086077964
19.16734458309554,14.981170687338832,4.18617389575671,4.061035023473844,0,0,1.8628518563897012,0.3890705540429618,0.04718614923916693,2.459583691712174,0.2850490051063794,9.682069141452052,0.0,0.37634408602150504,data/SYNTHETIC/05422.csv,15.106309559621698
30.88446806813859,18.67798732061459,12.206480747524001,3.917065285263843,0,0,2.364778074998533,1.1944607007345551,0.26253317730472625,1.81580342196064,0.26056885711295774,26.242248829114022,22.67933416855821,1.0899315738025415,data/SYNTHETIC/05423.csv,26.96740278287475
64.50131994109225,32.9541410344543,31.547178906637946,1.2694629585782276,0,0,3.1122763582436304,0.3082500088435515,0.0899772836491349,1.264142913151236,0.16547433842786902,36.318791545103444,35.47875965964072,0.5333219151167382,data/SYNTHETIC/05424.csv,63.23185698251402
4.126571410716023,2.2298610414715645,1.8967103692444591,0.2838038276381423,0,0,1.0379075009897887,0.1120223757530509,0.025962796467351397,0.7698437966364888,0.07319830118345928,7.898308125996011,-0.0637849974828231,0.1319648093841641,data/SYNTHETIC/05425.csv,3.842767583077881
104.68707395916951,63.452782118700924,41.23429184046859,15.053307072180528,0,0,3.1122763582436304,2.871121891215478,0.565687494479898,3.3566669252056456,0.49245731361754197,28.003091647491637,26.939707218572345,3.0547409579667644,data/SYNTHETIC/05426.csv,89.63376688698898
47.6373518720261,26.117352657340874,21.51999921468523,1.9533791316588827,0,0,2.90804135877134,0.2101341242582352,0.07268519372798281,1.2036602957573148,0.18678200017679045,32.20636163884964,32.00980900889131,0.29814271749755594,data/SYNTHETIC/05427.csv,45.68397274036722
20.654003561213333,15.047691724848084,5.60631183636525,2.445144023239792,0,0,1.9733775153556405,0.3983363315489518,0.0699348907092578,1.628532498737957,0.22556870518234917,17.519949343977597,6.438310175432457,0.37634408602150504,data/SYNTHETIC/05428.csv,18.20885953797354
52.480574040705974,32.112491098251276,20.368082942454695,1.1628289478532188,0,0,3.082912090539067,0.172571238066397,0.050110326810889595,0.721573240489214,0.1528035429914611,31.657407417587205,31.191364532741293,0.3861192570869987,data/SYNTHETIC/05429.csv,51.31774509285275
53.0380638381868,33.189660378214484,19.848403459972317,2.2749453163601396,0,0,3.1122763582436304,0.8314002119509947,0.11211879172583938,2.057589454702875,0.22233738155507024,30.465526076096204,28.100957731258724,0.8971921860107006,data/SYNTHETIC/05430.csv,50.76311852182666
65.69791013081013,41.009542458409676,24.688367672400453,8.784866788612213,0,0,3.1122763582436304,0.8465275604053971,0.18889990729035552,4.130828045883412,0.43016032709265306,29.213847788297425,28.238258902872573,0.8162267839687196,data/SYNTHETIC/05431.csv,56.913043342197916
58.691232281633006,33.88791246564199,24.803319815991014,7.351659596819594,0,0,2.8702041836146996,1.7370646296497854,0.40189905480230187,2.668873229476705,0.3823247224373021,30.166535031914105,29.87145921299769,1.666666666666667,data/SYNTHETIC/05432.csv,51.33957268481341
42.61292310626676,23.04232065997163,19.570602446295137,2.62957124772611,0,0,2.315514725400114,0.7121905525152766,0.21024813397570405,1.3298448299848438,0.22287150306871484,29.388408716478953,28.427771940118053,0.7282502443792769,data/SYNTHETIC/05433.csv,39.98335185854065
70.56524398809671,37.70329993914155,32.86194404895516,2.4060848091951783,0,0,2.591139613529119,0.5200085195024055,0.16487186625196787,1.594198874042995,0.24426987010320267,33.62391949712741,33.13898070088967,0.5522971652003914,data/SYNTHETIC/05434.csv,68.15915917890153
40.054731848650725,25.968304586155877,14.08642726249485,11.301986234124831,0,0,2.6960795285342587,0.856039850604069,0.17531229081361865,3.2067866237483638,0.44002493757817784,21.026612813926626,19.49072849264209,0.698924731182796,data/SYNTHETIC/05435.csv,28.752745614525892
25.907626386343058,18.545899523896757,7.361726862446301,8.908466221407847,0,0,3.1122763582436304,1.5226185295019925,0.16942324940942605,2.1579657830209285,0.3507403057406399,14.491070080386207,12.28660395421174,1.344086021505376,data/SYNTHETIC/05436.csv,16.999160164935212
44.60231109601951,26.030355397167526,18.571955698851987,3.092040818159332,0,0,2.48845929365986,0.1883016556603113,0.05620047723745577,2.413037619451398,0.2883039817740811,30.29427642540613,29.88065000025148,0.21994134897360684,data/SYNTHETIC/05437.csv,41.51027027786018
30.330668484021707,17.293179531790837,13.037488952230872,3.299601610414077,0,0,2.5143166620024084,1.2706895426174851,0.32091324745362876,1.2484778161661603,0.23023857199242295,19.877448565714307,11.458885172687223,1.2854349951124147,data/SYNTHETIC/05438.csv,27.03106687360763
75.88433234612839,40.447939248009334,35.43639309811905,26.078263696442857,0,0,3.1122763582436304,3.0629650208633508,0.3516355483183885,3.4186811872141885,0.567349017526375,12.41550618791752,5.836100676400447,3.1915933528836753,data/SYNTHETIC/05439.csv,49.80606864968553
20.237101775700772,12.700551861543813,7.536549914156959,0.8844488912197047,0,0,2.34700162510821,0.1633813147776779,0.04294869869914235,0.940927813744678,0.12936648215784263,19.515414875154807,17.939356632953537,0.27859237536656867,data/SYNTHETIC/05440.csv,19.352652884481067
57.99440264094039,33.52396507409704,24.47043756684335,5.2063595376751195,0,0,2.772403720580557,0.7250782475077456,0.21197302146954158,2.5504011444650856,0.3194922512228323,28.994343909975004,28.391928524667584,0.7380254154447705,data/SYNTHETIC/05441.csv,52.788043103265274
16.178359307819406,10.981564482995571,5.196794824823833,3.838884444689376,0,0,1.661463277710833,0.53794265249496,0.04024492921820602,2.495949833459497,0.2368872283819533,6.797923670203641,-0.045498488500874,0.4447702834799605,data/SYNTHETIC/05442.csv,12.339474863130029
19.410079300672017,10.613845479668344,8.796233821003675,1.4219114483788977,0,0,2.308576907495321,0.584518850970506,0.27773243773239614,1.5247026588398527,0.15781349281160523,20.771775352860185,17.99393657072365,0.6576745618435149,data/SYNTHETIC/05443.csv,17.98816785229312
98.38413140469106,57.264791707813046,41.11933969687801,6.096973834370845,0,0,3.0137005531513106,0.5438090039003113,0.11166176050212936,1.8444046279121562,0.33066148329527484,35.80648540882155,31.63464047598655,0.7705179589594858,data/SYNTHETIC/05444.csv,92.28715757032022
42.302645558581425,28.858034431133962,13.444611127447464,1.75279177922852,0,0,3.1122763582436304,0.425558091830494,0.1173436227529304,1.1130073245954,0.1775934950852867,23.175181072788817,22.23014199078673,0.40566959921798595,data/SYNTHETIC/05445.csv,40.54985377935291
46.86897049473354,29.12323332793878,17.745737166794758,1.1137146040040373,0,0,2.926508836134318,0.8469024119488102,0.27496245013285264,1.387744212472879,0.14128325060027247,27.854989749555138,26.642843233849703,1.0703812316715542,data/SYNTHETIC/05446.csv,45.7552558907295
54.41121181272008,28.997208733904134,25.41400307881595,26.114933404602485,0,0,3.1122763582436304,2.88360395543772,0.2716144663791369,2.667698984161002,0.5492262268179142,11.75764338218977,1.6853868886956478,2.8103616813294234,data/SYNTHETIC/05447.csv,28.296278408117598
29.133518015029807,15.981076919208387,13.152441095821422,0.38932788405891244,0,0,1.9495089427189627,0.113553323679484,0.024335804829641344,0.42916067441900796,0.09256717364363994,27.339059965369884,24.73772454290937,0.5474733380564916,data/SYNTHETIC/05448.csv,28.744190130970896
42.21599471926848,23.984105778538602,18.231888940729878,1.6270359241528254,0,0,2.809268802049703,0.1661862071059468,0.06872025155679282,0.8519890369062979,0.17542278462167185,28.687429581170786,28.375477106507017,0.4936461388074287,data/SYNTHETIC/05449.csv,40.58895879511565
138.30096081733063,70.76401398300118,67.53694683432946,53.278008822266045,3,3,3.1122763582436304,4.139132195272564,0.7368554428697108,6.035621709830679,0.8607722722759424,13.574484003129436,8.756911209429228,4.667644183773216,data/SYNTHETIC/05450.csv,85.02295199506459
29.877335995097596,18.844325046727366,11.033010948370228,0.8613079725577842,0,0,2.823347407903255,0.1353754203349126,0.040835603171282805,1.0456299919768108,0.1329835078525305,25.631715684671207,25.09973566001585,0.5816226783968723,data/SYNTHETIC/05451.csv,29.01602802253981
52.91888572437294,29.32256341608297,23.596322308289967,2.710073153071289,0,0,2.2812471193901875,0.4240654687099548,0.06031281255679422,1.962836363653732,0.21831965967340328,33.52135506997547,33.277675954707554,0.40566959921798595,data/SYNTHETIC/05452.csv,50.20881257130165
48.64356209688967,25.645948869800595,22.997613227089076,2.7545134266019873,0,0,2.8040534462336275,1.1181425030857663,0.382562887252168,1.845774812555191,0.21559264462071995,31.748346367688573,30.69404792015014,1.1876832844574778,data/SYNTHETIC/05453.csv,45.88904867028768
48.60816635368421,33.96374222751014,14.644424126174075,7.515758625242521,0,0,2.7910682136755285,1.025420583556725,0.15681790590744998,2.6289245972502115,0.3843488197860554,25.232752674947687,16.25241879240285,2.912651116885468,data/SYNTHETIC/05454.csv,41.09240772844169
24.894325838212197,14.780932038566554,10.113393799645644,2.2096226173120717,0,0,2.6753045801249336,0.2395473542486591,0.050760187519589904,1.73305332939321,0.20037710945081086,23.081198977780126,21.943502514141773,0.21994134897360684,data/SYNTHETIC/05455.csv,22.684703220900126
61.08407261402152,34.13976912365611,26.944303490365417,6.2435248740582505,0,0,3.1122763582436304,0.9198519322307402,0.12933963732591056,2.0862405054179467,0.320682577074448,31.73269100402531,30.366379240914146,0.8651026392961878,data/SYNTHETIC/05456.csv,54.84054773996327
31.321621318294824,22.429594044299012,8.89202727399581,1.4121536265634824,0,0,2.6208819954178493,0.5130313309492824,0.16410891435333194,0.9093480782444691,0.15847946981184213,15.366748221627395,12.768313586129562,0.5718475073313787,data/SYNTHETIC/05457.csv,29.90946769173134
54.208907239794996,29.86539599816631,24.343511241628686,1.638368765787612,0,0,2.8979030410436017,0.2954769737663177,0.06438484768476029,0.761612221580465,0.17050760236051068,34.37191577190499,31.50956999486693,0.7096800666589157,data/SYNTHETIC/05458.csv,52.570538474007385
0.9022403792615351,0.6124651839602985,0.28977519530123663,0.16053186169355854,0,0,2.448159233644911,0.1233837964780737,0.006540834600675529,0.6981188089768339,0.05783927801945422,1.4840715332614107,-0.056651518789946,0.591397849462366,data/SYNTHETIC/05459.csv,0.7417085175679765
48.91045130034263,28.2573828352363,20.65306846510633,2.4728885201145054,0,0,2.013436395090956,0.3540201094909849,0.08029038064369293,1.0603484468523419,0.2175129371736707,31.12715665050476,30.67191136486337,0.3861192570869987,data/SYNTHETIC/05460.csv,46.43756278022812
35.6054939846279,20.78624680674314,14.819247177884758,3.177025016791029,0,0,2.3015937213236133,0.9942380779417128,0.30470964603911277,1.5176695509651106,0.2300137013660328,25.760634868363546,25.302039178281333,1.099706744868035,data/SYNTHETIC/05461.csv,32.42846896783687
56.41094331278079,36.73257323186951,19.678370080911282,2.283640742913026,0,0,3.1122763582436304,0.6569199300529515,0.20960417129442788,1.5368385725069107,0.1969728997678023,26.196749048827158,24.195699871939475,0.8553274682306942,data/SYNTHETIC/05462.csv,54.12730256986776
22.095923932198446,13.589465306496015,8.506458625702429,3.7370405971994987,0,0,1.845731405041698,0.7359142852678678,0.12694950824603754,1.7970021414757178,0.24882625257910404,17.338470399845843,16.500692829712015,0.7575757575757578,data/SYNTHETIC/05463.csv,18.358883334998946
20.783718420805048,13.805165370327321,6.978553050477726,4.68767261069606,0,0,3.1122763582436304,0.9998268394430908,0.190266909375458,1.7825168110648215,0.2698378290996349,7.086514587425037,-0.0535264462728199,1.1779081133919842,data/SYNTHETIC/05464.csv,16.09604581010899
75.52229962606643,38.57955447964591,36.94274514642053,22.08705555122566,0,0,3.1122763582436304,2.091035138189365,0.8350908483931637,2.928829979705654,0.5875594652185306,29.268652399355275,26.41813929509831,2.038123167155425,data/SYNTHETIC/05465.csv,53.43524407484077
40.04635667557958,27.823112073781953,12.223244601797626,1.832642957161001,0,0,2.6605060573642327,0.6599836831476746,0.07980602823453938,1.429497109271403,0.18381278904333145,22.947436800062814,19.429867385186444,0.9628543499511242,data/SYNTHETIC/05466.csv,38.21371371841858
8.566584194094172,6.708191206046571,1.8583929880476007,1.5888680321489174e-05,0,0,2.0261279251898903,0.0022715227686045,0.0006652883127093212,0.004855064206309,0.0005985131886501135,2.359514849028587,1.7945750921604675,0.27859237536656867,data/SYNTHETIC/05467.csv,8.56656830541385
22.873369208350923,11.335047795447126,11.538321412903798,2.3974683864046944,0,0,2.2956838948676754,1.037309746999335,0.19257517445645114,1.832599115315664,0.19951519476183835,21.797724922846967,19.239339935287376,1.0801564027370478,data/SYNTHETIC/05468.csv,20.47590082194623
887.3818808454666,582.6698159802518,304.7120648652148,28.12108322682509,26,6,3.257539144510188,3.9889163064767854,1.6801855915779793,4.326011350576966,0.6522068370401934,16.022244486694603,14.304259509098092,5.0,data/SYNTHETIC/05469.csv,859.2607976186415
29.629348126876813,16.93432076909288,12.695027357783934,2.434103461821888,0,0,2.0808355034621377,0.3791303207860388,0.0801953408106678,2.128319411992957,0.21837818116930774,25.441076964615274,19.399563032688004,0.3861192570869987,data/SYNTHETIC/05470.csv,27.195244665054926
81.04891436906487,53.098779622281924,27.95013474678295,25.217741976166973,0,0,2.293671520327412,0.8138897168626239,0.1913478196935963,4.271828252609671,0.7226296108329023,33.78090763550683,31.850218422987137,0.8260019550342133,data/SYNTHETIC/05471.csv,55.8311723928979
7.604917219267712,5.430405836346035,2.1745113829216773,0.26257240428891115,0,0,2.2337325869743645,0.2391525069572389,0.016232769703626283,0.520075074154519,0.0675172174758938,5.533124056341921,-0.0542049946091568,0.8651026392961878,data/SYNTHETIC/05472.csv,7.342344814978801
63.52466793708019,40.15106540699695,23.37360253008324,5.696182392565715,0,0,2.7243185151929845,1.031603910797052,0.23139646987409254,2.8168236153286705,0.32775998545894436,26.823203382382186,24.144090644950484,1.3538611925708697,data/SYNTHETIC/05473.csv,57.82848554451447
36.62418090252679,19.489126998556934,17.13505390396985,4.12361588524538,0,0,2.4309922635684607,1.2520740684556062,0.7784546632831112,1.3246198191151493,0.26170648529441354,29.3800927046123,28.97849743113996,1.3147605083088956,data/SYNTHETIC/05474.csv,32.50056501728141
50.04014031497393,28.84583884046198,21.194301474511953,4.698632927041756,0,0,2.7995409498325263,0.5349076758934649,0.15779506863191972,2.189458955761172,0.2910302026593296,31.82873331188823,31.45858136569328,0.7478005865102642,data/SYNTHETIC/05475.csv,45.341507387932175
47.01705510535204,26.90521964965129,20.11183545570075,21.11650218205871,0,0,3.1122763582436304,2.3028198204606767,0.6111178718370062,4.409126172598401,0.5211146772986115,13.226240835748385,-0.0525999076149276,2.29227761485826,data/SYNTHETIC/05476.csv,25.900552923293333
11.561926590038725,8.261842134459348,3.3000844555793774,0.8886334355561908,0,0,1.4680272113138235,0.4597096101217867,0.1558815592352072,1.2510977783307131,0.1300517581880412,10.010289988466873,2.987514065092495,0.7966764418377323,data/SYNTHETIC/05477.csv,10.673293154482534
11.776105493516011,7.781518503743591,3.994586989772421,0.8736624010841325,0,0,2.295752566127615,0.4225375373213018,0.08904237177290775,1.0747787752520148,0.12479743804308452,12.372178867194592,1.344563797994568,0.4936461388074287,data/SYNTHETIC/05478.csv,10.902443092431879
32.33017997853973,20.020721269049183,12.309458709490553,1.1281448188060197,0,0,3.024129679247432,0.3203243693057047,0.10004127398300082,1.151567093580896,0.15308935162359877,27.70114655457719,26.55513203607336,0.4447702834799605,data/SYNTHETIC/05479.csv,31.20203515973371
21.34615355122223,11.22797007892697,10.11818347229526,6.322661056459536,0,0,1.928493777382261,1.270784975009809,0.6967134503910043,2.157312127752311,0.3091527959183491,15.466438359306299,13.83540388462048,1.8189120642862795,data/SYNTHETIC/05480.csv,15.023492494762694
41.55193474364848,25.14251624609415,16.40941849755433,1.213360451964983,0,0,2.2115506302473973,0.2200022731404176,0.05891978348511806,0.8666703765631859,0.1500695705485667,31.045978996553195,30.496779139569146,0.3079178885630496,data/SYNTHETIC/05481.csv,40.3385742916835
45.7222133586314,27.966896846537416,17.755316512093984,11.0698618101927,0,0,2.383127873713453,1.290720035370594,0.4540935133785596,3.021763053971115,0.417455936367689,20.647149756724627,16.940132660377508,1.4027370478983379,data/SYNTHETIC/05482.csv,34.6523515484387
14.254918992159817,10.272306184011414,3.982612808148403,1.1638375437810953,0,0,2.2685115692301037,0.334595252245106,0.05269603050606705,1.235282058685748,0.14681887015733952,12.089088713794302,-0.0557347760089831,0.4588145628954181,data/SYNTHETIC/05483.csv,13.091081448378722
48.541043881432,28.1130900308572,20.427953850574806,4.01713036872896,0,0,3.1122763582436304,0.8258253175212619,0.4267206941142747,1.9119002823126947,0.2817784694089067,30.909817333860875,29.873658114506508,1.9305962854349952,data/SYNTHETIC/05484.csv,44.52391351270305
45.238094874371924,23.72049049601145,21.517604378360474,8.202873853031026,0,0,2.077813087862059,1.5471525525931498,0.9690605958101075,2.692123967389478,0.39121776892264665,30.230216906862132,29.7911526405518,1.6568914956011729,data/SYNTHETIC/05485.csv,37.0352210213409
70.14946960626045,43.087819135979615,27.061650470280835,1.6506615871955561,0,0,2.237110008402977,0.8112700708551898,0.36470058529276445,0.7081537866964838,0.16222923041458515,32.48243250950157,32.29618619258663,0.9824046920821115,data/SYNTHETIC/05486.csv,68.4988080190649
35.84810235526367,27.37517143810849,8.472930917155178,9.385336971546181,4,4,3.1122763582436304,1.876357953696838,0.11292261184122643,2.5086954042717635,0.37118523352434224,7.355546667927224,-0.0543056874753082,4.433040078201369,data/SYNTHETIC/05487.csv,26.46276538371749
48.365715492021295,29.556670997013747,18.80904449500755,2.694323925572273,0,0,2.628655587529258,0.2576206343924273,0.06299571449116315,1.385252226901436,0.22105511912282036,26.145027084140757,25.63975787906537,0.3372434017595305,data/SYNTHETIC/05488.csv,45.671391566449024
68.59111862939632,38.52873824413658,30.06238038525974,7.2227105492706745,0,0,3.1122763582436304,0.8871293203098236,0.22263869099361258,2.111751282709201,0.3567765795741725,35.52733711294244,35.37419210385257,0.9921798631476051,data/SYNTHETIC/05489.csv,61.36840808012565
43.25055748749678,25.478477121129195,17.772080366367586,2.5162272666646754,0,0,2.895890735885352,0.2157022366384857,0.06849850579931582,1.4295389933845348,0.23252724329283683,29.178974528571736,28.927042558307427,0.6402737047898341,data/SYNTHETIC/05490.csv,40.7343302208321
14.780790227062578,10.192283828738855,4.588506398323722,4.8297936511897275,0,0,2.084782322829442,0.9192938656958404,0.10345908369149673,2.294942025141037,0.27525340098862844,9.402190814565717,8.719641067548928,0.8260019550342133,data/SYNTHETIC/05491.csv,9.95099657587285
5.027176561522319,3.85370676236855,1.173469799153769,0.11043993284805866,0,0,1.789562910746174,0.0817396981220248,0.01570556232223951,0.38031093382394504,0.048721553796987886,4.664422257124003,-0.0576489302817537,0.12218963831867047,data/SYNTHETIC/05492.csv,4.91673662867426
54.899395725332184,30.49601357558338,24.403382149748808,3.2212662058178814,0,0,3.1122763582436304,0.6408041357887301,0.17757421324684158,1.239399768403728,0.23643798115155665,31.02955387165147,29.59325109998735,0.7184750733137832,data/SYNTHETIC/05493.csv,51.6781295195143
55.35704799030659,34.414204329899015,20.942843660407576,7.351810995430254,0,0,3.1122763582436304,0.8026173090149264,0.12313705725384662,3.2436035809033124,0.36386731097598696,30.192423357624502,29.71030872146387,1.4165784354128788,data/SYNTHETIC/05494.csv,48.005236994876334
52.93246541578344,33.65163816478954,19.280827250993905,18.472143242699325,1,1,3.1122763582436304,2.048094001624305,0.6863690545567228,3.004960946937153,0.5287275924138264,13.801162454826665,13.184707282849308,2.1320367704318945,data/SYNTHETIC/05495.csv,34.460322173084116
35.68663021751436,23.46338561571673,12.223244601797635,10.015906854761614,0,0,2.7139862864582476,0.8447132604088068,0.14797051816466916,2.827950759359544,0.4008253293742818,16.49041591852658,13.313075970542329,1.2854349951124142,data/SYNTHETIC/05496.csv,25.67072336275275
10.873484313388527,6.680125908657408,4.19335840473112,0.4560295338670658,0,0,1.681534922485816,0.18406279991188,0.03337398777252009,0.7543130515175961,0.09121480876312958,13.510392376738384,-0.0,0.19061583577712593,data/SYNTHETIC/05497.csv,10.417454779521462
93.13064047712822,52.62916855204958,40.50147192507864,3.0170707174965123,0,0,3.1122763582436304,0.5051177294282481,0.21165663105781557,1.518639978933698,0.24276553972052628,34.75948644664453,34.574217497361055,0.5425219941348978,data/SYNTHETIC/05498.csv,90.11356975963172
49.50579928800529,32.1408410968543,17.364958191150986,5.378912512452206,0,0,3.1122763582436304,2.1830460558267446,0.5232032633256954,2.0179708344034086,0.2798993846423924,24.043392390462504,23.627017956639246,2.2140762463343107,data/SYNTHETIC/05499.csv,44.12688677555309
7.4133336970024715,4.987364499976415,2.425969197026056,0.14011837981675754,0,0,1.5461216158738036,0.0880877223741162,0.021638311479909383,0.3337557184160329,0.046965799135140714,8.144596516713536,-4.025097655795738e-27,0.12218963831867047,data/SYNTHETIC/05500.csv,7.273215317185714
91.42253513412507,57.605051391573234,33.81748374255183,49.72055724588306,0,0,3.1122763582436304,2.6898895642265046,0.8318901816032013,5.367384853289077,0.8876845768942916,17.089751120144687,14.920070574166145,2.673509286412512,data/SYNTHETIC/05501.csv,41.70197788824201
40.86734411196535,24.26394387210193,16.603400239863426,1.4191578982478417,0,0,2.5549274968001323,0.4867640476726093,0.08997747120738137,1.2651962250736903,0.1649042670156912,28.41247272726625,26.812187381027,0.6598240469208214,data/SYNTHETIC/05502.csv,39.44818621371751
46.84625960374247,29.30887319720563,17.537386406536832,1.480281943024507,0,0,3.1122763582436304,0.1710003951034871,0.055830686332833085,0.9015629638741259,0.16784035909332803,30.248511211229662,29.931496458189624,0.29814271749755594,data/SYNTHETIC/05503.csv,45.36597766071796
31.23548218863612,17.719025971444548,13.516456217191571,0.6347192517030347,0,0,2.3768585798735726,0.2086063473850643,0.10678401514223002,0.635908986278961,0.12138576182748938,28.107437379097572,27.67795175092435,0.3258507027066773,data/SYNTHETIC/05504.csv,30.600762936933084
43.50920384049635,26.271171974559966,17.23803186593638,1.696846603429531,0,0,3.1122763582436304,0.4664910915126601,0.09125066129969536,1.018176174881461,0.17517919318669645,31.245762251092792,31.10332041497402,0.6746531094459179,data/SYNTHETIC/05505.csv,41.81235723706682
46.37132808759746,28.58248386695623,17.78884422064123,6.342369932989625,0,0,3.1122763582436304,1.813213163262125,0.5175336865428894,1.8479045308256192,0.32586079576204635,19.609099797397835,5.211763152981595,2.068242677842608,data/SYNTHETIC/05506.csv,40.028958154607835
66.3485764023062,42.09606894102003,24.252507461286168,19.52653800022069,0,0,3.0098354975609585,1.03190188684511,0.18966169476620173,3.8715972039121413,0.5970342784747922,26.50590338425478,24.80111170333324,0.8553274682306942,data/SYNTHETIC/05507.csv,46.822038402085504
33.455086478046226,22.721430070276448,10.73365640776978,6.378331239390091,0,0,3.1122763582436304,0.6759644739394233,0.17718095221172608,1.6410198017329218,0.31571230806218104,19.218254714974133,12.230918935442665,0.5034213098729232,data/SYNTHETIC/05508.csv,27.076755238656133
83.00907819010646,46.36808242061124,36.64099576949522,2.982418793691238,0,0,2.82928614454997,0.3369412780438803,0.06446140156088198,1.159701734641191,0.24357247699394705,37.61941624590128,34.21774645126484,0.6379684629489079,data/SYNTHETIC/05509.csv,80.02665939641523
43.59385909367994,26.37498591834197,17.21887317533797,6.798698697077713,0,0,3.1122763582436304,0.6938007031730996,0.20712410898387873,2.690156572712501,0.381943454116244,25.76889980869878,24.10528526023883,0.7869012707722387,data/SYNTHETIC/05510.csv,36.79516039660223
76.79924676670167,43.16377058483497,33.6354761818667,2.9627913661376377,0,0,3.1122763582436304,0.8958095566927996,0.23930215138400762,1.470718596993737,0.23478499853113852,38.22505431682348,37.857961206391344,1.0312805474095796,data/SYNTHETIC/05511.csv,73.83645540056403
63.07599760378128,38.20083269804619,24.87516490573509,1.5882651906670764,0,0,2.3341828685146724,0.1617215912341251,0.05558893673661365,1.22090254927401,0.17650357334260194,32.441450999902266,32.20420435999725,0.34701857282502413,data/SYNTHETIC/05512.csv,61.48773241311421
59.174587533861725,34.273079428553764,24.90150810530796,4.8159138992752375,0,0,2.520770004903449,0.4806407862470879,0.13485037830091604,2.029879843366671,0.3578807782648905,34.600296459129986,34.25729899207636,0.7198451501944704,data/SYNTHETIC/05513.csv,54.35867363458649
11.466657705009359,8.97842276353841,2.48823494147095,0.07966301772742154,0,0,2.402531820971292,0.1419158749942599,0.028244657291057185,0.34870389360971293,0.03578461239974856,5.265893224292734,-0.050373626385405,0.3958944281524923,data/SYNTHETIC/05514.csv,11.386994687281938
62.75386891161848,38.592365230674844,24.16150368094364,3.0464462942993533,0,0,2.8604636366922174,0.5823681042957184,0.12108445488001687,1.4981691047030448,0.23247072254327594,30.495870906090822,29.30846749823808,0.7575757575757578,data/SYNTHETIC/05515.csv,59.70742261731913
52.619306973192955,28.936770557210057,23.6825364159829,3.8557916537564347,0,0,2.59380113880114,1.218584885594012,0.32104262899785835,1.4201612314935108,0.27727328598792295,33.41911755045487,32.943602145066414,1.3049853372434015,data/SYNTHETIC/05516.csv,48.76351531943652
14.342458155338896,10.994476973263447,3.347981182075449,6.563114061638551,0,0,2.8592547708578286,0.6066057418321483,0.14266388586596646,2.309296084074513,0.3528150530314068,6.44759720449654,0.9019116757456828,3.232984631062596,data/SYNTHETIC/05517.csv,7.779344093700345
6.440536007448337,4.364212913843607,2.076323093604729,0.7458625325175064,0,0,2.3215243686835647,0.3398799438319633,0.03117981717178922,1.3751060155439216,0.11208972742678033,4.345682760404766,-0.0565727127611541,0.3958944281524923,data/SYNTHETIC/05518.csv,5.6946734749308305
28.327733830653862,15.90571781389754,12.422016016756322,0.8566590832405152,0,0,2.1517328035606917,0.1256664334694864,0.05081134989361139,0.6340916577982619,0.12869525929572306,25.426528805876504,24.4761851573074,0.23949169110459412,data/SYNTHETIC/05519.csv,27.471074747413347
51.987770307568226,22.093028465044718,29.89474184252351,29.07332050938504,0,0,3.1122763582436304,2.9233879085315704,0.903228350048308,2.8468439665971834,0.6252200531278188,13.881062999542827,13.612535900057576,2.927663734115347,data/SYNTHETIC/05520.csv,22.914449798183185
19.04914904810588,11.706580876258013,7.342568171847866,0.35085628848748174,0,0,3.1122763582436304,0.247362130200365,0.04466963915453599,0.560585976826603,0.08259474775396418,18.557207201110533,14.5774041590357,0.43499511241446687,data/SYNTHETIC/05521.csv,18.698292759618397
53.41607906146109,27.353075338623405,26.063003722837685,0.9978267255028941,0,0,2.8617646652686917,0.3440287733046832,0.18319951083624486,0.7050854811237619,0.1401988572796965,33.0642337028533,32.78500823364597,0.43499511241446687,data/SYNTHETIC/05522.csv,52.418252335958194
86.82066208124297,56.78223005923129,30.038432022011683,6.649857015005667,0,0,3.1122763582436304,1.278445136719513,0.279619879008286,1.863555026435949,0.34641162332392605,33.653070511332196,33.42391856597346,1.2658846529814274,data/SYNTHETIC/05523.csv,80.1708050662373
34.26622495769651,23.693022583688553,10.573202374007954,14.74186771096166,0,0,2.4990987046789406,1.2715689166012425,0.12170107587438635,2.8746897306726362,0.4151028739641641,4.1197759931193145,-0.0575277138438434,1.1779081133919842,data/SYNTHETIC/05524.csv,19.524357246734848
50.561441958886476,28.75406238522478,21.8073795736617,2.6568859212679015,0,0,3.1122763582436304,0.8320015262364707,0.11774532859550035,1.6658855180266496,0.22444170442178338,31.064970182245023,30.577116284833785,0.9824046920821115,data/SYNTHETIC/05525.csv,47.904556037618576
47.50892273704076,29.36085306767901,18.148069669361753,1.4485818943454745,0,0,2.247057541350043,0.1465438065708347,0.06641859223812105,0.8169357477780579,0.15830368762754882,30.578642783351675,30.52894778716292,0.29814271749755594,data/SYNTHETIC/05526.csv,46.06034084269529
96.05951023478006,52.29148156266916,43.7680286721109,21.059661680726812,0,0,3.1122763582436304,1.8187444287124683,0.6711413331989636,3.5178059272186766,0.5696019503099712,30.085742511832386,28.89362510603128,1.989247311827957,data/SYNTHETIC/05527.csv,74.99984855405324
56.78462821785521,31.840013058700812,24.944615159154395,0.9578773969650252,0,0,1.7178422032846965,0.1134507543819089,0.03336928442130174,0.8181754067882859,0.16673958366327812,32.610132056583886,31.700948423005865,0.34701857282502413,data/SYNTHETIC/05528.csv,55.82675082089018
12.802312842847666,8.139566518455037,4.662746324392628,0.6976721236130514,0,0,2.6698348613761778,0.3359944245507976,0.1078789879535486,0.6434977820418732,0.10895289955587746,15.621892420253962,15.386962523272642,0.6598240469208214,data/SYNTHETIC/05529.csv,12.104640719234615
52.06936331208189,29.64651080294569,22.422852509136202,5.135453311709208,0,0,2.930521128424754,0.8509273713300581,0.21848557949873487,1.865664109448757,0.2841544981760128,33.235597693261354,32.14154261455889,0.8553274682306942,data/SYNTHETIC/05530.csv,46.933910000372684
26.266145601563856,18.973868992536865,7.29227660902699,1.399957923018028,0,0,3.1122763582436304,0.4077876559192242,0.04983676797081947,0.9773630269959401,0.1611271793980302,15.657045945025097,5.3547509740348485,3.6412512218963826,data/SYNTHETIC/05531.csv,24.866187678545828
36.544745856761345,21.4548821741738,15.089863682587545,0.8223509155947611,0,0,2.123449651631897,0.1706576261766892,0.0760211658747553,0.885465433412494,0.12402862837617673,25.15603273107459,24.25148161229483,0.48387096774193505,data/SYNTHETIC/05532.csv,35.722394941166584
40.159963304751585,24.42588865079187,15.734074653959714,1.4091563183116032,0,0,1.7487631098227916,0.2312995022588459,0.07621763898303828,1.148344337941977,0.16458682014631032,28.23199601449837,26.65873739220315,0.35679374389051777,data/SYNTHETIC/05533.csv,38.75080698643998
22.15991289168839,15.612430379675319,6.5474825120130715,3.3119898450001246,0,0,3.1122763582436304,1.4574548359967563,0.14565125026811812,2.145303163243324,0.2295434363026484,14.34803572990263,12.596097493455414,1.344086021505376,data/SYNTHETIC/05534.csv,18.847923046688265
54.13741767649249,30.526726350253703,23.61069132623879,1.4194000268317732,0,0,2.160063368683797,0.2032791678241135,0.05969211413001657,1.0436392333650328,0.1650140403601765,32.74556275361073,32.411343097626094,0.29814271749755594,data/SYNTHETIC/05535.csv,52.718017649660716
39.039662680172356,22.927203886893672,16.112458793278684,0.6801686331627179,0,0,2.355521237143124,0.1335927267815738,0.04220568065437229,0.590344291395319,0.11095192586964682,31.90994646033013,31.855215881415944,0.27859237536656867,data/SYNTHETIC/05536.csv,38.35949404700964
63.83530024611719,38.15068066259847,25.684619583518725,5.878803270878036,0,0,2.8393540918972526,0.7009008958237252,0.15543639093212927,2.5632091416562166,0.32944930835708697,33.40778201965655,33.11503667693189,0.7282502443792769,data/SYNTHETIC/05537.csv,57.956496975239155
13.326189854429138,8.960403234312158,4.36578662011698,0.31571130959656935,0,0,1.561953151351774,0.1136559600633312,0.03382300062817853,0.39216821657251794,0.06788902678302564,9.801828063455046,-0.0002688822439516,1.5119052419660457,data/SYNTHETIC/05538.csv,13.01047854483257
103.88405869332293,61.859470865669195,42.02458782765373,2.32562121631233,0,0,2.6615333317786636,0.1891164089793132,0.07201858584583494,1.588827922555768,0.2150159041778241,34.16384426840032,33.90262547618811,0.40566959921798595,data/SYNTHETIC/05539.csv,101.5584374770106
33.02863509053776,21.497498186608382,11.53113690392938,1.0936907212448197,0,0,2.6429089826361762,0.5153703876171103,0.13685305151999877,0.8626243942263012,0.13769598150406767,22.349898055546237,19.9758574098569,1.559139784946237,data/SYNTHETIC/05540.csv,31.934944369292943
24.877321295127675,14.081399142912993,10.795922152214683,6.158479952232637,0,0,2.1775032988275917,1.530947868702673,0.24477558624282583,1.9676315311060804,0.30629772397697597,19.12883368845525,17.744371027650597,1.4613880742913001,data/SYNTHETIC/05541.csv,18.71884134289504
474.30365127089055,344.0245073048475,130.27914396604305,35.84734608443345,7,4,3.23391833132705,3.952690324745672,0.3434518641930541,3.4283865896524057,0.6360295176995596,17.11872766692323,6.224860070597769,5.0,data/SYNTHETIC/05542.csv,438.4563051864571
13.301823041070538,8.58399548120742,4.717827559863117,3.831722468871444,0,0,1.2073428576841203,0.6244020183702754,0.07386621539752174,2.595972453064456,0.2559959116589844,9.894909600533762,2.938803634233812,0.6109481915933532,data/SYNTHETIC/05543.csv,9.470100572199094
0.9077003585296335,0.6251096722028076,0.2825906863268259,0.0038790892412152583,0,0,2.587536378313349,0.044642927713528,0.004287921997669221,0.101431327994796,0.008236279625932985,2.3798783900539138,-0.0576827493248687,0.053763440860215006,data/SYNTHETIC/05544.csv,0.9038212692884182
31.701535151904196,18.060547445822834,13.64098770608136,0.5865698865536633,0,0,2.72493396287645,0.1084423730672552,0.040800252023677167,0.6727181789225251,0.10689062804558142,23.811876232719328,23.416539722770548,0.3079178885630496,data/SYNTHETIC/05545.csv,31.114965265350534
22.506468258908896,16.31821119561637,6.188257063292527,1.2865581045393568,0,0,2.1149990760827593,0.3093919384437595,0.0388739357308231,1.532788118865786,0.16398030247336903,13.149105681995575,10.067754479449407,0.32746823069403685,data/SYNTHETIC/05546.csv,21.21991015436954
51.89506226121783,30.51635838969601,21.37870387152182,1.3000093149678416,0,0,2.142981516613475,0.1906454602549911,0.07099616271123231,0.9183631277475319,0.15841772382298402,30.16868273222251,27.63239139575576,0.9080838860609798,data/SYNTHETIC/05547.csv,50.595052946249986
17.875553157881686,12.50154044502238,5.374012712859305,4.1920580794127655,0,0,1.8059774064849075,0.9187822226148774,0.11826710140823236,1.8063569377848447,0.25558627493432784,13.133799256360584,11.246438256677475,1.36885903465603,data/SYNTHETIC/05548.csv,13.68349507846892
43.90794945819603,25.68563986276532,18.222309595430712,1.5917408123745993,0,0,2.5649117835166466,0.9208828633993482,0.4457511723175919,0.8310741157887414,0.16123226908194396,30.269671335224235,28.69076175432009,0.9921798631476051,data/SYNTHETIC/05549.csv,42.31620864582143
30.301714168210406,18.06889022111357,12.232823947096836,0.7319509228452643,0,0,2.2457601562923686,0.1642169595685698,0.045855227970952844,0.964543521976456,0.12462963497207052,24.377760033606446,23.97382395500167,0.2101661779081132,data/SYNTHETIC/05550.csv,29.56976324536514
41.20230795690807,21.528727548646426,19.67358040826165,4.19602283998998,0,0,3.1122763582436304,1.1807721759613972,0.25804274129016636,1.74991355037033,0.2676996639174388,31.88701267373044,31.58671811688497,1.236559139784946,data/SYNTHETIC/05551.csv,37.00628511691809
54.10146067152978,30.430898437170907,23.670562234358876,2.194402183836981,0,0,2.616934699977176,0.2364954666321309,0.06623866066759986,1.0202017559135879,0.20150276471443848,34.66792536835504,34.176022660499704,0.3665689149560114,data/SYNTHETIC/05552.csv,51.9070584876928
47.572375810027424,29.376409414169586,18.195966395857837,7.099993548337264,0,0,2.042744730302313,1.1080983758976732,0.2819702882959199,2.140513093582778,0.3350329660908972,28.150595380459514,27.394391956816925,1.1388074291300097,data/SYNTHETIC/05553.csv,40.47238226169016
55.76431572529936,34.24671134693891,21.517604378360453,2.3448648475507654,0,0,2.9635731358695683,0.5214599172030361,0.22725758639202404,1.29744216948484,0.19837483546593968,33.25799832902502,33.17825836544809,0.6207233626588469,data/SYNTHETIC/05554.csv,53.419450877748595
118.49930837388821,66.797186957703,51.70212141618521,47.89750275018641,0,0,3.1122763582436304,2.485984752859539,0.8789260338514279,5.51409031728991,0.8742389152924916,28.084819993561485,27.393827744743568,2.4389051808406643,data/SYNTHETIC/05555.csv,70.60180562370181
68.98628604580695,35.14964361265672,33.83664243315023,20.50501652508392,0,0,2.2849609209906325,2.2700149433074497,0.3546751851942354,4.082818594007446,0.5455084578720907,30.472849486534855,28.75053157506276,2.1847507331378297,data/SYNTHETIC/05556.csv,48.48126952072303
70.86739796566116,44.148209089827255,26.719188875833893,13.715316270199198,0,0,3.1122763582436304,1.1102353183025002,0.13208249576171416,3.055630789792657,0.4738630942154924,31.019709614114166,30.182169838988937,1.0312805474095796,data/SYNTHETIC/05557.csv,57.15208169546196
30.489659880817488,17.21987180508065,13.269788075736837,1.2322057485530422,0,0,2.7617572178092975,0.9075088365269488,0.2788613812297167,0.8838853268597469,0.14545673490706088,26.932995907450163,18.647085154006227,1.4418377321603124,data/SYNTHETIC/05558.csv,29.257454132264446
11.59472218635944,7.937807118384324,3.656915067975116,4.0388494863663364,0,0,2.3983166030294534,1.2912963315441728,0.1685746988875114,1.6460038862419495,0.2604016966897489,5.813455265848671,0.0,1.2072336265884651,data/SYNTHETIC/05559.csv,7.555872699993104
63.59990335113107,46.321159267673,17.278744083458065,21.22340136856836,0,0,3.1122763582436304,2.4006177438476786,0.4044449782585447,3.1919714024607013,0.5018802208991809,13.32217956898483,4.011672929248949,2.1652003910068425,data/SYNTHETIC/05560.csv,42.37650198256271
2.932151929853817,2.3262583396785037,0.6058935901753131,0.0028535878274913856,0,0,1.338593956769219,0.045454673091845,0.009486377434382125,0.024730188689778,0.005721766569652066,1.2015781393121048,-0.0578332682871107,0.1026392961876832,data/SYNTHETIC/05561.csv,2.929298342026325
49.962377154578675,29.383548615541265,20.578828539037413,1.7423223432777477,0,0,2.0893056002176853,0.234798267181035,0.07239890606037924,1.222353238763854,0.1906722687664232,30.491901371723607,29.160279605335667,0.35679374389051777,data/SYNTHETIC/05562.csv,48.220054811300926
25.60216095768012,15.69951275461717,9.90264820306295,5.58915022379197,0,0,3.1122763582436304,1.4416389070119633,0.6743664464450814,1.5553965108627188,0.2935938705849489,17.751830596063588,15.686785017267049,1.533407492394474,data/SYNTHETIC/05563.csv,20.01301073388815
100.91990134098108,60.57648861333943,40.343412727641656,21.739175025355497,0,0,3.1122763582436304,1.5216139105015798,0.41742400676448244,5.91403593678096,0.6988000498006639,33.63226951977515,31.79818557468878,2.2140762463343107,data/SYNTHETIC/05564.csv,79.18072631562559
27.618476777584153,14.997689345869125,12.620787431715028,2.4908939547117104,0,0,3.1122763582436304,1.0410700071852153,0.07408995099505641,1.1473329675275579,0.18930206316615142,23.875234732132075,17.550959291177843,1.8719452590420333,data/SYNTHETIC/05565.csv,25.12758282287244
28.484181768750208,18.684511527653832,9.799670241096376,6.932825260085232,0,0,2.5737164621868924,0.7758605232545756,0.09999576550919363,3.392845294348069,0.32221376726788015,15.571288016234584,11.942524660333625,0.7478005865102642,data/SYNTHETIC/05566.csv,21.551356508664977
37.03036015095777,22.625419657264054,14.404940493693713,0.7441660293439989,0,0,2.2607111146905114,0.143149666653308,0.0517424654161593,0.730748028816401,0.11855964464342242,28.59700092434473,27.31336238595383,0.32746823069403685,data/SYNTHETIC/05567.csv,36.28619412161377
23.876631745004836,19.39589298129728,4.480738763707555,2.8891510251798125,0,0,2.4173822629658166,0.466079835878991,0.053679975599566526,1.8217161910798663,0.22034194192963616,8.559957963967799,1.000872694067706,0.4643206256109478,data/SYNTHETIC/05568.csv,20.987480719825022
41.772497721748024,21.684610629295353,20.087887092452675,0.9791360570076063,0,0,2.702251833016491,0.1704683883529305,0.04505134434446907,0.7219315532888351,0.1398573409799776,30.766214444976814,28.406734829497783,0.27859237536656867,data/SYNTHETIC/05569.csv,40.79336166474042
32.996525128670456,25.000166640151207,7.9963584885192525,4.5327542846788695,0,0,2.0471305095319203,0.6191288783543759,0.06443806036316499,3.0098828436224387,0.3022508575787446,15.011145150563534,14.709379081306183,0.3176930596285432,data/SYNTHETIC/05570.csv,28.463770843991586
49.10521893386334,26.60573166233342,22.49948727152992,4.85454691587891,0,0,3.1122763582436304,1.1713026704934415,0.3071675485818169,2.073888728401719,0.3066744976436406,30.326561337734564,30.08218151948752,1.2170087976539588,data/SYNTHETIC/05571.csv,44.25067201798443
37.091480261209725,25.54597433933151,11.545505921878211,11.196883639001824,0,0,2.988401137831513,1.3222732104833217,0.3138577163356458,3.0329043514008136,0.44128339380394016,20.098801331255785,16.599400259846323,1.2561094819159333,data/SYNTHETIC/05572.csv,25.8945966222079
100.3765180721081,61.59932830088799,38.7771897712201,27.230041340984798,0,0,3.1122763582436304,2.7879579282745017,0.41550590790803626,3.060054655308899,0.5957361785469409,9.511930931074442,2.315929113663429,2.771260997067449,data/SYNTHETIC/05573.csv,73.1464767311233
68.13698420819259,38.13447473105293,30.002509477139654,6.043259344099587,0,0,2.708809328254045,1.3559444279986907,0.9146196914682028,1.6079869288965927,0.30071136847431407,30.350170052972206,30.06237428519384,1.4320625610948188,data/SYNTHETIC/05574.csv,62.093724864093
61.591706363091475,38.61325182660084,22.978454536490634,1.5857486967814154,0,0,2.636011719719337,0.3190140017125619,0.04583699832957347,1.25821534494211,0.18585741913497408,29.71264677910949,29.47234212689188,0.4936461388074287,data/SYNTHETIC/05575.csv,60.00595766631006
46.81309022663464,27.295174179485223,19.517916047149424,3.0820718897670516,0,0,2.3966892622815488,0.5417304128239454,0.07681670639661786,1.8050738216828899,0.23087407037370972,31.132723627290424,30.47378899724267,0.562072336265885,data/SYNTHETIC/05576.csv,43.73101833686759
44.48989308445901,26.104734618941706,18.38515846551731,1.3356736532401439,0,0,3.1122763582436304,0.1826106164130299,0.06071540090423706,1.123654998817006,0.15875817098008496,29.430709013704064,29.317370887394546,0.3079178885630496,data/SYNTHETIC/05577.csv,43.15421943121887
45.19019855571621,24.925093575228043,20.26510498048816,7.627832731009364,0,0,1.9258374881159308,1.7976302845140262,0.26857025113279875,2.8997703927480556,0.34194414186542416,30.106613424006255,29.8000559172954,1.6568914956011729,data/SYNTHETIC/05578.csv,37.562365824706845
14.210025337707892,9.932847661608642,4.2771776760992495,1.6343043329845814,0,0,2.765243467418414,0.4136094556372747,0.07322000886275733,0.8637477649615649,0.16533875535095,8.028969638721891,-0.0526333500748206,0.5229716520039105,data/SYNTHETIC/05579.csv,12.57572100472331
35.259547580672645,21.031824975014406,14.227722605658242,1.429843107919877,0,0,2.579820709275582,0.3889599208296663,0.1502063738262377,0.925397870583865,0.16739457614076927,26.86978594768302,24.85742906180137,0.7575757575757578,data/SYNTHETIC/05580.csv,33.829704472752766
46.54480885279054,26.715564083416655,19.829244769373886,1.0681789432138962,0,0,2.2084037407110046,0.156449271576763,0.05790829886876807,0.8705221204032529,0.1366702380997179,29.385607150132017,27.9029858646815,0.2883675464320623,data/SYNTHETIC/05581.csv,45.476629909576644
60.03844525183342,37.98200270039216,22.05644255144127,5.446926119202333,0,0,3.1122763582436304,1.306343661485992,0.22081194448157546,1.725305339321485,0.2869426875416941,28.866493407651422,20.96826835987431,1.3343108504398828,data/SYNTHETIC/05582.csv,54.59151913263109
61.64655155297639,43.220680869937404,18.425870683038983,18.64084302054661,0,0,3.1122763582436304,0.7074055006802094,0.18404526970960702,5.017030357798338,0.5844649992032164,22.13282540396509,6.084386360744499,0.591397849462366,data/SYNTHETIC/05583.csv,43.00570853242978
59.69966341554522,35.241200030325956,24.45846338521926,3.3888498428274896,0,0,2.6365135455916144,0.2564825870210132,0.08554372042593908,1.8124181717975347,0.2432162142243602,34.186502504335856,34.123503584670075,0.3176930596285432,data/SYNTHETIC/05584.csv,56.31081357271773
54.83067024696716,29.615438583109956,25.215231663857203,4.8796771008698805,0,0,2.4368102768846986,1.212563656371905,0.6067433558366421,2.781898532111106,0.2913667800197356,29.434675651884987,29.0027090000397,1.3285746994001897,data/SYNTHETIC/05585.csv,49.950993146097275
79.59890456001673,45.0198628661773,34.579041693839436,21.27716569822901,0,0,3.1122763582436304,2.8867619107688705,0.4602151112061626,4.363117030220733,0.6362238387288559,31.644305941094903,20.06457293836996,3.0742913000977516,data/SYNTHETIC/05586.csv,58.32173886178772
45.57542199993793,30.274812720767674,15.30060927917026,3.0456716285473684,0,0,2.7199999927868608,0.2352223796318435,0.0840185900782533,2.238293400186279,0.2520752341285579,24.716109077252195,24.36620297463869,0.3079178885630496,data/SYNTHETIC/05587.csv,42.52975037139056
61.925668617281815,33.364850607673965,28.560818009607846,2.378410246423788,0,0,3.1122763582436304,0.4107562722027854,0.13921274387505114,1.078178492374254,0.20818193359564147,31.367926978728914,29.681250803965742,0.5034213098729232,data/SYNTHETIC/05588.csv,59.547258370858025
47.59638541053189,29.101064474073603,18.495320936458285,3.4823508305439557,0,0,2.986248114405397,0.9053636304397163,0.28707679221665416,1.5491454262961601,0.24333330146091378,28.755120916653713,28.261472299979363,1.021505376344086,data/SYNTHETIC/05589.csv,44.11403457998793
42.236073221145915,25.225550806065876,17.01052241508004,1.9525795139018127,0,0,2.5731154587266514,0.2104505615377076,0.06381572538962224,1.0937675546952759,0.20006889257410873,26.617988506365307,23.728851262143618,0.3958944281524923,data/SYNTHETIC/05590.csv,40.283493707244105
38.23034205932472,23.324880773747054,14.905461285577667,1.1588667482866086,0,0,2.232412369016635,0.4548923604942951,0.11087727679531517,0.971580349321344,0.13943087528928771,23.757636333284424,21.85017325888805,0.4740957966764414,data/SYNTHETIC/05591.csv,37.071475311038114
66.60294991046469,40.159167211983096,26.443782698481588,2.426895700812644,0,0,3.1122763582436304,0.6865191082474974,0.4263336648443587,1.3485895315444196,0.2079341118257846,31.95212662745509,31.86268113547216,0.806451612903226,data/SYNTHETIC/05592.csv,64.17605420965204
249.39486309001387,177.21648397458253,72.17837911543134,38.006296942421734,3,3,3.1122763582436304,3.6012437930874306,0.3821925441728272,4.137022343505544,0.7112547501738424,11.879232489767526,0.0,4.442815249266863,data/SYNTHETIC/05593.csv,211.38856614759214
4.848927096760242,3.6826418065808846,1.166285290179358,0.18268723869997364,0,0,1.1973364610624269,0.1841751567149971,0.06942182763280404,0.501835306456706,0.054148735389015025,7.184650818332304,5.255458148253036,0.19061583577712593,data/SYNTHETIC/05594.csv,4.666239858060268
39.30198911100973,18.01189418350564,21.290094927504093,0.5557092038707941,0,0,2.740844045036223,0.0968832355268127,0.03228986458736264,0.7026068015700069,0.11558443778557236,33.661305116489736,33.57829276655601,0.2883675464320623,data/SYNTHETIC/05595.csv,38.74627990713894
73.48240398629369,44.004363664286025,29.478040322007665,7.002591816568916,0,0,2.872241754376946,0.8174623321727579,0.20243038676354125,2.064726031432942,0.33266756955470994,28.938738435892574,25.65233523259692,1.3116022795397728,data/SYNTHETIC/05596.csv,66.47981216972477
34.50351685340709,23.132833983239546,11.370682870167546,2.20959398946577,0,0,2.873189655072701,0.7244936053064973,0.21931904723067497,1.0868898976392098,0.19376653206362476,24.201477706324063,24.052821304596748,0.7575757575757578,data/SYNTHETIC/05597.csv,32.29392286394132
61.510268543833035,35.70830198039891,25.801966563434124,6.077690840711499,0,0,3.1122763582436304,1.3574249098402016,0.5707374618617355,2.2604138850205313,0.32708345943798567,30.64315819346981,28.757514237465347,1.3636363636363633,data/SYNTHETIC/05598.csv,55.43257770312154
42.808533794841686,22.32549870879638,20.483035086045305,2.942786954457202,0,0,3.1122763582436304,1.0443042057997112,0.36840560473412,1.3212502369873496,0.22692764576234775,29.410971238404674,27.94428269698368,1.459270148248471,data/SYNTHETIC/05599.csv,39.86574684038448
58.64390929651675,42.00219167545644,16.641717621060312,29.599030560498772,0,0,2.6338584324498964,1.026799714993103,0.14290776122915838,5.780162618029943,0.6701469289976215,10.04228440853991,5.779114379722437,0.7966764418377323,data/SYNTHETIC/05600.csv,29.04487873601798
7.712031743093735,5.659657012737041,2.0523747303566937,0.5149792664260058,0,0,1.9595627542815162,0.1283631047013994,0.029179633896383325,0.702551799589331,0.09932987811570237,7.674128569416244,-0.0654520392301923,0.4391191179837945,data/SYNTHETIC/05601.csv,7.197052476667729
30.48831208202315,15.918127881917982,14.57018420010517,1.893205018533105,0,0,2.693348627649724,0.5868634671433565,0.07385481775329782,1.014385633820919,0.18778651343439215,26.649146852978696,25.269566389413267,0.7086999022482896,data/SYNTHETIC/05602.csv,28.595107063490044
50.91479074566515,30.556287148509664,20.358503597155487,2.6097939497768188,0,0,3.102310070772143,0.3515284419390298,0.09535997200749852,1.2410900703694339,0.22924325963937472,29.002819907622406,24.746753185369247,1.1388074291300097,data/SYNTHETIC/05603.csv,48.30499679588833
39.59914391350396,23.393286503557924,16.205857409946034,1.5619779485097847,0,0,3.1122763582436304,0.5354407406734338,0.1634261680657785,1.3260285765759179,0.17124072543508312,26.923841252988815,26.531679061162748,0.6598240469208214,data/SYNTHETIC/05604.csv,38.03716596499417
48.67069907567997,26.832186629795817,21.838512445884152,6.08576570549763,0,0,2.569256979272255,1.219573094212372,0.5947862649082062,1.8394984518905177,0.3331319699584721,30.181999083333977,29.73413746834418,1.3636363636363633,data/SYNTHETIC/05605.csv,42.58493337018234
38.73973099937891,24.619776028336776,14.119954971042134,1.232055416943253,0,0,2.187826055635312,0.5577896578367442,0.22578091098241593,1.078381538899136,0.1430866955636434,28.042915859051618,27.35807156241125,0.6207233626588469,data/SYNTHETIC/05606.csv,37.50767558243565
51.28901231021456,29.37625993826152,21.912752371953044,6.394340420273049,0,0,1.9215197428192483,0.62567758140503,0.13616333601341146,2.157771664619591,0.3353649656633809,28.352951218797863,27.39813411178305,0.6500488758553278,data/SYNTHETIC/05607.csv,44.89467188994151
2.301296981716895,1.9253076787227281,0.3759893029941668,0.012872888402261782,0,0,2.8332641090335873,0.0627341025519546,0.01358504354766608,0.08473063051052904,0.013330532550001774,2.59733726349344,-0.0763455643611603,0.07331378299120228,data/SYNTHETIC/05608.csv,2.2884240933146334
139.9465777946462,65.53248725401279,74.41409054063341,33.323727120968016,4,2,3.1122763582436304,4.151220510611092,0.4065098802356396,3.431356657404079,0.6432565409612025,13.705782915877212,8.365401664144393,4.481915933528837,data/SYNTHETIC/05609.csv,106.62285067367819
0.822736359612438,0.6407287989273637,0.18200756068507434,0.004850604629082528,0,0,1.1694324420100553,0.0246765280626023,0.006255228254518781,0.087071539783058,0.008356244555119206,2.2014640012735835,0.0,0.024437927663734094,data/SYNTHETIC/05610.csv,0.8178857549833555
25.421419543354347,19.067918773650362,6.353500769703984,0.9938196516656088,0,0,3.1122763582436304,0.4713240577175056,0.13360952709790222,1.090668785249597,0.13189889107572067,10.886217400340197,-0.0639703213401939,0.7011202724730092,data/SYNTHETIC/05611.csv,24.427599891688736
42.447096543180734,23.31953881697425,19.12755772620648,4.44797074541671,0,0,3.1122763582436304,0.7230701853057427,0.328801683336808,1.5249945798570645,0.2599601628790633,28.10537593766985,26.17598257540568,0.7380254154447705,data/SYNTHETIC/05612.csv,37.99912579776402
14.824814076873277,10.200385133677507,4.6244289431957695,0.3705352104433169,0,0,1.9147435623853981,0.3272449967126351,0.117482111637055,0.5324558153344883,0.07585708478969078,14.145412706512348,12.662264517205587,0.4643206256109478,data/SYNTHETIC/05613.csv,14.454278866429961
13.450355994206319,10.499917642048272,2.9504383521580477,2.075726274741845,0,0,2.270722936403372,0.4775181874804631,0.0881577124714302,1.5183199257785487,0.1863666459093946,3.862674127494232,-0.0535185711174991,0.5560202969696847,data/SYNTHETIC/05614.csv,11.374629719464474
68.13449203948852,45.041085359407305,23.09340668008121,7.227621422745688,0,0,2.6746303053663105,0.6930546440755581,0.08590677016684206,3.062052283143324,0.3635750700084336,28.959348389361313,28.024562952609934,0.5522971652003914,data/SYNTHETIC/05615.csv,60.906870616742836
32.78489030348845,20.88734344186412,11.897546861624333,1.187685702472355,0,0,2.6854086348271275,0.1555881172530016,0.045317503522196656,1.0284265487094257,0.15302796030302232,20.1995805222542,6.12455114424669,0.24926686217008776,data/SYNTHETIC/05616.csv,31.5972046010161
39.64445134203122,21.185052950444984,18.459398391586237,2.1194378917020305,0,0,3.1122763582436304,1.3726658559302134,0.7320501251017915,1.2941573856658195,0.1853979141152485,27.6252290142835,25.79897715898137,1.3636363636363633,data/SYNTHETIC/05617.csv,37.52501345032919
31.746497333200747,18.139037335666636,13.60745999753411,1.6755063708873035,0,0,1.7922780709673787,0.3463512301592525,0.053006858214157626,1.3068790760056692,0.1777836466588105,24.570502702757846,22.213302866643385,0.2883675464320623,data/SYNTHETIC/05618.csv,30.070990962313445
18.31272518430772,10.71390952570587,7.598815658601851,1.502078488454503,0,0,1.7375173104643615,0.2211700204747322,0.05567071151731001,0.972691488678148,0.164746809026754,17.120111976021104,-0.0,0.24926686217008776,data/SYNTHETIC/05619.csv,16.810646695853215
69.04436002360711,44.07819133752948,24.96616868607763,2.4345981404517856,0,0,2.9155823119018893,0.2063414451937789,0.06389252589936666,1.5500604207132747,0.23134812007437505,30.716996757746347,30.20715492005439,0.32746823069403685,data/SYNTHETIC/05620.csv,66.60976188315533
25.675016268198817,16.193859258301323,9.481157009897492,2.402115608114223,0,0,2.354487440188791,0.2529531201003011,0.06486591623623697,1.095569489863892,0.21175012186488568,20.165042237884197,17.901877378201036,0.3079178885630496,data/SYNTHETIC/05621.csv,23.272900660084595
24.854246229772603,17.30811697031643,7.5461292594561735,3.5457288534658336,0,0,3.1122763582436304,0.3819376018391302,0.0806160540554785,2.4552821576231403,0.272686599377954,16.999772691420763,0.4938759861123829,2.956989247311828,data/SYNTHETIC/05622.csv,21.308517376306767
51.02013254296139,29.392365693659954,21.627766849301437,4.311429675584146,0,0,3.1122763582436304,0.7879632479429022,0.35040198537415307,2.142869910920247,0.2813503042734927,26.8691686180077,23.187615589530928,0.8846529814271751,data/SYNTHETIC/05623.csv,46.70870286737725
34.14254040918753,21.62473093943906,12.517809469748473,3.775942959295661,0,0,2.4344258304848805,0.6571177195889558,0.20690835958652506,1.633164020603405,0.24395885937187323,22.392533766607926,19.54027163882806,0.7184750733137832,data/SYNTHETIC/05624.csv,30.36659744989187
42.2919550226102,24.285180696411867,18.006774326198336,1.5312170277487513,0,0,3.1122763582436304,0.1776727361063018,0.05263495486475966,0.9087748571549029,0.1740588130992425,31.714138808596132,31.38860861649973,0.4936461388074287,data/SYNTHETIC/05625.csv,40.76073799486145
67.6743021072088,38.50998534375039,29.164316763458416,1.8315834733426808,0,0,3.0811428837287527,0.7987548897492605,0.2527686876947514,1.4250282708594486,0.18058872911416954,32.81062108649112,32.31044897898742,0.8846529814271751,data/SYNTHETIC/05626.csv,65.84271863386613
5.597040787000971,3.6907510724572976,1.906289714543673,0.07544574720811856,0,0,1.5128596801908065,0.1037166090491178,0.0382052346584245,0.19516755541169697,0.03406689423890499,9.446603522924796,4.098261068432518,0.1894429643082376,data/SYNTHETIC/05627.csv,5.521595039792852
70.20352053005519,40.37343926830142,29.830081261753765,2.851358723549569,0,0,2.423630978307829,0.9276030571530168,0.1139381911827333,1.6089991154328438,0.2451396262555494,33.591241505377575,33.157137632988,0.8944281524926687,data/SYNTHETIC/05628.csv,67.35216180650562
56.89710128234961,36.550571866818125,20.34652941553148,6.587286675312239,0,0,2.883454923703213,0.5681628028933582,0.16018238134807192,2.0733644261733337,0.38413300393263927,32.482506425028035,31.5034103144389,1.087810140696325,data/SYNTHETIC/05629.csv,50.30981460703737
43.33261746203182,25.019304086258614,18.31331337577321,3.677811903674929,0,0,2.158140942439701,1.232558278101132,0.1655646594436469,1.5755540308364124,0.2502416803607571,25.090214245455336,24.771820033143545,1.2561094819159337,data/SYNTHETIC/05630.csv,39.65480555835689
25.028533533555436,16.306539638620656,8.72199389493478,1.6732903826679377,0,0,2.5516868640484303,0.7793099062559042,0.38535829847585157,1.2182134295223108,0.15900965101697126,16.37449993664386,13.78687653145809,0.806451612903226,data/SYNTHETIC/05631.csv,23.3552431508875
47.7238959728199,25.60279284060894,22.121103132210965,14.371626649308677,0,0,1.9114311768279924,2.0536879738487657,0.6241674552725294,2.2039673568934504,0.4429428412902102,25.273155133380204,24.353487056355547,2.0576735092864125,data/SYNTHETIC/05632.csv,33.35226932351122
62.13779615975216,52.04356105070494,10.094235109047228,12.004679875497287,0,0,3.1122763582436304,1.9510601481204024,0.2461078832910005,1.7425485500778715,0.3893290498739189,11.993691328297157,3.979533746990519,1.5884652981427179,data/SYNTHETIC/05633.csv,50.133116284254875
45.918596982239094,24.96617397653231,20.952423005706784,2.298096157520708,0,0,1.504531837688956,1.171943716826111,0.22289379356547362,1.203266005712396,0.20377050946549874,28.4835302236029,28.04242418243568,1.275426950290281,data/SYNTHETIC/05634.csv,43.620500824718384
53.014280187478214,35.9630455548765,17.051234632601712,12.226017300978866,0,0,2.3653743582422107,0.7817952097126638,0.0905456884530569,3.6368332774505276,0.4352684081509787,23.064726867045568,20.510035942300966,0.6402737047898341,data/SYNTHETIC/05635.csv,40.788262886499346
49.179963081262144,28.21077622128172,20.969186859980425,7.851474634091899,0,0,3.1122763582436304,1.4340249358018042,0.6085933414737031,3.8835351329427206,0.372200653811309,18.313155253273564,17.804616639385745,3.809291806632486,data/SYNTHETIC/05636.csv,41.328488447170244
39.767260907767735,21.31265218883112,18.454608718936615,1.9890490095939954,0,0,2.5479908275817604,0.1722220074701615,0.059537950400589616,1.042763040665762,0.1969258996955009,31.377993264447195,30.98462258812688,0.2883675464320623,data/SYNTHETIC/05637.csv,37.77821189817374
23.68770418464367,12.113460226867797,11.574243957775872,2.67708573380608,0,0,2.143074773203619,0.9492163064245648,0.4739716175336617,1.5940693024375163,0.21069043318953137,19.442863470030133,15.61849118915852,1.0312805474095796,data/SYNTHETIC/05638.csv,21.01061845083759
55.031807926944985,33.49983453063573,21.531973396309255,1.4580164304800918,0,0,2.329687899770043,0.1798474771770654,0.06743425435653784,1.2624510636911197,0.17404779671626194,31.057982331336525,28.39173049082591,0.3861192570869987,data/SYNTHETIC/05639.csv,53.57379149646489
30.577926497070337,18.39299927646957,12.184927220600766,0.5599824251738797,0,0,2.8848299498191183,0.1464865749370634,0.038341476458524267,0.7075912749668679,0.11268780545729211,27.112313282495332,26.98798543507408,0.3176930596285432,data/SYNTHETIC/05640.csv,30.01794407189646
53.104883686497864,31.5848844718126,21.519999214685264,4.19954476851346,0,0,3.1122763582436304,0.8457759285931397,0.3346803970194367,1.8576765434548992,0.27311209391224317,32.49587467417196,32.1882122900616,0.8455522971652005,data/SYNTHETIC/05641.csv,48.9053389179844
16.572741670001825,10.911348598166082,5.661393071835741,3.8343163827622346,0,0,2.825868904125156,0.7206024473224288,0.07642906667182722,2.28679852753749,0.2535463133210098,12.042688504302696,0.0,0.6402737047898341,data/SYNTHETIC/05642.csv,12.73842528723959
63.76659335612126,35.59613366745638,28.170459688664884,4.533426263930013,0,0,2.7511587570384815,0.9159024779552544,0.649644568381445,1.3428622073444607,0.2846073212473004,32.79052719809827,32.692242527833066,1.0703812316715542,data/SYNTHETIC/05643.csv,59.23316709219125
119.15801129328077,44.33853483376627,74.81947645951449,30.219538167144012,0,0,3.1122763582436304,3.456200887689636,0.41761422213718385,5.615112010582683,0.637148641259756,15.34479878972605,2.041363507100104,3.73900293255132,data/SYNTHETIC/05644.csv,88.93847312613676
37.75742910348524,22.107173720893634,15.650255382591599,4.156099991247843,0,0,2.5630410262239405,1.2260720472086448,0.15223347220931696,1.5210794607403388,0.26087877366180273,24.93997450080092,24.810751084896573,1.5383492669711445,data/SYNTHETIC/05645.csv,33.601329112237394
42.63216697383491,26.45504759978653,16.17711937404838,1.0140410543483194,0,0,2.386418946831977,0.1492945966109164,0.043311353088227166,1.045513365374956,0.1467981217542624,25.49367562706203,23.891255677347708,0.23949169110459412,data/SYNTHETIC/05646.csv,41.618125919486594
42.19014830158389,24.516256224533244,17.673892077050645,4.758126863999228,0,0,2.5269194489330165,0.977740674131044,0.3390769593311881,1.270168531222951,0.2705767813727391,25.43138855760519,23.349466845414064,1.050830889540567,data/SYNTHETIC/05647.csv,37.43202143758466
56.55075813032394,36.759830742146875,19.790927388177064,21.462656908838294,0,0,3.0766862132049204,1.3872411688348572,0.45565886245495385,6.675243603707632,0.6118462960101922,23.343321673062157,22.4607088723716,1.3245356793743888,data/SYNTHETIC/05648.csv,35.088101221485644
25.823569252839434,17.815236582696162,8.00833267014327,3.9263826138589755,0,0,2.459275390446791,0.894470052336394,0.20422085963396291,3.1847953224163636,0.3382033995689609,17.40380343442233,4.397664367961159,1.0019550342130987,data/SYNTHETIC/05649.csv,21.897186638980457
101.43617393101106,48.572556897296096,52.86361703371496,18.658110643992515,0,0,3.1122763582436304,2.99135281298572,0.40591754292319915,2.2738700093530384,0.46960288416822965,12.384630981458804,6.150092124388429,3.2111436950146626,data/SYNTHETIC/05650.csv,82.77806328701854
55.95922783870223,34.635605202650886,21.323622636051347,1.445297118610169,0,0,2.450045859045435,0.4475768955969356,0.12589127733503308,0.8207410734223121,0.16528783399635782,30.975541684984158,28.28161259077355,0.5327468230694041,data/SYNTHETIC/05651.csv,54.51393072009206
34.266111734983156,19.547447682740167,14.718664052242989,5.973236901448387,0,0,2.9051872758890678,1.290352587707647,0.49368741942202304,2.3154539556907796,0.33847922700281036,25.246541717573493,25.09565271173872,1.2463343108504397,data/SYNTHETIC/05652.csv,28.292874833534768
47.2917083582213,27.419356535000894,19.87235182322041,1.3639708547549967,0,0,3.1122763582436304,0.8355750715486064,0.3118217066184362,1.426642188280569,0.15698687318050406,25.272467111419505,24.917576740598,1.3662866588967122,data/SYNTHETIC/05653.csv,45.927737503466304
36.41743897522038,19.572160266551773,16.845278708668605,2.9997622281332674,0,0,3.050097138090586,1.5315256325637714,0.2240033996686795,1.350973901504128,0.22885362417434818,28.067413537543825,27.13679730706068,1.5982404692082115,data/SYNTHETIC/05654.csv,33.417676747087114
61.490432872215266,34.91253933954479,26.577893532670473,2.6821139488564425,0,0,2.6764795637195054,0.8049365921345163,0.20042843396139395,1.2288664531571938,0.2365224675911624,33.15299115051465,27.57765271273776,0.9042033235581624,data/SYNTHETIC/05655.csv,58.808318923358826
41.65003252341442,27.144508904078947,14.505523619335472,6.633147521388858,0,0,1.8042976155929,0.8665528768244131,0.09547711126167453,3.3455447856510676,0.35594575935492545,22.372455321691135,19.2062307755489,0.7771260997067451,data/SYNTHETIC/05656.csv,35.01688500202556
53.3750646068219,34.657023892156865,18.718040714665037,9.71880285307272,0,0,2.967596777014567,1.6137828723649694,0.9911855952631289,2.2261888896736077,0.42083847932631924,25.706812053868692,24.3896715122029,1.6568914956011729,data/SYNTHETIC/05657.csv,43.65626175374918
32.977857081484345,18.113108013428324,14.864749068056025,12.30513851858438,0,0,3.1122763582436304,1.7664803687172657,0.2971313256145832,2.6694725391975216,0.41452813068332933,15.227698942048978,11.30981470567074,1.7937438905180842,data/SYNTHETIC/05658.csv,20.672718562899966
42.740655833409306,29.09966812732795,13.640987706081361,1.7498452444678143,0,0,3.1122763582436304,0.7754841241359248,0.1725686845789712,0.908195556112302,0.1596651534760113,19.32198611843481,11.182624583492943,1.774193548387097,data/SYNTHETIC/05659.csv,40.99081058894149
29.68160146645068,17.903796421066527,11.777805045384154,2.6546074381874023,0,0,2.6934134087724373,1.325360769487869,0.2584743671308633,0.7936319180734608,0.19697434401175018,22.124149749474274,11.273612113345411,1.2463343108504397,data/SYNTHETIC/05660.csv,27.026994028263278
56.29648269805288,34.32385941797976,21.972623280073115,3.267494975840169,0,0,3.1122763582436304,0.2449040073599933,0.09011177875287696,1.015797169677044,0.2389841493932004,32.78860814053449,32.677670608680245,0.4643206256109478,data/SYNTHETIC/05661.csv,53.028987722212705
25.802512185002524,16.5632336439102,9.239278541092325,0.37023360130487865,0,0,2.6190678407757537,0.1387641087411043,0.03579372364395439,0.6887039602263181,0.09514956457335898,22.402117140368265,21.670682077255726,0.48387096774193505,data/SYNTHETIC/05662.csv,25.432278583697645
19.02832528199501,11.738443509292821,7.289881772702186,0.6882296144693931,0,0,1.2613804228778647,0.2944819644862739,0.08072699396722513,1.093366572766216,0.11537933023525701,16.95295554504155,15.466428618364096,0.3079178885630496,data/SYNTHETIC/05663.csv,18.340095667525617
18.588218230912197,12.569994546680729,6.0182236842314705,3.1581112143864907,0,0,2.1058880651593457,0.3275805530440697,0.06649656090063892,1.6484270707274857,0.2523690432780841,12.581167054899176,1.3465993674714831,3.441806557663792,data/SYNTHETIC/05664.csv,15.430107016525707
49.89111198273174,25.516467868880575,24.37464411385117,14.476317467573455,0,0,3.1122763582436304,2.25893685630539,1.0743991162846978,2.7133039057702257,0.4501504981628606,17.023354476981446,16.570466302935042,2.2825024437927666,data/SYNTHETIC/05665.csv,35.41479451515829
40.375584216618165,24.895362213087623,15.480222003530544,3.6754060451231934,0,0,2.9946957694121528,1.0991168466204662,0.24865736312777514,1.8286933506120318,0.2693394396182176,28.63276042303989,26.35872242074825,1.129032258064516,data/SYNTHETIC/05666.csv,36.70017817149497
37.76213771101996,22.365734978857553,15.396402732162409,3.675394177432055,2,2,3.1122763582436304,0.3155115575020468,0.08559190508493117,1.56976028497128,0.25965254512246555,27.787806854199225,26.9199476629302,1.165621464388906,data/SYNTHETIC/05667.csv,34.08674353358791
86.47291350136732,49.56369606349409,36.909217437873224,1.4716145099226805,0,0,2.4188723168504067,0.1848425198944137,0.059456598241227884,0.950553196386888,0.16144228699556887,32.74952827501209,32.41959403424493,0.3372434017595305,data/SYNTHETIC/05668.csv,85.00129899144464
50.060688835399546,26.399705946339854,23.660982889059692,10.402570817365822,0,0,3.1122763582436304,1.6466205917949832,0.5085100732833656,3.713931821595618,0.4225698454853796,29.203453282288937,28.41031515490376,1.5786901270772242,data/SYNTHETIC/05669.csv,39.658118018033726
50.9809337771661,32.11680804668807,18.864125730478033,2.662674434996862,0,0,2.122241373689589,0.1979871435027357,0.06988862305030939,1.4822560428149338,0.22096287535345974,28.258065060116536,26.548567748681712,0.913978494623656,data/SYNTHETIC/05670.csv,48.31825934216924
5.067443407702829,2.722898645720095,2.3445447619827338,0.2753427271732166,0,0,1.2848323245552722,0.157446257816394,0.018906500778735836,0.598411932214921,0.06546158763815964,4.6490103446085085,-0.0603299901273026,0.4445628256154628,data/SYNTHETIC/05671.csv,4.792100680529612
14.52524141314587,11.241920811840123,3.283320601305748,0.6141315053762889,0,0,1.8193430054828565,0.1566195593449514,0.025717693201183764,0.6309230030769639,0.09893356039542614,5.891826341570216,0.7757419105259752,0.29814271749755594,data/SYNTHETIC/05672.csv,13.911109907769582
63.29068479451146,36.22424465158105,27.06644014293041,2.671276800687048,0,0,2.6076173620180967,0.8977694194203215,0.20809184029524985,1.0157556810038615,0.2079018398728206,35.116316872059635,34.97111226123982,1.050830889540567,data/SYNTHETIC/05673.csv,60.61940799382442
61.18202511120778,33.272602581946515,27.909422529261267,0.6778061385478932,0,0,3.1122763582436304,0.124805227543965,0.041978755594895605,0.770036511371188,0.11825335117196882,32.84416333763385,32.69518819351979,0.27859237536656867,data/SYNTHETIC/05674.csv,60.504218972659885
101.96864771925632,60.46852904673453,41.500118672521786,9.66315174385074,0,0,2.4322340916397476,1.40383949932886,0.23364533796198927,3.4223576981671098,0.41009653753706143,32.709593862583546,31.941241051395608,1.3245356793743888,data/SYNTHETIC/05675.csv,92.30549597540559
61.8058368695051,37.87663231206741,23.929204557437693,17.144664771007466,3,2,3.1122763582436304,3.0779938799759674,0.20532847567441678,4.105477338958979,0.5178514752765039,18.858434121980522,10.537143174468868,4.27663734115347,data/SYNTHETIC/05676.csv,44.66117209849763
42.743723436180474,25.28057695571253,17.46314648046794,3.321270189156879,0,0,3.1122763582436304,1.293215495883093,0.2708588892023037,1.7977614420073529,0.2300833005022593,25.889035387777195,25.43133353017028,1.3538611925708701,data/SYNTHETIC/05677.csv,39.4224532470236
64.12340356186169,37.866418096714874,26.256985465146816,21.596174880874756,0,0,3.1122763582436304,2.464854024219263,0.9419609553612871,6.091254422010281,0.6250252877863511,24.72420233764449,15.526292272084536,2.4486803519061584,data/SYNTHETIC/05678.csv,42.52722868098694
7.858930843112679,5.147976123434994,2.7109547196776855,0.48287738472037767,0,0,3.1122763582436304,0.3835215526480083,0.06241277936682198,1.1290963811979708,0.0875831699611184,6.830922712998712,-0.0495188805192814,1.5786901270772242,data/SYNTHETIC/05679.csv,7.376053458392302
67.26400464460238,39.98681890508927,27.27718573951311,0.3420491682246831,0,0,3.1122763582436304,0.0813582293188477,0.023934575688553072,0.424737663730084,0.10192210105230617,34.68236225979482,34.09516371134426,0.23949169110459412,data/SYNTHETIC/05680.csv,66.9219554763777
33.1357620856248,21.362746712890253,11.773015372734545,0.7253893122627754,0,0,2.9090371902417798,0.3992026232167619,0.05723148277750188,0.7430244576231049,0.11392343486817678,19.170055620330952,0.6777184987163264,0.562072336265885,data/SYNTHETIC/05681.csv,32.41037277336202
64.46395445541071,37.10773911717906,27.35621533823165,6.319418293481253,0,0,2.3148495076537285,1.0527242164804052,0.20771442994921674,3.383042428364438,0.3834477889569561,34.6863973942014,34.27394022328647,1.158357771260997,data/SYNTHETIC/05682.csv,58.14453616192946
37.15530646745361,20.228603323741687,16.926703143711926,1.81110789568083,0,0,2.5289563669229684,0.9335224435879153,0.6813055131743435,1.6514252590669536,0.19016595566110597,26.482500803188387,25.018421784179232,0.9628543499511242,data/SYNTHETIC/05683.csv,35.344198571772786
103.31976954186156,56.0337263086143,47.28604323324726,2.5659260188584443,0,0,2.9705265547330595,0.2372631590043201,0.0756349452514288,1.342497801409982,0.2301184883136939,32.86569082789752,26.82809780295658,0.5110438923991102,data/SYNTHETIC/05684.csv,100.75384352300311
61.25819716115887,33.62418080924998,27.63401635190889,9.303206596680369,0,0,2.9651515978712633,1.9708641057076528,0.8635177230591057,2.1500805299629744,0.36990058190685166,32.51308255672311,30.7232327428285,1.9794721407624634,data/SYNTHETIC/05685.csv,51.9549905644785
29.650905163306223,22.804068110692693,6.84683705261353,7.154489726600389,0,0,3.1122763582436304,2.0202613256174926,0.2544223999693819,2.15408737620153,0.3061030061394826,5.003286572125963,0.0,1.852394916911046,data/SYNTHETIC/05686.csv,22.496415436705835
21.20404691402724,14.618247020817316,6.585799893209926,0.7503674263469026,0,0,1.839729476071858,0.1761157721062617,0.06200838418554525,0.8722176280573729,0.11674320676711697,16.55858426063756,14.246503061946033,0.5101546390300986,data/SYNTHETIC/05687.csv,20.45367948768034
59.440154296196944,45.57405197558402,13.866102320612924,6.0127352396721925,0,0,3.1122763582436304,1.4058632299070313,0.23806190962789583,1.372771393642687,0.28150918591355056,11.371435724770176,2.9825052371594687,1.6080156402737051,data/SYNTHETIC/05688.csv,53.427419056524755
40.539222989779475,22.64979564349651,17.889427346282968,3.169264532813556,0,0,2.271896416321666,0.9362903041887908,0.22511877840318095,1.6387916581817088,0.2508789370971654,30.954944020540893,27.831576665998742,1.1681329423264906,data/SYNTHETIC/05689.csv,37.36995845696592
55.82657984720756,30.649665564547206,25.176914282660356,1.7105453202916487,0,0,3.0840357434013055,0.4517647873756432,0.20354734623677756,0.8061011236952631,0.17320783790355276,31.849938200862393,31.466956321833507,0.5425219941348978,data/SYNTHETIC/05690.csv,54.11603452691591
40.736979157905985,27.541431008238092,13.195548149667891,1.637695352441993,0,0,2.774029837430359,0.2013605275447268,0.06215907490986121,0.8418123401341,0.17386986462432985,25.87269040125096,21.67234357386068,0.6304985337243405,data/SYNTHETIC/05691.csv,39.09928380546399
51.24261634712363,28.733549730294488,22.50906661682914,2.380543927308715,0,0,2.5810326107372257,0.6162875758972908,0.0987352115618922,1.357832758444747,0.20896649322594513,29.725642514120576,29.51444454950841,0.7184750733137832,data/SYNTHETIC/05692.csv,48.862072419814915
51.94625151004079,33.5227756633266,18.42347584671419,2.5214893741565274,0,0,2.953967507051627,0.4830023847327939,0.2006596546463117,1.272202996172404,0.20349416621370134,31.219912713613883,30.852068008864634,0.6304985337243405,data/SYNTHETIC/05693.csv,49.42476213588426
64.44933632999575,36.30761467722852,28.141721652767227,3.6977906131117004,0,0,2.358891795725794,0.9636634430176936,0.3100624587176306,2.248849702584539,0.263320443282895,33.91771816797475,33.24162261151178,0.9628543499511242,data/SYNTHETIC/05694.csv,60.751545716884046
57.144065372509004,39.633022165545015,17.51104320696399,0.9425185371517653,0,0,3.1122763582436304,0.3232664590709729,0.06382372535491929,0.640101451017784,0.14688417187383826,29.872416284895657,29.72133056887789,0.6011730205278596,data/SYNTHETIC/05695.csv,56.20154683535724
41.73962206241393,26.57791329008226,15.161708772331671,16.788517460458163,0,0,3.1122763582436304,1.0758808509167987,0.1685529396142282,3.9325808532140414,0.5286990779242593,17.717755444973783,11.247223963252676,1.0606060606060606,data/SYNTHETIC/05696.csv,24.951104601955766
30.83650654566754,21.07754852209282,9.758958023574719,1.9568647577655314,0,0,2.3129056564309036,0.8920504247705892,0.3653678973589075,1.3573654178188217,0.17557736222802148,23.55458900796183,23.13537594672161,0.9628543499511242,data/SYNTHETIC/05697.csv,28.87964178790201
59.26017511644826,38.30535727441666,20.954817842031602,17.194908657053613,2,1,3.1122763582436304,1.3147254487094866,0.6065418939364048,4.040326601626359,0.5483808597042905,26.608427884347783,25.77912610855608,1.6186681332297037,data/SYNTHETIC/05698.csv,42.06526645939465
60.82079454657415,42.677514549862,18.14327999671215,3.8086530759114114,0,0,3.1122763582436304,0.4671836965976031,0.2022686018528256,2.1149916455879616,0.2872400698154774,28.882106150203835,27.20702036737589,0.6109852909467559,data/SYNTHETIC/05699.csv,57.01214147066274
22.569852743527605,14.334010622527964,8.23584212099964,1.1969685273260549,0,0,3.1122763582436304,0.6242125799476684,0.20705640234024345,1.10645733363711,0.13955527702388448,20.05401102829966,19.94772651266685,2.90811339198436,data/SYNTHETIC/05700.csv,21.372884216201548
39.52508849127574,23.053404249276515,16.471684241999228,4.072737457045455,0,0,2.9338657052614736,0.5553242471528151,0.11562429246656027,1.982189693583385,0.2747940488672914,28.79168532307806,27.443533465644308,0.5328610908426828,data/SYNTHETIC/05701.csv,35.45235103423028
35.22537041775113,19.963078519777728,15.262291897973402,0.9380906889828866,0,0,2.31759474688583,0.4097226507804136,0.05692515689903463,0.92824728478662,0.13622890280325364,28.12249615443883,27.1532253670956,0.6402737047898341,data/SYNTHETIC/05702.csv,34.28727972876824
36.97043667835777,27.982615951369795,8.987820726987975,9.156782859157891,0,0,3.1122763582436304,1.1140770907620876,0.42404027634586994,3.611751004359852,0.45613202023673816,16.44266064928614,14.924811989872357,3.4946236559139785,data/SYNTHETIC/05703.csv,27.813653819199878
43.548384005792684,24.480697187706323,19.067686818086365,7.364756195091846,0,0,3.1122763582436304,2.293576916945381,0.16521046037603604,1.5688319439384402,0.30963094124994583,8.409169622704994,3.478691628526944,2.253176930596285,data/SYNTHETIC/05704.csv,36.18362781070084
54.26510221101785,34.380776206173444,19.884326004844404,1.6856700587428581,0,0,3.1122763582436304,0.6497819722186969,0.15952249246345118,0.8518000504627166,0.17031111074636393,30.246405629640478,28.92275255430413,0.6598240469208214,data/SYNTHETIC/05705.csv,52.57943215227499
370.745070347808,245.10258096439878,125.64248938340923,59.88136870112626,4,3,3.1122763582436304,4.204017905876717,0.30821161666457136,4.802435105649647,0.824823563189449,12.695502358358313,-1.0520600374271394e-26,32.023254492703046,data/SYNTHETIC/05706.csv,310.86370164668176
57.914896932992015,33.81086932384365,24.104027609148368,16.116425197194097,0,0,3.1122763582436304,2.4047648388739,0.8154034455945822,2.8415020393823553,0.5234258820126885,24.178305360482955,24.028572202909547,2.605083088954057,data/SYNTHETIC/05707.csv,41.79847173579792
46.20171068256756,23.627983484968734,22.573727197598824,1.1981263359029257,0,0,2.251625827080735,0.359883021623877,0.19078877319265397,0.6196137226698369,0.14440603628443877,34.69083064625322,34.3463171004118,0.7673509286412514,data/SYNTHETIC/05708.csv,45.00358434666463
63.43942216743109,32.474188487720376,30.965233679710717,4.244667547676596,0,0,2.2708014465880306,0.5830228522927773,0.23890953033181564,1.9036558955177558,0.2865333165895779,35.20416833174365,35.02831473308604,0.6011730205278596,data/SYNTHETIC/05709.csv,59.19475461975449
32.7746938871072,20.261674090008338,12.51301979709886,2.8222511851252743,0,0,2.3332440816185307,0.4972128495440523,0.2020279382971944,1.1898349071988508,0.22006778962029142,22.699667523570323,21.38121769476165,0.4740957966764414,data/SYNTHETIC/05710.csv,29.952442701981923
61.90098004131462,30.98124825177515,30.91973178953947,12.889210531421018,0,0,2.830611351969327,1.7414581572859198,0.7394776661415409,2.5205308524262793,0.44799667827146583,30.132318514842563,29.54082740803468,1.8132942326490715,data/SYNTHETIC/05711.csv,49.0117695098936
61.31083962000852,32.48419477834743,28.826644841661093,8.60052855951679,0,0,3.093192417536661,1.6624620483555044,0.6558553015103422,2.7177731579056994,0.36851488390237025,30.415654488390036,29.787833877907595,1.9012707722385143,data/SYNTHETIC/05712.csv,52.71031106049173
26.939248826285965,13.386870064222329,13.552378762063636,6.3179892500345245,0,0,2.8499802500690667,1.6378729444283828,0.26826921726436986,2.164359901836018,0.30839840916010813,20.673507140228338,19.400656523968934,1.627565982404692,data/SYNTHETIC/05713.csv,20.62125957625144
28.247698103878875,17.372746352945683,10.87495175093319,2.429415455209345,0,0,2.303860792556778,0.4702634222528568,0.1135289932190728,1.2345582129544401,0.19836501519316452,22.45243317877271,21.956909444152288,0.4643206256109478,data/SYNTHETIC/05714.csv,25.81828264866953
59.51009570240083,34.84328155692365,24.66681414547718,0.896547451560685,0,0,3.1122763582436304,0.1547214017085458,0.04698158434854213,0.6001854095820139,0.127215213714446,30.641085136803184,28.65374876048401,0.26881720430107503,data/SYNTHETIC/05715.csv,58.61354825084015
44.76607754995112,27.307720742132798,17.458356807818323,2.6698937327328345,0,0,2.6411521735487296,1.0784792528608906,0.7176070355101285,1.9903424524692448,0.2285630302384706,28.201748881600807,27.518056986908103,1.158357771260997,data/SYNTHETIC/05716.csv,42.09618381721829
11.704497948918839,7.0058290796541565,4.698668869264683,0.48962402180604586,0,0,1.5099460932937678,0.1191590938182433,0.047181719566072665,0.536935161800162,0.09224607818888826,15.262235126727635,13.831408611131264,0.19061583577712593,data/SYNTHETIC/05717.csv,11.214873927112793
54.63479593582237,33.04055679506818,21.594239140754194,5.7016756586764465,0,0,3.1122763582436304,0.7667945665468361,0.3226884553895383,1.6582681848431469,0.30629912419593214,31.92651568581725,31.56830076769261,0.9042033235581624,data/SYNTHETIC/05718.csv,48.93312027714592
4.267335743915656,2.9908879827953325,1.276447761120324,0.35446672141240354,0,0,1.060403263921971,0.1039590675573087,0.027597008853416344,0.652921053611048,0.08439691655022974,6.545501135738368,1.3964123744046857,0.1319648093841641,data/SYNTHETIC/05719.csv,3.9128690225032527
56.99757062126015,35.87750907281707,21.120061548443086,2.497776660170885,0,0,2.910511814148431,0.837777294180001,0.28858146941199836,1.1138210902852863,0.21149022112854904,28.37489599424251,28.27014434448472,0.9824046920821115,data/SYNTHETIC/05720.csv,54.49979396108927
27.306982418503193,17.72045261031433,9.586529808188864,4.766724791338577,0,0,1.870872782132736,1.122620644134775,0.28855133493993845,1.4950857208506778,0.26499301460897406,16.214373332430092,13.564836944741474,1.158357771260997,data/SYNTHETIC/05721.csv,22.540257627164614
48.271391081489654,30.67173893050792,17.599652150981736,5.673120759297261,0,0,2.5328252058076988,0.6906208753027766,0.09665542774975343,2.034426002241943,0.3050099134906125,28.589200885520924,27.02027360164867,0.6402737047898341,data/SYNTHETIC/05722.csv,42.59827032219239
367.70375762610365,242.1936068980031,125.51015072810054,55.825338672005074,8,5,3.1122763582436304,3.446666625525611,0.8313203377339604,5.940410524170263,0.8698236738728128,14.15589123254657,0.0,4.589442815249267,data/SYNTHETIC/05723.csv,311.8784189540986
78.96488094961653,55.21768395286393,23.7471969967526,0.7470894666996621,0,0,3.1122763582436304,0.311445982895033,0.04766947785317062,1.129662990228513,0.1261223073879869,31.521013819760682,30.831611228272283,1.0703812316715542,data/SYNTHETIC/05724.csv,78.21779148291687
65.43799992445472,34.79606914859249,30.641930775862225,6.672574881649437,0,0,2.895043900837366,0.709020230491637,0.14606160087960546,2.2360630933188466,0.34923198807731326,33.6317402036919,31.098873300808272,1.0856018669221656,data/SYNTHETIC/05725.csv,58.765425042805276
51.25349559100427,32.75099014557157,18.502505445432693,12.431693225740087,0,0,2.175333633992945,0.918893032065853,0.11247579776087421,2.793289650666415,0.4654740533513325,25.473559968897725,23.60465679687908,0.6793743890518087,data/SYNTHETIC/05726.csv,38.821802365264176
60.807729792093404,33.78679153933428,27.020938252759123,1.0881558901643067,0,0,2.4611987913764612,0.1667775070037441,0.04531683920034699,0.7230904684299729,0.14046844891758364,33.28854873965549,32.79594724554178,0.4154447702834796,data/SYNTHETIC/05727.csv,59.719573901929095
15.646274429721183,9.637630090788926,6.008644338932257,0.6513338757198742,0,0,1.8438561115392276,0.1138094541026064,0.042195820268527647,0.6055793043158461,0.10535291759569401,15.833037429705183,3.322440644889461,0.15151515151515138,data/SYNTHETIC/05728.csv,14.994940554001309
28.506635857165957,16.989867971185397,11.51676788598056,1.9031647301186125,0,0,2.2645317033017553,0.1496742042168562,0.07459110572005084,1.4251416177621112,0.18873813225367259,23.620617060997482,23.5728474406595,0.3079178885630496,data/SYNTHETIC/05729.csv,26.603471127047346
84.52435596118599,46.458432578432586,38.065923382753404,11.330494806698542,0,0,2.9022286418248204,0.8826797329626623,0.23664802424349915,2.8082285043142465,0.4644697421044004,31.87275148850058,28.16328332034309,0.9335288367546433,data/SYNTHETIC/05730.csv,73.19386115448745
51.91560733270838,29.756186819300556,22.159420513407827,3.087202566935366,0,0,2.8134057155840155,0.574057308305258,0.15984565989728391,1.6650132928828678,0.23319532280455418,33.386357879545955,31.812880856221422,0.6891495601173023,data/SYNTHETIC/05731.csv,48.828404765773016
57.57983720614844,35.76527312351235,21.814564082636085,3.4226618575571677,0,0,3.1122763582436304,0.951577757300786,0.32534359962758397,2.050874099488721,0.25481963551317677,30.024780670974405,29.441433662950093,0.9824046920821115,data/SYNTHETIC/05732.csv,54.157175348591274
31.035991180130246,19.591068383893774,11.444922796236472,6.1362713992609725,0,0,2.3174397177036585,1.2040054572159025,0.4060058761638604,1.9556672413279397,0.32818110428539565,20.193820352964707,13.070320401623892,1.1779081133919842,data/SYNTHETIC/05733.csv,24.899719780869273
51.61107306541973,34.00423640546359,17.606836659956144,6.010584755438238,2,2,3.1122763582436304,0.7085299196728706,0.08809975398260007,1.8934258895888705,0.33336884552691526,29.02597115798822,19.35834416398661,4.364613880742913,data/SYNTHETIC/05734.csv,45.60048830998149
36.987021222979614,21.74628285192942,15.240738371050197,3.3322908343762307,0,0,2.8277894808872728,1.1944529078145925,0.5711220472612463,1.6755103244980507,0.2440539031762533,25.844189276840943,25.00485951601357,1.526776696892323,data/SYNTHETIC/05735.csv,33.65473038860338
41.86599638007986,29.060806551354943,12.805189828724911,16.54027279566843,0,0,3.1122763582436304,2.327470767611324,0.28306079970533776,3.2343851688317837,0.5196365425660788,16.735730193152804,10.89119821170059,3.4066471163245353,data/SYNTHETIC/05736.csv,25.325723584411428
64.47243419407074,41.26168053407416,23.210753659996584,2.2413408879118677,0,0,2.8007808333210282,0.1704355532558696,0.06446853202522213,1.4342469164991878,0.2185336931865206,29.7438434102347,29.39882860525616,0.35679374389051777,data/SYNTHETIC/05737.csv,62.231093306158876
1.8847058119462239,1.202177459377195,0.6825283525690288,0.008300778622663124,0,0,0.9522453658725981,0.0234870512119802,0.012402568497673612,0.07740057391273199,0.011351621823900595,5.872329990632473,2.911623251195289,0.053763440860215006,data/SYNTHETIC/05738.csv,1.8764050333235607
74.97787810691912,44.57782579986208,30.40005230705703,4.943539426900347,0,0,3.1122763582436304,0.6156850568000579,0.09340050983749162,1.7886672257996468,0.29650753342267505,33.6897184608713,29.299846229130413,0.8029404490171053,data/SYNTHETIC/05739.csv,70.03433868001878
54.082620543918694,27.176634434750085,26.905986109168605,12.325330044178271,0,0,2.6306308864535963,1.7674308140092418,0.5423379210906369,1.8779064442870663,0.4114838650319569,29.306659946923137,25.914425533582342,1.7839687194525906,data/SYNTHETIC/05740.csv,41.75729049974042
34.4705115905754,24.1176341584494,10.352877432126004,9.608508881156801,0,0,2.36617259483692,0.4890798635083884,0.11613663229033833,2.794719750049117,0.4167827443866569,22.35003654843863,20.31049927168422,0.3176930596285432,data/SYNTHETIC/05741.csv,24.862002709418597
19.906116337533938,11.699012252431968,8.20710408510197,2.17961206138314,0,0,2.42907706776128,0.3101093673337989,0.07785967430619398,1.5757096295601039,0.1979475515529724,20.532813316681267,18.7433795048423,0.24926686217008776,data/SYNTHETIC/05742.csv,17.7265042761508
61.12109833870872,39.191582112482024,21.929516226226696,22.935884516589713,0,0,3.1122763582436304,2.023024348557501,0.4039260187840475,3.2073751300211475,0.5602331584806095,5.127490781778253,-0.0578414624704663,2.8396871945259043,data/SYNTHETIC/05743.csv,38.18521382211901
71.48523123090244,50.407450517773775,21.077780713128664,16.637552762527296,1,1,3.1122763582436304,1.8656674367160784,0.34266516543119235,2.257433864149775,0.49888406145327435,9.581746205761466,2.968109190258053,3.152169235324652,data/SYNTHETIC/05744.csv,54.84767846837515
88.23489874245163,59.51841637173153,28.716482370720108,20.10099786299777,0,0,2.9597469569579538,1.0478317054783577,0.2367554164982464,4.801039276329974,0.571302246726181,29.99950547025548,26.90885160066357,0.9921798631476051,data/SYNTHETIC/05745.csv,68.13390087945386
67.82051325201572,37.09476320478535,30.725750047230367,11.81521163401564,0,0,2.6288903402503387,1.1441964562025209,0.3428336033790185,2.3208894719697746,0.4563718029186709,30.6221855049573,27.690511997906725,1.9990224828934506,data/SYNTHETIC/05746.csv,56.005301618000075
57.22819328588719,30.168937651931177,27.05925563395601,13.515655983866777,0,0,3.1122763582436304,1.980618692116368,0.8636560386871015,2.678820633558142,0.43297875838906935,31.1598584183257,30.66734803471152,2.047898338220919,data/SYNTHETIC/05747.csv,43.71253730202041
92.47146035414092,52.46824610061921,40.003214253521705,23.944315803217474,1,1,3.1122763582436304,2.763736274386741,0.33618336408858673,4.761831112481416,0.5504166627972945,7.197682416101254,0.1249895055787586,2.8592375366568916,data/SYNTHETIC/05748.csv,68.52714455092344
49.730009888288905,31.900453450125987,17.829556438162914,0.9843563350170363,0,0,3.1122763582436304,0.7106213948938729,0.2135654109100155,0.5223353231675271,0.1269319811233173,31.613248633002023,31.03932014958441,0.7673509286412514,data/SYNTHETIC/05749.csv,48.745653553271865
71.03608009141821,44.70724953652733,26.32883055489088,1.6435952616883998,0,0,2.582843318746955,0.2454172901550086,0.08319178971717832,1.0753450340297068,0.1776191597835132,29.82662106872314,27.804376985178,0.4936461388074287,data/SYNTHETIC/05750.csv,69.39248482972981
120.97984498261386,69.02626575232426,51.953579230289584,61.02283329158486,0,0,3.1122763582436304,3.2803884659723432,0.9033046478026759,6.482679014142989,1.0174809765814607,20.57998775083769,15.58371665537725,3.4946236559139785,data/SYNTHETIC/05751.csv,59.957011691028995
62.14388970840071,42.38542432660638,19.758465381794327,15.337897864554769,1,1,3.1122763582436304,0.8130475149609105,0.10641585707781222,5.517287922031855,0.5559017702251372,21.222604730559915,15.044755452932227,4.282702976458032,data/SYNTHETIC/05752.csv,46.80599184384594
77.38275623482599,42.588179271754285,34.7945769630717,4.631623339764229,0,0,3.1122763582436304,1.7736194362161088,0.5777193068393673,2.21360424288227,0.27296088387950107,29.739989402104573,27.38366580117823,2.3509286412512216,data/SYNTHETIC/05753.csv,72.75113289506176
50.026849990852575,25.161264430416686,24.86558556043589,2.2340121745457244,0,0,3.108565295002787,0.9317603277436984,0.5119145693721451,1.5200707770518629,0.20374308862856155,32.81398148962657,32.43944593143386,0.9726295210166178,data/SYNTHETIC/05754.csv,47.79283781630685
36.96243794493894,20.900270714481138,16.062167230457806,0.42293103802585397,0,0,2.625177220283492,0.1114816400571751,0.03783762561675004,0.6088930190272099,0.10719204376831476,31.101853470894884,31.00075031787275,0.23949169110459412,data/SYNTHETIC/05755.csv,36.53950690691309
28.841913384553457,17.885537198576944,10.956376185976515,1.3928485321298996,0,0,2.6774084591076717,0.1636060937339433,0.06171375474292848,0.8659446001165301,0.1637025730452512,25.311929795248478,25.12598745162155,0.29814271749755594,data/SYNTHETIC/05756.csv,27.449064852423557
64.6470455346408,40.22929436694312,24.417751167697674,28.538141804530245,0,0,3.1122763582436304,2.4191324251810284,1.2291596260375988,4.5209810304442355,0.6606114812167422,23.33516325842873,23.03172287439101,2.3020527859237534,data/SYNTHETIC/05757.csv,36.108903730110555
64.08980790379138,36.91799496256961,27.171812941221773,2.250613105833957,0,0,3.078068102086168,0.4978810833845795,0.16083975817957089,0.8969705762968,0.20403424033766612,34.221006255725136,31.702366636442832,0.669599217986315,data/SYNTHETIC/05758.csv,61.839194797957425
56.89550758483861,27.78627205685068,29.10923552798793,17.704036566500132,0,0,3.1122763582436304,2.223220295449156,0.8768261421987381,3.159838020407719,0.5292353178760553,27.990938342780726,22.324164815691613,2.6148582600195507,data/SYNTHETIC/05759.csv,39.191471018338476
40.507124153382165,28.33896078705503,12.16816336632714,0.5283742589430287,0,0,2.974734831591594,0.140635011864238,0.052963729162092486,0.5532603306203169,0.0947668471946945,23.608779263057883,23.47669486219464,0.3372434017595305,data/SYNTHETIC/05760.csv,39.97874989443913
5.573269058473387,4.239345225557776,1.3339238329156105,0.0005349994676591165,0,0,1.4750813392989617,0.0077786457362679,0.0022199612020684404,0.022656660246366003,0.003248345870432882,3.1818521779530484,2.0928878641596778,0.21994134897360684,data/SYNTHETIC/05761.csv,5.572734059005728
80.24482708639452,40.90724561517043,39.33758147122409,1.4973993628081292,0,0,2.6442112174136,0.3893852295302045,0.1182927127642544,1.2509550819972877,0.17592387805453816,31.84714353481619,30.702186259148903,0.40566959921798595,data/SYNTHETIC/05762.csv,78.7474277235864
41.09618283990841,22.17697587395989,18.919206965948515,0.8795409823912278,0,0,1.7467896794140967,0.1309906062996505,0.03957042636632172,0.960311138476652,0.13851062724637084,33.01721390152495,31.62347816468702,0.24926686217008776,data/SYNTHETIC/05763.csv,40.21664185751718
21.999660543450492,17.10940476820152,4.890255775248971,1.1497552315338477,0,0,1.9743542145990516,0.3719939585443191,0.1717729742823469,0.8545243322624343,0.1414976351630025,12.46853897971353,10.622006858168865,0.48387096774193505,data/SYNTHETIC/05764.csv,20.849905311916643
51.15148265539354,32.17958929029935,18.971893365094196,2.710453753729566,0,0,3.1122763582436304,0.4011151285231734,0.09947253845441358,1.7340974480597477,0.22735719964251624,27.993266373235937,27.0354946946362,1.1192570869990224,data/SYNTHETIC/05765.csv,48.44102890166398
25.15226868646741,14.119257738097179,11.033010948370228,1.7834960514529594,0,0,2.0531701940640774,0.2623430659432381,0.0801987804193149,1.337082413836614,0.17664720493469643,20.99219332590813,12.661028547970307,0.29814271749755594,data/SYNTHETIC/05766.csv,23.368772635014448
89.81554070981579,54.26898514075579,35.546555569060004,17.610787981871244,0,0,3.1122763582436304,1.4802969099743364,0.1619442088527058,3.0824804064410127,0.5529836254141068,31.914035559855876,30.16724283628091,2.703778657950813,data/SYNTHETIC/05767.csv,72.20475272794455
46.92417254636886,26.999134324002792,19.925038222366066,4.523507268125095,0,0,3.1122763582436304,0.8494567249127695,0.27478225196910017,2.095715612525062,0.2826941002039056,30.602381775473958,30.53332313771255,1.1485826001955033,data/SYNTHETIC/05768.csv,42.400665278243764
53.70866114489978,30.725416935759537,22.983244209140242,2.0919931452673657,0,0,1.9806091305132782,0.3582692874627574,0.06964307932249433,1.3056265048289888,0.20125243553341007,32.40838188440128,32.1912194018016,0.42521994134897323,data/SYNTHETIC/05769.csv,51.61666799963241
35.65465261748716,20.92640921994496,14.728243397542201,0.9176303838556465,0,0,2.855846492476007,0.8086465578109227,0.34680329705165136,1.1300974638640997,0.14325305853067688,25.590719000173262,23.81963837390596,1.0117302052785924,data/SYNTHETIC/05770.csv,34.737022233631514
16.147386522490415,9.528058920733235,6.619327601757178,1.0006847774491923,0,0,2.2379841677063155,0.1513143964702054,0.052174357091269545,0.8571817144147059,0.13718367473682988,17.570755425344128,17.044573242390133,0.22971652003910048,data/SYNTHETIC/05771.csv,15.146701745041222
51.45066764449386,27.62683588534752,23.823831759146337,2.5527669168082108,0,0,2.4283548213575856,0.7043634228403117,0.1789173374932293,1.1576634093486409,0.2179216758751413,33.2760224853797,32.95477898278369,0.9921798631476051,data/SYNTHETIC/05772.csv,48.89790072768565
69.87056276252467,37.825257900327514,32.045304862197156,12.032217161194021,0,0,2.695909530303794,1.706293174616793,0.8146994453973135,2.0737196057313456,0.4254960224591387,32.36740373056406,30.81560683876709,1.8035190615835779,data/SYNTHETIC/05773.csv,57.83834560133065
31.53323245321134,19.53031279329564,12.0029196599157,0.838876708506191,0,0,3.1122763582436304,0.395265196503955,0.1512218258092767,0.8783675187400121,0.13343674092180174,20.39344204893024,12.118768374271564,0.5816226783968723,data/SYNTHETIC/05774.csv,30.69435574470515
34.24317577541468,22.431843021483278,11.811332753931401,2.477193429523663,0,0,3.1122763582436304,0.3013587941897447,0.06801135001400814,1.7224228677052538,0.21348082330734955,25.29006040650513,24.87373672400112,3.2404692082111435,data/SYNTHETIC/05775.csv,31.765982345891015
54.08840040072371,28.954593171909753,25.133807228813954,4.998357023133972,0,0,2.725879303829068,0.7976554137938933,0.3418138284605824,1.6317413718320517,0.2989081987641633,33.74503678961284,31.67793172683117,1.6990637361302976,data/SYNTHETIC/05776.csv,49.09004337758974
21.699760099994357,13.46152314266994,8.238236957324416,1.0425412360330313,0,0,1.8263244459536498,0.1655810835980596,0.04881228589973285,1.067436444128602,0.14283078934884147,18.451614303828958,14.845985397741298,0.2590420332355814,data/SYNTHETIC/05777.csv,20.657218863961326
34.61571348828264,22.097904018534173,12.517809469748467,1.4419586999684515,0,0,2.4389257618008857,0.244162617798105,0.07957965264448838,1.2264389716285309,0.15389812213649964,23.340052458046625,22.13167310787304,0.8553274682306942,data/SYNTHETIC/05778.csv,33.173754788314184
58.766639833999264,36.406053069307944,22.36058676469132,11.139644069326042,0,0,3.1122763582436304,1.5568219184028875,0.6246112767226808,2.82181330512292,0.4320061209896785,18.678924545422046,17.967965029034424,1.5689149560117306,data/SYNTHETIC/05779.csv,47.626995764673225
13.261656711251517,7.990621960358772,5.271034750892745,0.6312787179892769,0,0,1.661670037127704,0.1712954755184982,0.03207188088078942,1.5098394210544068,0.14442813350292075,15.11900707708106,0.0,0.2101661779081132,data/SYNTHETIC/05780.csv,12.63037799326224
49.674614853709244,30.21656971467991,19.458045139029334,5.798893692258231,0,0,2.649610327570752,1.4910959675196402,0.3904454059545537,1.988968795086642,0.2985964833681711,28.133805653678163,27.106254755805075,1.5102639296187683,data/SYNTHETIC/05781.csv,43.87572116145101
34.63523566443144,20.306929933131432,14.32830573130001,8.331442695807064,0,0,3.1122763582436304,1.2151600061526695,0.6231395377477977,2.012377354673743,0.37386650051479986,21.672744193919854,17.879901925232538,1.2561094819159337,data/SYNTHETIC/05782.csv,26.30379296862438
25.16853533359841,15.65864028780327,9.50989504579514,5.087474341563807,0,0,2.586388400341896,0.8595205825889736,0.18154326802906695,2.5672255139900813,0.3082529945217055,18.29136206167849,10.820359290612336,1.0760333940028943,data/SYNTHETIC/05783.csv,20.0810609920346
82.02397605586222,48.66630088767273,33.35767516818949,5.168342901258275,0,0,3.1122763582436304,0.6043189268157076,0.1123322927161285,2.8426048581870975,0.3461919374545736,36.10367964684517,34.625830022759885,0.562072336265885,data/SYNTHETIC/05784.csv,76.85563315460395
54.777347529984596,32.32096731230115,22.456380217683446,1.643886617594842,0,0,3.1122763582436304,1.225272930254342,0.09956285109287784,1.3841781540077363,0.1662103474805916,31.10783095322175,29.1883236731906,1.383186705767351,data/SYNTHETIC/05785.csv,53.13346091238975
88.64373765206366,39.8633165521389,48.78042109992476,17.356687436787436,0,0,3.1122763582436304,2.3256581054280128,0.5293507199129889,2.8847261107233977,0.5233782962715084,34.773612736976915,32.67618415358068,3.005865102639296,data/SYNTHETIC/05786.csv,71.28705021527622
38.573550111715605,24.06323681973051,14.510313291985097,4.942509475436125,0,0,2.700062544476476,0.7405869789000337,0.23465915622286268,2.1716069403036706,0.2822633396737192,27.556646821137903,23.514175033669776,0.7184750733137832,data/SYNTHETIC/05787.csv,33.63104063627948
40.46085757832604,23.56049763418697,16.90035994413907,1.1979533121473667,0,0,3.1122763582436304,0.4311528483468408,0.2563530842680265,1.1809933036407438,0.14645060269039523,30.81069616763156,29.50026780682974,0.4740957966764414,data/SYNTHETIC/05788.csv,39.26290426617867
22.982389902252006,16.731867094514584,6.250522807737421,1.8267687403427804,0,0,3.1122763582436304,0.2835662099014908,0.07211040053228725,1.40779465663367,0.17660982978375017,16.143883741672322,9.609611968936417,2.0087976539589443,data/SYNTHETIC/05789.csv,21.155621161909224
31.164416929160975,18.82622018377278,12.338196745388196,0.9019678308862925,0,0,1.9460788180743938,0.142745900734088,0.046146996439926084,0.743629693153581,0.12936438926540056,26.63703560037912,26.001652777008733,0.27859237536656867,data/SYNTHETIC/05790.csv,30.262449098274683
31.30243096739199,20.942369026291576,10.360061941100415,1.6111004391993686,0,0,2.59124338755407,0.4064067166772804,0.06274170145675238,1.198201836115306,0.18108495606327754,22.547603475259248,22.40694461464064,0.7517390493249418,data/SYNTHETIC/05791.csv,29.691330528192623
51.41899859165984,28.167532714141597,23.251465877518246,0.7761279771351256,0,0,2.474179935918207,0.1635301386409634,0.0350092690184049,0.8007199800525691,0.12779702978234295,33.436406763052446,33.16030090516743,0.4447702834799605,data/SYNTHETIC/05792.csv,50.64287061452472
21.518955395131453,14.264996167301321,7.253959227830133,1.5027477158962452,0,0,1.6844129860847927,0.2822422871047262,0.06713046946943595,1.3275182876132168,0.1584931779091462,17.634251456895825,17.118638458282053,0.248237574152146,data/SYNTHETIC/05793.csv,20.016207679235208
86.70357005362612,47.82340232043952,38.880167733186596,2.0197635023272413,0,0,1.8223224803783802,0.4306408919617825,0.07454227195310266,0.8751594110174438,0.20871521732086723,32.795716549537296,32.24237727632621,0.48387096774193505,data/SYNTHETIC/05794.csv,84.68380655129889
15.888038337699422,10.559527515011384,5.328510822688038,3.582537538086142,0,0,1.9551303833061082,1.313089296959946,0.37284898298952507,2.135185315611947,0.24507938717759567,11.449823138486012,-0.0653582379198378,1.2267839687194524,data/SYNTHETIC/05795.csv,12.30550079961328
23.602945816872,15.819727761260271,7.783218055611732,0.7690388982696457,0,0,1.6125078308656686,0.1710890126538147,0.06183500810838487,0.503003190199671,0.10823724673478523,17.020040320970363,16.844702028915123,0.26881720430107503,data/SYNTHETIC/05796.csv,22.833906918602356
53.87633980566167,34.93078964014028,18.94555016552139,16.9547934577099,0,0,3.1122763582436304,1.910527464724458,0.7254280619295213,4.131932584270703,0.5331742428365724,23.186457029007748,13.63719526421758,1.666666666666667,data/SYNTHETIC/05797.csv,36.921546347951775
21.661747662315584,12.4607865024201,9.200961159895481,3.4188687760274603,0,0,2.5996957142155086,1.0371163350760648,0.4233456007062209,1.5612601497994627,0.22542442557507503,12.628625668538858,11.652509516319723,1.0312805474095796,data/SYNTHETIC/05798.csv,18.242878886288125
48.20125098497782,27.6296069549148,20.57164403006302,3.379359763706396,0,0,2.6567713671182913,1.2077950818735972,0.28173077945275105,1.7178453335902,0.268114091399653,28.725494797178825,25.905749996374013,1.3275665501471272,data/SYNTHETIC/05799.csv,44.82189122127142
50.099318385035176,28.840356329753536,21.258962055281643,3.1359556155955843,0,0,3.1122763582436304,0.2617250783677846,0.08763387035811034,1.6323702391531298,0.2511833676412628,30.37408960885841,29.923800961275376,0.34701857282502413,data/SYNTHETIC/05800.csv,46.96336276943959
71.97910313239242,39.591336675748366,32.387766456644066,21.322426318032058,0,0,3.1122763582436304,2.924192754727681,0.6813430234559212,4.5825192263798,0.5806375596404248,19.7502273390052,12.901446965076854,3.12316715542522,data/SYNTHETIC/05801.csv,50.65667681436037
13.206473399330491,8.754472671520581,4.45200072780991,0.6531514290511629,0,0,1.2402517503594288,0.1788503704032887,0.046933832525787145,0.7742060671482979,0.10495503898545133,13.570491708484065,1.2973436695841365,0.3958944281524923,data/SYNTHETIC/05802.csv,12.553321970279328
37.59189073644603,25.306380390203497,12.285510346242537,6.095577122243768,0,0,2.456797766469325,0.8848153344046281,0.37542938147479504,2.3078593798166622,0.3503705583137441,20.249811294979622,19.95569418152463,0.8455522971652005,data/SYNTHETIC/05803.csv,31.496313614202265
97.86248639443295,65.8171815322358,32.04530486219715,32.541576397788226,0,0,3.1122763582436304,2.865748670758251,0.3090077396840303,3.8072846757639724,0.6562358364284024,6.371705583968058,1.375526895158237,2.9178885630498534,data/SYNTHETIC/05804.csv,65.32090999664473
6.649657823753668,4.592493420747368,2.0571644030063005,0.08573249433188826,0,0,1.6684011937538479,0.0679932799603673,0.020706541181795837,0.33304300130452297,0.0411866365716019,8.5291666244573,-0.0600237826402354,0.12218963831867047,data/SYNTHETIC/05805.csv,6.56392532942178
56.50760000381261,32.39878272201468,24.108817281797936,2.316460136177673,0,0,1.932800103135241,0.3256514057510566,0.09454325697313547,1.1025861591578099,0.21569461829838912,33.66383788821767,33.23454090985284,0.6793743890518087,data/SYNTHETIC/05806.csv,54.19113986763494
54.32812169477842,36.53448780148759,17.793633893290824,1.549847034384644,0,0,2.4875794497348815,0.9127342793163848,0.15730510195243422,1.2128665655220061,0.1634472905816514,24.865483658098302,24.70997126009942,1.1303125802758245,data/SYNTHETIC/05807.csv,52.77827466039378
46.99307997835074,29.479641935061935,17.513438043288808,2.8629649666999013,0,0,3.1122763582436304,0.3653083324700541,0.10457113406675926,1.9091388205135018,0.2367794410580233,27.132543636571828,26.82580967869556,0.6598240469208214,data/SYNTHETIC/05808.csv,44.130115011650844
6.213103740891837,4.510375113956471,1.7027286269353663,0.39716627344454525,0,0,1.2062851944122108,0.1132817536728988,0.0255317280823149,0.645326517190124,0.09705877712116691,8.697964188219675,-1.500008966758308e-15,0.1026392961876832,data/SYNTHETIC/05809.csv,5.8159374674472915
40.80753698699359,23.904782206529703,16.902754780463887,1.2398486219477503,0,0,2.6983223294710603,0.5900107705462936,0.12953991055769262,0.7866973705213443,0.13586279872839607,28.908765589935793,28.81666751545616,0.6402737047898341,data/SYNTHETIC/05810.csv,39.56768836504584
45.78072040072675,27.795499601451613,17.985220799275133,10.990916347651362,0,0,2.7503051528985614,1.5255783244488024,0.5207609167611169,2.6986746249729956,0.4294650743935498,18.682787193805385,13.114889240947369,2.487781036168133,data/SYNTHETIC/05811.csv,34.789804053075386
23.4859233452285,15.094416863116644,8.391506482111856,2.1035562567095987,0,0,2.722886723250685,0.7970642305185899,0.1445147727964531,1.7818563540608134,0.18462816114853317,18.091410997185207,16.80765653731831,1.480938416422287,data/SYNTHETIC/05812.csv,21.3823670885189
47.44088495283911,29.288025610827752,18.152859342011357,1.3497948768557773,0,0,2.2482671206241776,0.1680311790003727,0.053761635621669565,0.9529155462564151,0.16782802796821755,30.261899348825246,30.16126614679124,0.2590420332355814,data/SYNTHETIC/05813.csv,46.09109007598334
24.752020228582282,16.736503049464602,8.01551717911768,0.9897231689158683,0,0,2.8463116085578597,0.2303851961298298,0.06071321299486925,0.8479986510528131,0.13426888188292205,15.62426045210527,10.886118671143256,0.42521994134897323,data/SYNTHETIC/05814.csv,23.762297059666412
85.94421550327621,45.05478009357938,40.88943540969684,5.7296555308976025,0,0,2.7645909737397663,0.7832818657763834,0.0847183646028322,2.607952352740091,0.31009116670018905,32.610706234313575,32.5207573424089,0.8651026392961878,data/SYNTHETIC/05815.csv,80.21455997237861
72.99747483020789,46.9392607800198,26.0582140501881,12.17024608427543,0,0,3.1122763582436304,1.101025262293294,0.24692654880071052,3.424505628885873,0.4508826558786604,28.88849631221707,28.728686645656293,1.2463343108504397,data/SYNTHETIC/05816.csv,60.82722874593246
55.24580088973137,34.04910457889448,21.196696310836888,1.9424925808838616,0,0,3.1122763582436304,0.7806894076743586,0.4684863031589087,1.5687421324905937,0.19576281648599952,31.175924213976504,30.911337300389008,0.8846529814271751,data/SYNTHETIC/05817.csv,53.303308308847505
51.63181272734287,31.067353206254246,20.564459521088622,10.68673378257669,0,0,2.607704524580133,1.2666937750207028,0.3035542687795888,2.947152740681192,0.4183885646939372,30.418998756522633,29.64003357005468,1.2561094819159337,data/SYNTHETIC/05818.csv,40.94507894476618
37.7344188796476,22.081768660731207,15.652650218916394,2.0021041061674634,0,0,2.889583629143651,0.9547452758281066,0.20575683874588527,1.283032198404358,0.19210334188169254,28.2126162968896,24.42428811787692,1.050830889540567,data/SYNTHETIC/05819.csv,35.732314773480134
36.76958042668486,20.671490651354972,16.09808977532989,2.7318568452989522,0,0,3.1122763582436304,0.6846176848873186,0.2601306666057499,1.6287104694119448,0.2069625611970743,27.86659110518168,27.31942279960228,0.7086999022482896,data/SYNTHETIC/05820.csv,34.03772358138591
23.95278033200288,13.980681875520649,9.97209845648223,0.734236769853412,0,0,2.2905528358550944,0.4413204466110918,0.08352655348537251,0.8284316994316593,0.1094719584907534,21.91197865082418,21.59724523976628,0.43499511241446687,data/SYNTHETIC/05821.csv,23.21854356214947
357.84304816958286,239.44127456912767,118.40177360045519,71.02755434197277,8,5,3.1772418701422143,4.1297363945882655,0.843345915506902,3.594861824347617,0.9323738531138707,10.70607154210743,6.180749492870049,5.0,data/SYNTHETIC/05822.csv,286.8154938276101
43.138284731879764,24.020306350972547,19.117978380907214,0.9271526407004202,0,0,2.487074562874914,0.4156300650854644,0.1948917185857838,0.6854168211486,0.1291705761112062,31.124226981125794,30.879214915970262,0.4740957966764414,data/SYNTHETIC/05823.csv,42.211132091179344
49.08616192708632,33.39040465432347,15.695757272762856,0.7627932890522315,0,0,2.454213841416191,0.1353917252420129,0.05582625601573543,0.5986247080777698,0.11642228569539893,24.250164404196973,24.215609851438,0.29814271749755594,data/SYNTHETIC/05824.csv,48.32336863803409
89.17704749637414,56.48274199015526,32.69430550621888,2.5358384940151595,0,0,3.1122763582436304,0.2332895976744016,0.05520617283993804,1.468854710495048,0.21700001785089582,33.801424699003086,31.455401720866323,0.4643206256109478,data/SYNTHETIC/05825.csv,86.64120900235898
53.110868391488225,30.977791077653173,22.133077313835056,1.8158664139932532,0,0,2.410363368901784,0.5509043699962174,0.38524897504504624,1.1165174511766973,0.17810360300399494,31.286140955237574,30.988857469942506,0.7380254154447705,data/SYNTHETIC/05826.csv,51.29500197749497
49.8482002784927,28.63713494970713,21.211065328785565,2.504969097223972,0,0,3.1122763582436304,0.3419588707507617,0.10841803850611562,1.246329581356302,0.20597464822575462,33.3758548868093,33.151152404856475,0.913978494623656,data/SYNTHETIC/05827.csv,47.34323118126873
36.04942251330317,24.604499717066723,11.444922796236451,5.230546055430822,0,0,2.64314379528543,0.8430102375068276,0.1917247621378518,3.7005766809766696,0.3750430427584019,24.168008234900498,23.86625747305317,0.8553274682306942,data/SYNTHETIC/05828.csv,30.81887645787235
48.29344161082821,32.75095386285278,15.542487747975425,2.865331650372345,0,0,3.1122763582436304,0.3881588680782622,0.08928169092008086,1.7186063161818448,0.23218527654077784,26.436505009199514,24.576221825758523,0.4154447702834796,data/SYNTHETIC/05829.csv,45.42810996045586
46.663591211171514,28.03415944052422,18.629431770647294,7.779727228874481,0,0,2.594171664569544,0.8587726543193176,0.13734177905236464,2.8119986756008175,0.37848069493404357,30.470121550784196,29.388532297973555,0.7184750733137832,data/SYNTHETIC/05830.csv,38.88386398229703
42.90760421966185,29.398332511444686,13.509271708217167,5.26815164468022,0,0,2.574322849976649,0.8192537646841382,0.10834921429156362,2.738453970209721,0.3091869976947493,25.11218339491807,23.36847337124463,0.6011730205278596,data/SYNTHETIC/05831.csv,37.63945257498163
11.097243293391902,5.924396831816104,5.172846461575797,1.292819322199271,0,0,1.340270957624351,0.2888835677664212,0.05259777237674351,1.0325188285829912,0.15442513105157707,12.392528492381206,-0.0461269585313945,0.32746823069403685,data/SYNTHETIC/05832.csv,9.80442397119263
26.964876007965586,18.630845597649014,8.33403041031657,0.6682839617326433,0,0,1.6812725571207303,0.4216112382225225,0.12556569436613127,0.6316845930625679,0.10903990689343203,19.571455675328217,-6.983636763184682e-45,0.5327468230694041,data/SYNTHETIC/05833.csv,26.29659204623294
17.67991865824237,10.536121901353203,7.143796756889167,1.2504288465096918,0,0,2.041235194128302,0.2026029236913298,0.07180361736985312,1.6222192746523338,0.1635504744368155,19.152966220840828,13.983375013149413,0.2981084047031099,data/SYNTHETIC/05834.csv,16.42948981173268
36.94747281086973,23.10771368982966,13.839759121040075,5.069194187289593,2,2,3.1694065633905097,1.1459604201343117,0.3371236236483719,2.576898068979484,0.3096850609925618,24.650981166514477,22.59462299304925,4.237536656891496,data/SYNTHETIC/05835.csv,31.87827862358014
53.03016119481204,29.19914492669132,23.831016268120717,0.8690873392329614,0,0,3.1122763582436304,0.1411325225414681,0.05206670660479105,1.019809131070383,0.12480365469242473,30.170225621977103,28.06275652734625,0.29814271749755594,data/SYNTHETIC/05836.csv,52.161073855579076
9.812006882541025,7.287849396198021,2.5241574863430047,2.0018711963560127,0,0,3.1122763582436304,0.4333394815540735,0.05061523951181056,1.916867354168662,0.24472297070229723,6.813798295089723,0.0,2.644183773216031,data/SYNTHETIC/05837.csv,7.810135686185013
80.76026371243957,50.784097434872756,29.97616627756681,4.425657113857376,0,0,2.517761294850082,1.006457944197443,0.7134307099798214,1.9017099069776349,0.27258835426556166,36.3431623750643,36.248882250110576,1.0899315738025415,data/SYNTHETIC/05838.csv,76.33460659858218
23.255327666990716,13.958573054103104,9.296754612887613,1.1594638648137745,0,0,2.5979008168364635,0.3168144638933209,0.08944227761738352,0.8742161894426981,0.1411772160492423,20.533574500187548,16.122541852905282,0.45454545454545414,data/SYNTHETIC/05839.csv,22.095863802176943
40.524458438333525,23.985718779239804,16.538739659093725,0.8984300526117752,0,0,2.6059266686183404,0.1144544945017736,0.03650690041627549,1.0747715376896667,0.14895327420177965,30.49683893844697,29.95417167038243,0.626645287028315,data/SYNTHETIC/05840.csv,39.62602838572175
24.602148285790335,13.923573113491022,10.678575172299311,2.935233870672589,0,0,1.4681373414018264,0.6071016105962754,0.17596967063246674,1.269415562636363,0.22889994400695204,21.47033648501583,20.277887262293657,0.591397849462366,data/SYNTHETIC/05841.csv,21.666914415117745
44.81196179591139,27.657749201343133,17.154212594568254,1.8596675484927059,0,0,3.1122763582436304,0.5744683829877619,0.08651034816509316,1.9715124188013704,0.19998239688832253,27.82814807480431,27.56153293864372,0.5718475073313787,data/SYNTHETIC/05842.csv,42.95229424741868
27.013547112258077,17.611419701079107,9.40212741117897,2.158999617351945,0,0,1.9172034947515575,0.2085559281631671,0.07565695926387608,1.293922923104912,0.199833314226641,20.57644789219358,14.218260479633592,0.29814271749755594,data/SYNTHETIC/05843.csv,24.854547494906132
44.98096637100049,27.91536272044996,17.06560365055053,1.3695522006191987,0,0,3.1122763582436304,0.3650482324856912,0.15604359694870243,0.7139910768060229,0.15622925960950992,30.378219131566013,30.321292746321507,0.5425219941348978,data/SYNTHETIC/05844.csv,43.611414170381295
74.27162008996665,51.606889112025215,22.664730977941435,3.340169509863587,0,0,3.1122763582436304,0.850990946498973,0.3950150911765709,1.9462011995628148,0.26106044525996885,32.23473777246604,32.10937106223564,0.806451612903226,data/SYNTHETIC/05845.csv,70.93145058010306
87.97396983719173,43.78923964456506,44.184730192626674,50.37566757154079,0,0,3.1122763582436304,3.1161734315678054,1.0172004357292972,3.903026252602868,0.8030251873418105,14.197393020825146,5.415001717954415,3.064516129032258,data/SYNTHETIC/05846.csv,37.59830226565094
35.7307207353641,20.79891625021356,14.93180448515054,8.406661832031165,0,0,3.1122763582436304,1.6946433416068614,0.7225324603248972,1.8045154962794352,0.34575354389379964,22.3381685428737,21.929873515868625,1.7057673509286415,data/SYNTHETIC/05847.csv,27.324058903332936
39.564972256986785,21.58214629403646,17.982825962950326,4.071913245216777,0,0,2.8986132626446013,0.7162066663844582,0.18844891952447754,2.2862416449554237,0.2703633648530667,27.30824347907881,23.233567937129354,0.7966764418377323,data/SYNTHETIC/05848.csv,35.49305901177001
40.5907901536218,23.118064327854654,17.47272582576715,3.150364563161404,0,0,2.4494443394213503,0.7321039253571288,0.23551811188111607,1.2471943166096866,0.2313372522365114,29.862167965451334,27.64223178366177,1.1485826001955033,data/SYNTHETIC/05849.csv,37.4404255904604
34.86328467382472,20.312259164317993,14.551025509506733,1.872456679736332,0,0,1.6414834992693894,0.1695639413930139,0.06148927167098189,1.2917072093679278,0.18850476788587037,26.11045947121699,26.03592093715155,0.2590420332355814,data/SYNTHETIC/05850.csv,32.99082799408839
64.43790064052426,33.56127590483127,30.876624735692992,11.75474741155983,0,0,3.1122763582436304,1.899495585708557,0.7234397493431776,2.2117830203977307,0.44150052136209195,30.457561294850503,29.53273165087728,2.1065493646138806,data/SYNTHETIC/05851.csv,52.68315322896443
2.2455569944287626,1.5845821687829664,0.6609748256457962,0.022921393192750984,0,0,0.6241184957745626,0.1339490959247655,0.02822070183502923,0.08895445552790299,0.016525165425696695,4.478961824452263,0.9045510321085948,0.16129032258064502,data/SYNTHETIC/05852.csv,2.2226356012360116
40.87701605133904,25.332133467038815,15.544882584300227,0.9746105950429311,0,0,1.6865355701021572,0.1202405285625919,0.04253321514410951,0.687722683594487,0.14687544405008784,27.619295367256147,26.485911483112563,0.24926686217008776,data/SYNTHETIC/05853.csv,39.90240545629611
5.179489997492626,3.706665657738406,1.47282433975422,0.6709033418595199,0,0,0.7608459297101681,0.211109980096169,0.026337896667801588,1.751468500920607,0.11578672630520083,8.093477218558299,7.596142432167996,0.1319648093841641,data/SYNTHETIC/05854.csv,4.508586655633105
47.86354161965966,27.181735118655638,20.681806501004022,8.725502139107483,0,0,2.4722597486713758,0.9984816623959696,0.2514148001266998,4.601957186046192,0.4383509776312571,28.644477466266018,28.56453712658105,1.0019550342130987,data/SYNTHETIC/05855.csv,39.13803948055217
69.19564180473374,44.524037986606935,24.6716038181268,27.134032867175733,0,0,3.1122763582436304,1.6049611207291186,0.19223475094477144,4.881633703244006,0.7074928431464506,28.409409351543808,23.278114969162075,2.7028347996089934,data/SYNTHETIC/05856.csv,42.061608937558006
20.551966619284585,13.697945057696653,6.854021561587931,4.45395521557079,0,0,3.1122763582436304,0.454901332067728,0.09445958598586252,2.8501241491650484,0.3027987890008745,14.651832648354379,13.458121979625789,1.9305962854349952,data/SYNTHETIC/05857.csv,16.098011403713794
71.52597277837538,46.54064540169931,24.985327376676068,10.874295239434213,2,2,3.1122763582436304,1.2821943850621471,0.4626655948100442,2.776597374987687,0.42050816960218074,28.14133341456748,25.5530930613687,1.968772122855281,data/SYNTHETIC/05858.csv,60.651677538941165
46.87425852607551,26.400802785329404,20.4734557407461,2.9590179988664067,0,0,2.807899474065993,1.328886946533441,0.8122581757172052,1.4939951593919332,0.2178689505976318,32.10047840724065,30.030872947613865,1.4921763387330111,data/SYNTHETIC/05859.csv,43.9152405272091
52.90484200795073,28.800814398802377,24.10402760914835,7.224336487153305,0,0,2.4113849118097335,1.4370171884021783,0.48876718009462083,2.3684275914270247,0.35629507325621695,27.66520345202823,26.00479618453012,1.8239329602456773,data/SYNTHETIC/05860.csv,45.680505520797425
8.424113669222875,5.162346594840358,3.261767074382517,0.06486354540260443,0,0,1.3575905710501808,0.0671412639939725,0.016198230051637307,0.21970251304066096,0.034553257765888315,11.45320671186736,0.6779355978227479,0.08308895405669592,data/SYNTHETIC/05861.csv,8.35925012382027
50.077476414672574,30.355999279914847,19.721477134757723,1.754931045287249,0,0,2.0165461642848883,0.2983469846368049,0.0590896011561634,1.107045379088046,0.19276339930779968,28.90908325946074,27.15943579437549,0.6891495601173023,data/SYNTHETIC/05862.csv,48.322545369385324
38.42884980553523,20.46997220583294,17.95887759970229,11.153656581396575,0,0,2.9022708427135213,1.9301444226280584,0.7984503797103557,2.367050200994677,0.4128660043715204,22.970618262806028,14.597884508460536,1.959921798631476,data/SYNTHETIC/05863.csv,27.275193224138654
38.08365003882294,23.27158736991261,14.812062668910325,1.0505365998468843,0,0,2.687939615495515,0.1608065376821452,0.05506743519658642,0.8104744766650659,0.1382419202431361,28.608679772206745,28.345680629156607,0.2883675464320623,data/SYNTHETIC/05864.csv,37.03311343897605
16.035169510289812,10.656367124780905,5.378802385508907,1.2817803170625082,0,0,2.1143390807712934,0.279860675384013,0.03442199732093518,0.991515768919194,0.13998089297191735,16.811844791342704,10.325991832060389,0.1808406647116323,data/SYNTHETIC/05865.csv,14.753389193227303
41.61923262761177,25.861209610404025,15.758023017207748,1.1311310753606385,0,0,2.1606663970234097,0.197204545949705,0.06537261993910203,0.7787598231378229,0.14650298799422362,29.72693052667842,29.55586481113566,0.2590420332355814,data/SYNTHETIC/05866.csv,40.48810155225114
29.852702876769918,21.058863892091058,8.793838984678862,5.265560806910881,0,0,3.1122763582436304,1.1904542078309197,0.34914066659280885,1.8235107336690526,0.29861406561420234,17.127671177882664,11.213682103128496,3.8660801564027363,data/SYNTHETIC/05867.csv,24.587142069859038
32.15557071467558,19.630576735952694,12.52499397872288,6.769419167406074,0,0,3.0183373527232216,1.558680673773115,0.5560445733226856,2.206526771369085,0.3594284922954296,20.27122330758664,16.782665923565546,1.6373411534701856,data/SYNTHETIC/05868.csv,25.386151547269503
31.960918675606244,19.519743968251486,12.44117470735476,4.362322427158249,0,0,2.894103669657289,1.536405870492388,0.2446878401563048,1.4457685346794569,0.2628690174629446,22.14834469776606,21.02385025276409,1.5369246043757845,data/SYNTHETIC/05869.csv,27.598596248447997
20.59817085191353,15.05412475999317,5.544046091920361,2.425054923807173,0,0,2.0620063516129346,0.740501213376191,0.12129776237622827,2.2321548745619695,0.2080832451901764,8.783722858524488,-0.0558069488749765,0.6891495601173023,data/SYNTHETIC/05870.csv,18.173115928106355
43.414358852835385,26.676847778782943,16.737511074052442,8.114084483749348,0,0,3.1122763582436304,0.7906336080576583,0.1389875853533421,2.8496571959508747,0.41401360860259195,23.05616074014656,17.61804325998079,0.7380254154447705,data/SYNTHETIC/05871.csv,35.30027436908604
14.806244523407653,7.137978611386487,7.668265912021166,3.58621837383625,0,0,2.703587984861451,0.9612641659159468,0.06923335705558858,2.555643061178295,0.23102499910579377,8.433853766189472,0.6745730631032648,1.5786901270772242,data/SYNTHETIC/05872.csv,11.220026149571403
49.19069684517447,26.097290165093266,23.09340668008121,0.9066130406170663,0,0,2.5176905709908146,0.1199702588521813,0.039466259271574426,0.659723367192538,0.1446704356661395,33.63688270318663,33.43511150876151,0.35679374389051777,data/SYNTHETIC/05873.csv,48.284083804557405
48.73044353371853,28.08455957758661,20.645883956131918,2.0799930809641016,0,0,2.1732785131041434,0.1777215613204791,0.06647567188503395,1.2400305992002807,0.1967569471218834,29.507482681565488,29.267916600778296,0.8162267839687196,data/SYNTHETIC/05874.csv,46.65045045275443
36.17108554414243,23.464084004734467,12.707001539407958,2.787364286244972,0,0,2.648974864046231,1.0542666241552634,0.15308243499369353,1.7374108680204208,0.20798313905608737,21.045857286070596,15.494187190142492,2.1557988658844733,data/SYNTHETIC/05875.csv,33.383721257897456
50.98357031799567,29.35101379604466,21.632556521951006,1.2515403966645664,0,0,1.717083162087427,0.1555551971893247,0.06106696607463899,0.8068626421372208,0.15316951163990694,29.4043495502576,27.066262548381367,0.7575757575757578,data/SYNTHETIC/05876.csv,49.732029921331105
28.188937795304433,15.525043309742948,12.663894485561485,1.099016429985967,0,0,2.1545457235726144,0.1753402747748696,0.04361814275154302,1.500403916314621,0.15291534462238027,25.98576036899604,23.938388692073023,0.24926686217008776,data/SYNTHETIC/05877.csv,27.089921365318467
50.43930999285675,29.87006079911855,20.5692491937382,6.636501551605495,0,0,2.853527963851478,0.686796684529617,0.09461438957938727,2.885542763849396,0.3694816787467261,28.228603860547146,27.173676543586865,1.4711632453567938,data/SYNTHETIC/05878.csv,43.80280844125126
22.860360961978984,12.909816032419986,9.950544929558998,2.4911862666950846,0,0,2.7059748306331604,0.4923438716514567,0.09694482224911492,2.098170367476938,0.2069014958876863,23.472487264118076,20.25704818073469,0.4936461388074287,data/SYNTHETIC/05879.csv,20.3691746952839
1.9956137949816004,1.3082957697629645,0.6873180252186359,0.025701675923063955,0,0,1.3387820134045483,0.0430077096218521,0.013511618060878026,0.218315107135552,0.021670851859505454,5.2932921885965705,-6.382954600862311e-36,0.08308895405669592,data/SYNTHETIC/05880.csv,1.9699121190585365
40.68785258874929,23.466584577086532,17.221268011662755,1.3231735323354754,0,0,2.353398337856334,0.3849941672221738,0.09430107906225497,1.4282835623511319,0.16780164863275465,27.944205226675123,27.71171715004707,0.40566959921798595,data/SYNTHETIC/05881.csv,39.36467905641381
25.93642619330712,15.787109848789427,10.149316344517695,2.3667794460037412,0,0,3.1122763582436304,0.2059201972936462,0.07257849644112291,2.6374058417617205,0.23064878065183333,21.252646461341474,18.206328014157663,0.2590420332355814,data/SYNTHETIC/05882.csv,23.56964674730338
51.30806624635869,37.901772500108066,13.406293746250622,13.592186758250246,0,0,3.1122763582436304,1.6708464728374282,0.4914310305333804,2.575359487466918,0.4857037857363557,12.002010203579612,2.882047168475711,1.5786901270772238,data/SYNTHETIC/05883.csv,37.71587948810844
58.58216149920629,37.63213332982427,20.950028169382026,12.230912083228661,0,0,3.1122763582436304,1.4443309452754838,0.5231572150444698,3.0335740628386176,0.44451122401439025,19.673388756998307,14.37265215574384,1.5395894428152492,data/SYNTHETIC/05884.csv,46.351249415977634
57.00778303150987,36.230183077513686,20.77759995399618,7.649755537731986,0,0,3.1122763582436304,1.2359792768457527,0.4084811160719829,3.3168613409762693,0.37062092846200745,30.1958750009659,29.04301650691532,1.1192570869990224,data/SYNTHETIC/05885.csv,49.35802749377788
51.90738777098635,33.92935148068565,17.978036290300697,1.7796219126397035,0,0,3.1122763582436304,0.3445764209019731,0.05318741197906023,1.472910731251524,0.20013808081568457,30.234447194489857,29.686238821072696,0.3665689149560114,data/SYNTHETIC/05886.csv,50.12776585834664
6.895480974565825,4.361744142923607,2.5337368316422184,0.0996745957399231,0,0,2.237719032162844,0.1977469223748337,0.039032521139929485,0.37103975522154803,0.037847584393568515,3.9350907680473277,1.2613182773878604,0.29814271749755594,data/SYNTHETIC/05887.csv,6.795806378825902
56.99626905238185,31.263752742367064,25.732516310014788,5.781789847107901,0,0,2.3329942714438827,0.6797260730014175,0.08887487823338171,2.471512975890989,0.34564446051793574,33.05496883374574,32.668926592439085,0.6500488758553278,data/SYNTHETIC/05888.csv,51.214479205273946
17.344506527396835,10.547961037604175,6.796545489792659,4.911303574044885,0,0,2.5289821976039866,1.4761525698812197,0.5887911151582034,1.9370559217643268,0.27465748868013373,10.66215615642109,6.974038493931404,1.4613880742913001,data/SYNTHETIC/05889.csv,12.43320295335195
28.490704227129427,21.12897736468313,7.361726862446296,5.076180465513586,0,0,2.4853626648133367,0.5060280964614536,0.1447742036499094,3.510323980371944,0.3832462371223914,12.41658574864935,0.827227676931849,0.7226381151769512,data/SYNTHETIC/05890.csv,23.41452376161584
59.1565604165481,35.71350763304555,23.443052783502548,13.64558279159609,0,0,2.75794790699788,0.911355144897446,0.13140781758760153,4.380280570747663,0.5210343654423307,29.516254213031445,27.687621826409465,1.114312674874884,data/SYNTHETIC/05891.csv,45.51097762495201
9.849071788063323,6.584909877356004,3.2641619107073194,0.11696296717189651,0,0,2.239197166537787,0.0816831939940552,0.024348267331442956,0.206079207145657,0.04211862112327367,9.525266811864304,-0.0585319501914513,0.1319648093841641,data/SYNTHETIC/05892.csv,9.732108820891426
66.33380531602423,44.593481159457035,21.740324156567187,4.227615671931162,0,0,3.1122763582436304,0.538915532870981,0.15889488836175567,2.3798181597020935,0.2911551116140809,29.660181619550205,29.25003783795768,0.7380254154447705,data/SYNTHETIC/05893.csv,62.106189644093064
106.8444558425352,62.17117903964859,44.673276802886605,30.666098134377457,0,0,3.1122763582436304,2.8650417659307545,0.30177571260721725,4.6077846722190685,0.7042304499302401,31.264066212074887,21.4846710289398,4.944527785732952,data/SYNTHETIC/05894.csv,76.17835770815773
60.8588081134519,44.24380489159477,16.615003221857133,7.481433850800552,1,1,3.1122763582436304,0.9431689232760014,0.21932625822339116,2.137851327420827,0.38282600417352053,13.903536645725294,3.8350897535302058,0.7966764418377323,data/SYNTHETIC/05895.csv,53.37737426265135
25.176981160435343,13.305777498383828,11.871203662051515,3.177324412180603,0,0,2.452843892239474,1.043426152865942,0.3823838699907503,1.5746701814247877,0.2255759258535665,20.319746340320496,20.125671491461468,1.1974584555229715,data/SYNTHETIC/05896.csv,21.99965674825474
38.057221071714046,27.158320957532805,10.898900114181242,5.31973522843385,0,0,2.5485357934257338,0.928999081669884,0.20413393579671235,3.7536540321847425,0.3742225425619345,15.817761014991486,10.883617775967936,1.4027370478983379,data/SYNTHETIC/05897.csv,32.7374858432802
19.06232301476343,13.089601220703221,5.9727217940602095,2.8879325711595047,0,0,2.3943693709113827,0.5189931370106605,0.10572416439561161,1.7213884496185128,0.23455684568495044,13.321383886648073,-0.066790943985081,0.5425219941348978,data/SYNTHETIC/05898.csv,16.174390443603926
52.54950344602054,32.1694463219418,20.380057124078743,8.783453743086945,0,0,3.1122763582436304,1.0053926942994114,0.23067900712388195,3.5513150405003517,0.38496150496297876,29.423849796305664,21.208891273995977,0.8651026392961878,data/SYNTHETIC/05899.csv,43.76604970293359
42.46858142231784,25.846022491855987,16.622558930461853,1.4019099985652286,0,0,3.1122763582436304,0.3215034916867728,0.08063743168408781,1.097683288837455,0.16742377283016013,29.88847783864271,28.35139771423703,0.4996498865044511,data/SYNTHETIC/05900.csv,41.06667142375261
67.80943552487886,44.184375180691234,23.625060344187627,2.0978339714542553,0,0,3.1122763582436304,0.8041601652624689,0.21370778977942048,1.9668609806339643,0.2083038612919496,29.0299658534629,28.903810507352865,0.6793743890518087,data/SYNTHETIC/05901.csv,65.71160155342461
69.02521232341387,41.851004545867255,27.17420777754661,35.49533798861756,0,0,3.1122763582436304,1.7984372230720362,0.5030321769604688,4.868433846811502,0.803300030111968,23.352465361847873,16.430708579699814,1.6862170087976542,data/SYNTHETIC/05902.csv,33.52987433479631
47.0570527301298,26.32255982998015,20.73449290014965,0.8936484799750624,0,0,2.5523883632325814,0.1764880805212921,0.049690838085786046,0.67104119974007,0.1262865662843159,31.10558454292758,30.335602317592684,0.26881720430107503,data/SYNTHETIC/05903.csv,46.163404250154734
51.687900732089126,29.341682985346644,22.346217746742482,4.925202270247299,0,0,1.8354745886304886,0.9645159350602562,0.19089041836825124,2.0933115817963257,0.295775022939638,31.415412787359525,30.24659098019979,1.0410557184750733,data/SYNTHETIC/05904.csv,46.76269846184183
53.791787202582796,26.806771494695713,26.98501570788708,7.4999973204096655,0,0,2.6517341124393097,1.123755430255377,0.4647212152706304,2.2855318209788344,0.36447861552394667,32.80831279405731,32.60620448627445,1.1388074291300097,data/SYNTHETIC/05905.csv,46.291789882173134
62.00201579403135,32.957440846813164,29.044574947218187,7.609109191369362,0,0,2.2256986967195393,0.7223253743696765,0.10288222769619514,4.365670108801769,0.44248542826832726,34.21393883382065,34.11152275416664,0.7478005865102642,data/SYNTHETIC/05906.csv,54.39290660266199
63.49922359707152,38.09719469987962,25.402028897191897,5.992937387350961,0,0,2.4590773658957414,1.185254210022208,0.3738851305968941,3.5203582238360895,0.33465787182377676,33.694125130454765,33.50242591563159,1.2561094819159333,data/SYNTHETIC/05907.csv,57.50628620972056
60.24453398299574,37.99171485292057,22.252819130075167,12.476916109152143,0,0,3.1122763582436304,0.8924803270136905,0.2202052629550488,2.6181431175132563,0.5143690636274306,29.95256607397615,26.62502942515593,0.8651026392961878,data/SYNTHETIC/05908.csv,47.7676178738436
54.69953866442019,23.614563168469324,31.084975495950868,9.913338423670819,0,0,3.1019394471933106,1.709880416873915,0.9658267496716902,3.130698147619678,0.409056693288915,33.365436270515524,32.00520024404107,1.8914956011730206,data/SYNTHETIC/05909.csv,44.786200240749366
9.17336497130445,5.74395935418568,3.4294056171187695,0.14072337477933586,0,0,1.3509632975579275,0.0903274304729177,0.027127695818610117,0.357289861843328,0.051706513937773674,10.187384184855983,-0.0587750766945646,12.573615682008578,data/SYNTHETIC/05910.csv,9.032641596525114
58.13833583942488,34.66415018369991,23.474185655724977,1.4773647202947027,0,0,2.4401037164258947,0.288661411127704,0.07052740043879253,0.7473833292778729,0.16271366229100223,32.604120572254544,31.926533460916847,0.3861192570869987,data/SYNTHETIC/05911.csv,56.66097111913018
48.62488142068738,27.926311065409752,20.698570355277628,4.727177819464341,0,0,2.145168945493552,0.9100296325573995,0.4084637651728968,1.5064903193105788,0.2876438284106214,26.691479443000595,22.46249554048208,1.0019550342130987,data/SYNTHETIC/05912.csv,43.89770360122304
123.24139556236531,90.56864358306963,32.67275197929569,57.25811022932345,0,0,3.0364788656723474,2.027979590961293,0.624238963430367,4.37558501398664,1.114164625301797,26.064810786996365,24.681496838118026,1.9501466275659824,data/SYNTHETIC/05913.csv,65.98328533304186
38.038259194244944,23.230986197984226,14.807272996260718,2.0780819777331514,0,0,2.4020853426105937,0.4414594672008543,0.07294315453543432,0.996862048215096,0.1982689692379368,27.850302290555796,26.75216944074368,1.7937438905180842,data/SYNTHETIC/05914.csv,35.960177216511795
82.64370120429741,53.036339720750306,29.607361483547113,21.451533074186926,0,0,3.1122763582436304,1.8751681119578376,0.5748201691497704,3.261026162370275,0.5844218372018929,28.917849031586734,25.88254446290305,1.6862170087976542,data/SYNTHETIC/05915.csv,61.19216813011049
51.96805741490917,31.24314386005869,20.724913554850477,1.821969685660532,0,0,2.62931161638781,0.5038418121758433,0.30471018724196514,1.148483408911679,0.17565691967697628,27.366481479147588,27.23076452267865,0.669599217986315,data/SYNTHETIC/05916.csv,50.146087729248634
52.91140913626151,28.98699425147344,23.924414884788074,5.06372790825708,0,0,2.0810515732157584,0.8698670953577804,0.17213070902337532,2.4733165010218148,0.2877795850464065,30.075408655994444,25.74166035541589,0.7673509286412514,data/SYNTHETIC/05917.csv,47.84768122800443
63.650051664878276,41.445129261299186,22.20492240357909,3.792114141624461,0,0,2.7244533277899663,0.798549801165126,0.3027081230404238,1.1535493496355549,0.2590733844287805,31.976794034368492,31.827054792174096,1.2227953026926277,data/SYNTHETIC/05918.csv,59.85793752325382
45.222358045648164,27.27066495492029,17.951693090727872,1.3857238044251219,0,0,3.1122763582436304,0.5059917755815189,0.30791776865328435,0.7381749417003222,0.15155748192879415,28.58106704799725,27.74800445780125,0.6304985337243405,data/SYNTHETIC/05919.csv,43.836634241223045
36.07434967234885,22.275302768830443,13.79904690351841,9.130342194550348,0,0,2.782828294151693,1.457615189497305,0.2425398941143958,2.7076158436525466,0.4073780529065916,23.988815713191126,22.61150157843393,1.4320625610948192,data/SYNTHETIC/05920.csv,26.944007477798504
50.10015070151499,33.36982413643696,16.73032656507803,5.595452142068231,0,0,3.1122763582436304,1.1860431766998776,0.6487648778976793,2.393768352748086,0.31741197966131374,24.24445702983584,22.541168048165964,1.304985337243402,data/SYNTHETIC/05921.csv,44.50469855944676
75.33024318329299,42.85147294630637,32.47877023698661,25.20555924298197,0,0,3.1122763582436304,2.9093433404260334,0.3777055174194064,3.534453750404112,0.5648373745721542,16.136515527035293,2.4468895878050567,3.355828759715421,data/SYNTHETIC/05922.csv,50.12468394031102
72.69101036874062,52.9743229066325,19.71668746210812,3.3226992664239687,0,0,3.1122763582436304,0.579426593500902,0.076944247208187,2.6061004478158876,0.24277281935928705,29.832593249537823,25.61141220734211,0.5131964809384169,data/SYNTHETIC/05923.csv,69.36831110231665
60.11422131728111,33.78299592606542,26.331225391215686,2.617771497606205,0,0,3.009966113398446,0.4316815730648204,0.10541348801540314,1.191112726689073,0.2185620312449599,36.438901809883106,35.73812934345403,0.48387096774193505,data/SYNTHETIC/05924.csv,57.4964498196749
24.298775041714233,13.596251506166892,10.702523535547341,8.140402752378165,0,0,2.1337087500152285,1.4432866197386982,0.14693657433548127,1.9529566551393784,0.31392309691418785,12.683290611358524,10.145525717835138,1.4027370478983383,data/SYNTHETIC/05925.csv,16.158372289336068
77.7926552717096,47.897913429186154,29.89474184252346,1.206725254215267,0,0,3.1122763582436304,0.1579103870570709,0.04993317730888653,1.1008525895722088,0.16326409435727288,33.774475627000896,32.542880702757245,0.32746823069403685,data/SYNTHETIC/05926.csv,76.58593001749433
52.25921469618766,27.563662514812826,24.695552181374836,5.772929719447305,0,0,2.2884564234269336,0.9736811570904502,0.42675480251820935,1.615298759675548,0.2972646883890625,32.51577692494078,32.39651449574143,1.0019550342130987,data/SYNTHETIC/05927.csv,46.48628497674036
20.935845949672892,12.453335687218491,8.4825102624544,4.762587983928471,0,0,2.1713106122711623,0.7944832322935298,0.4007986712356171,1.719314550286173,0.2829803345177595,18.30424230151208,15.791496007348858,2.871897034343531,data/SYNTHETIC/05928.csv,16.17325796574442
37.515896738621485,22.87626228509702,14.639634453524463,2.7385778765161746,0,0,3.1122763582436304,0.23553828697665,0.07976196710557443,1.550705530593539,0.2250427289796235,26.739726710909164,24.56850848241401,0.2883675464320623,data/SYNTHETIC/05929.csv,34.77731886210531
47.32424977112696,31.925452202639725,15.398797568487232,13.369090013882499,0,0,2.7107676864936914,0.8016380908868096,0.20749478326417795,3.016771944266184,0.47681543260188386,23.819350341536197,22.2940572685285,1.0312805474095796,data/SYNTHETIC/05930.csv,33.95515975724446
44.086497827501816,25.481014420102575,18.60548340739924,1.6675039368295301,0,0,2.3433454076730285,0.1346066941613399,0.0485860122349159,1.3302017588059118,0.19731482038072484,31.545961822396272,30.836180222095056,1.0312805474095796,data/SYNTHETIC/05931.csv,42.41899389067228
127.5505250625379,91.1514077618478,36.3991173006901,54.92282082312006,0,0,2.5309814783207756,1.687274384570305,0.19576183158428326,10.593956656796514,1.0088840548513303,26.990694109422957,17.979824770488612,3.356033787803069,data/SYNTHETIC/05932.csv,72.62770423941784
3.7443873593722303,2.546969196970425,1.197418162401805,0.07653370104335526,0,0,1.8065058802152032,0.0713495201772956,0.013888972291831432,0.36751556973097993,0.037525539599269804,7.196536549917297,1.8473924668839616,0.12218963831867047,data/SYNTHETIC/05933.csv,3.667853658328875
23.56253871607111,13.200081938645871,10.362456777425237,4.995550303266895,0,0,2.5283550037827993,0.7320905179366568,0.14737279395627959,1.9274435093215836,0.290259478367461,18.279922176950034,15.0770035558164,0.6304985337243405,data/SYNTHETIC/05934.csv,18.566988412804214
1.9698184839791146,1.2777107861108714,0.6921076978682433,0.024250601589029485,0,0,1.8866345284862276,0.0919607339110067,0.006127657956874676,0.23722438328036002,0.02110358976296656,2.5944117990269433,-2.0099736130189308e-10,0.23949169110459412,data/SYNTHETIC/05935.csv,1.945567882390085
120.45244199276789,64.94013598382014,55.512306008947746,29.507237631224452,0,0,3.1122763582436304,1.7549233182194903,0.7836406156838013,4.604495475086576,0.6799296029785511,38.28282603923493,37.477632921864725,1.8914956011730206,data/SYNTHETIC/05936.csv,90.94520436154343
38.20736509513684,25.315961158719,12.891403936417845,10.733662381172458,0,0,3.1122763582436304,1.5941792870032792,0.5276275097157517,4.059584885049223,0.4017652446520271,16.20813413103062,14.813876717247304,3.12542169815225,data/SYNTHETIC/05937.csv,27.473702713964386
56.66747638863829,31.768363119655163,24.89911326898313,2.817991186041948,0,0,3.1122763582436304,0.4655866602338891,0.12305524227406618,1.4126706945663776,0.2370251843776691,32.59275234134673,32.25965446300983,0.8655757339317108,data/SYNTHETIC/05938.csv,53.84948520259634
21.06978809258643,12.256790417309146,8.812997675277282,0.6450585442560606,0,0,2.1275634282306086,0.1316351633362526,0.05298175100998979,0.8907771932268739,0.11311285772802475,22.640445326075806,19.3682698522107,0.2101661779081132,data/SYNTHETIC/05939.csv,20.42472954833037
38.131341299829444,20.00243032106612,18.128910978763322,1.297289233563785,0,0,2.1822972189093113,0.4227534088358119,0.0916377460619557,1.090434470282457,0.1599663341342164,30.15458751220093,29.46873751935401,0.6207233626588469,data/SYNTHETIC/05940.csv,36.834052066265656
33.83824551567541,17.28753167495764,16.550713840717773,2.8998284453697982,0,0,1.7676067931205806,0.7305571808472752,0.16159476343112344,1.7566260688246151,0.2230898480194305,26.472031987413505,25.96522482649297,0.7282502443792769,data/SYNTHETIC/05941.csv,30.93841707030561
30.837793829109884,18.77979293372371,12.058000895386174,2.739877025228065,0,0,2.651340562481085,0.3395809852123012,0.09373362436800012,1.4467826744423935,0.22941800613304697,24.52711779044049,22.5739180130496,0.35679374389051777,data/SYNTHETIC/05942.csv,28.09791680388182
23.201310384557573,13.583647704146271,9.617662680411303,4.563830514939273,0,0,2.700651304047104,1.3713862296342534,0.3111500635701294,1.6271247233944541,0.25697103590202436,17.610470844158804,16.392371284444653,1.3049853372434015,data/SYNTHETIC/05943.csv,18.6374798696183
28.951805336098673,19.10663320483102,9.84517213126765,7.518676155191217,0,0,3.1122763582436304,1.4387149404846051,0.33173015376155585,2.992611698699151,0.34433694507858725,16.50055331752598,13.655488807927082,1.344086021505376,data/SYNTHETIC/05944.csv,21.433129180907457
23.627618081749958,16.857415791530155,6.770202290219804,1.287036678884605,0,0,3.1122763582436304,0.2916074843086806,0.09694304664716144,0.747975619909953,0.1423656966640951,12.947947693836868,-0.0,0.3665689149560114,data/SYNTHETIC/05945.csv,22.340581402865354
79.95753133728535,46.50645755242852,33.451073784856824,1.6429876338887095,0,0,2.5059574044177766,0.7789830390452964,0.23882683022612772,0.9447935677660779,0.1733106327183778,31.310543352406977,31.1479885626403,0.9530791788856305,data/SYNTHETIC/05946.csv,78.31454370339664
16.12087728927349,10.730100722140564,5.390776567132925,0.6325352320239715,0,0,2.2302943650933456,0.1091143229953217,0.059390711898507476,0.626437937321594,0.10624897238010818,16.33316787843231,16.075616884615467,0.20039100684261957,data/SYNTHETIC/05947.csv,15.488342057249518
72.73025094083378,44.605293142340145,28.12495779849364,11.22449875924015,0,0,3.1122763582436304,1.7166495127066337,0.8863362267175268,2.455159968564532,0.48086731566000607,32.246078936934566,31.3038053736577,2.0576735092864125,data/SYNTHETIC/05948.csv,61.505752181593635
53.74742945797676,32.11008326337613,21.637346194600624,6.070762604797945,0,0,2.3321848523494886,0.9798745534107138,0.2581552875184668,2.7675545399990846,0.33585302016410007,30.090999780519425,28.70960907779784,1.104883883409873,data/SYNTHETIC/05949.csv,47.676666853178816
17.30892134941155,13.32391370493834,3.9850076444732068,0.23170901037268207,0,0,2.3203144925317214,0.1049322119478547,0.03008671044869888,0.47399292435112494,0.06214351073585019,10.717877468846241,6.6576166471478295,0.3176930596285432,data/SYNTHETIC/05950.csv,17.077212339038866
50.29967875320946,30.60933449067419,19.690344262535277,3.4407682454471384,0,0,2.109783224714274,0.245180455252309,0.05044106380901479,1.404420931113031,0.2925373788888739,31.420046198390143,30.010083658951668,0.4447702834799605,data/SYNTHETIC/05951.csv,46.858910507762324
30.667142896065947,20.582487132317944,10.084655763748005,4.561575384654077,0,0,1.8300617459065276,0.6233653225279046,0.10419714141052629,2.2578505421304307,0.27604431586815104,18.53729839606394,15.86412806009045,1.586411922620548,data/SYNTHETIC/05952.csv,26.10556751141187
39.07037189061745,22.653768884088684,16.41660300652877,6.8274307927593725,0,0,2.472904039799916,1.4908327676715714,0.6013961388816819,1.7318624974008001,0.3278414554689057,25.55867915194782,17.57133653396931,1.520039100684262,data/SYNTHETIC/05953.csv,32.24294109785808
15.585585717917056,10.197203987108924,5.38838173080813,2.6089863956634525,0,0,1.5305993662804704,1.0412936622348996,0.29743458674411194,1.5363040530347882,0.21175410883456966,11.208005739533565,7.442837413136839,1.2267839687194524,data/SYNTHETIC/05954.csv,12.976599322253604
29.85176275391586,16.9412001268996,12.910562627016262,3.6952100641094567,0,0,2.4676543294091124,0.5115651645016929,0.07144434682122475,1.614657024634582,0.24884545803713295,25.282448898841384,25.178167871208704,0.5229716520039105,data/SYNTHETIC/05955.csv,26.156552689806404
6.132515646005032,4.415418001120845,1.7170976448841877,0.04801101167229464,0,0,1.3360924390020623,0.0658515077808945,0.015143347629187792,0.344102431175887,0.03072210018289123,6.913580917373446,-0.0489310069760221,0.1319648093841641,data/SYNTHETIC/05956.csv,6.084504634332737
391.34375090596416,263.27365186264643,128.07009904331773,31.905221995891743,11,3,3.2481767648047213,3.6388341567142737,0.9651751861605712,2.8777302039248487,0.665820753502045,13.301610472706612,12.942579594600614,5.0,data/SYNTHETIC/05957.csv,359.4385289100724
49.44912768343426,24.69849426658892,24.750633416845343,20.86432008249628,0,0,3.1122763582436304,2.1148452977509367,0.8373637370693371,3.2608695562825307,0.5609999721688276,22.536335296315183,21.309551122688248,2.1163245356793743,data/SYNTHETIC/05958.csv,28.58480760093798
41.32185607073237,28.643592567222054,12.67826350351032,17.183927083568808,4,3,3.1122763582436304,1.4610487047718257,0.5707533864863737,3.4051135826215737,0.5378920637390436,14.394783441530048,-0.0644487427813296,5.0,data/SYNTHETIC/05959.csv,24.137928987163566
76.23612846151273,43.88188971341593,32.354238748096805,8.409887141208863,0,0,3.1122763582436304,0.8204540804198678,0.33896874418980294,2.565089287461931,0.3643993390357677,32.46660833864578,32.10261752441358,0.9042033235581624,data/SYNTHETIC/05960.csv,67.82624132030386
6.714134188876644,4.752763238862487,1.9613709500141563,0.1095779255688807,0,0,1.6744512620253977,0.1119789168369173,0.03550067280022881,0.335425074829329,0.04257284625460822,9.107156862641585,5.170920623449332,0.17106549364613866,data/SYNTHETIC/05961.csv,6.604556263307763
9.81389012214675,7.550769795207338,2.263120326939412,0.0022811054881465374,0,0,2.601550912122826,0.0261577134943341,0.008847235530873273,0.049754541528087975,0.005688159787941644,2.793023273804549,0.7714247155454843,0.29814271749755594,data/SYNTHETIC/05962.csv,9.811609016658604
58.28219117714981,35.2702089321119,23.011982245037917,4.225028452853546,0,0,3.1122763582436304,0.8285814592825844,0.28279926090847646,1.8823175129073044,0.2743631444060988,30.32118607531267,28.936130342946843,0.9726295210166178,data/SYNTHETIC/05963.csv,54.05716272429627
53.83781616029901,31.525126122103774,22.31269003819524,14.752509873540504,0,0,2.578644175014569,0.9007849168482516,0.18699258182178205,3.732192312367417,0.5084320821454008,27.255412915286573,25.75706975169452,0.9824046920821115,data/SYNTHETIC/05964.csv,39.08530628675851
39.76758027882492,25.594938908637154,14.172641370187765,5.706016316501618,0,0,2.272761219326461,0.7828876855129492,0.07225286694954754,2.320269979676534,0.31420539051007823,21.76926839008356,21.44215593294451,0.669599217986315,data/SYNTHETIC/05965.csv,34.061563962323305
99.39522964784803,71.78755649551196,27.60767315233606,33.0324165145881,0,0,3.1122763582436304,1.626825376862028,0.5857016692496626,5.838336992923383,0.7251938654392978,10.996111052534859,4.501140736529943,1.5884652981427174,data/SYNTHETIC/05966.csv,66.36281313325992
56.731455574238225,33.209373192017175,23.52208238222105,2.541663758729489,0,0,2.2032696342110265,0.4195951112814103,0.0699338954336898,1.4445078178895758,0.2321355320746677,33.36967360899602,33.24843749789192,0.34701857282502413,data/SYNTHETIC/05967.csv,54.189791815508734
50.238132265674075,29.81017841509924,20.427953850574834,5.789329071402206,0,0,2.817067078220779,0.8882663430302862,0.3216455793731342,1.543734341745453,0.3123471858225113,24.59585763216692,23.091551909650267,0.9042033235581624,data/SYNTHETIC/05968.csv,44.44880319427187
48.07467670351127,33.77271417178408,14.301962531727193,8.262793668050021,0,0,3.02153730040342,0.6952042075467746,0.3875150114783244,3.04138132625402,0.3939490887791492,21.886182709069317,21.678392550140337,0.6793743890518087,data/SYNTHETIC/05969.csv,39.81188303546125
40.52088886186309,24.959242423289236,15.561646438573854,1.2816918793018368,0,0,2.34462794924591,0.2014724506459145,0.05953620833186432,0.815389168480356,0.15148501304866943,26.374495619671883,25.506493253974472,0.27859237536656867,data/SYNTHETIC/05970.csv,39.23919698256125
39.645922317281446,23.61249312272124,16.033429194560206,1.9818937245405548,0,0,2.37353355933178,0.8212619611147611,0.3813870458324044,0.9428755782896397,0.18469542099370514,25.561560025059084,24.665489662746086,1.021505376344086,data/SYNTHETIC/05971.csv,37.66402859274089
68.16465292592105,45.27959700609775,22.885055919823294,2.8092774955086233,0,0,3.1122763582436304,0.226041383939842,0.054951556018991106,1.1537591192937129,0.2741689159890943,31.19604625927643,31.049355842041727,0.3079178885630496,data/SYNTHETIC/05972.csv,65.35537543041242
60.41292771056611,34.052964283452724,26.35996342711338,7.334199223288966,0,0,2.814507673034726,1.2984595636191834,0.2803180207756332,3.2596404637668095,0.3943916090410865,31.77135186450844,29.69413250194357,1.236559139784946,data/SYNTHETIC/05973.csv,53.07872848727715
41.46337748971618,22.19212958402153,19.27124790569465,2.617468131468539,0,0,1.9487133345376935,1.0502368769622314,0.5473099900891323,1.0819093624915077,0.19909503376489382,28.334535959463306,27.88476801400071,1.1974584555229715,data/SYNTHETIC/05974.csv,38.84590935824764
26.319279766069698,13.906843094612578,12.41243667145712,3.594160558513282,0,0,2.416408103201321,1.1639916899515823,0.4992038395564812,1.8673198043673755,0.24133433374700589,23.55828320177908,23.155633272038,1.1974584555229715,data/SYNTHETIC/05975.csv,22.725119207556418
53.11799850037333,37.019908725043436,16.0980897753299,15.344650510319177,0,0,3.1122763582436304,1.8312622615660024,0.5688097873930165,3.4949831706195487,0.47779485491793006,14.256589195027559,13.42449781247982,2.145650048875855,data/SYNTHETIC/05976.csv,37.773347990054155
35.66249122382896,22.14842984296217,13.51406138086679,5.807599483254877,0,0,3.1122763582436304,1.2229963522914562,0.46296040912184255,2.2491137616836463,0.3257552350814049,23.89213100642748,22.386228454540856,1.4418377321603129,data/SYNTHETIC/05977.csv,29.854891740574082
51.785847348971934,32.30864351934418,19.477203829627754,2.643770871712671,0,0,2.3682031847848206,0.2371821800286699,0.1003522009751406,1.2354474863755829,0.22112909844041811,31.002271337526512,30.567618557735152,0.3176930596285432,data/SYNTHETIC/05978.csv,49.142076477259266
16.689492132663055,11.727391267669974,4.962100864993083,2.373802187207379,0,0,3.1122763582436304,0.5258864801451881,0.07095824823218913,0.884031478903631,0.1629958466327517,5.178834422783876,1.706494118597054,0.591397849462366,data/SYNTHETIC/05979.csv,14.315689945455677
177.3864822602795,97.98767162556531,79.3988106347142,93.29027878975955,3,3,3.1122763582436304,4.085812783731348,0.6633709637005523,8.091884967895066,1.134147880490311,7.4926542631085296,1.2780348410990574,4.286412512218964,data/SYNTHETIC/05980.csv,84.09620347051995
36.147862068921995,22.435029273096518,13.712832795825475,5.781473357700015,0,0,3.1122763582436304,1.500763162186134,0.20665533405208983,2.269952053465009,0.3227705540134005,24.082461013292914,19.6577359776086,3.3773216031280544,data/SYNTHETIC/05981.csv,30.36638871122198
48.74611037401206,31.735587958931994,17.010522415080064,1.946251191936116,0,0,2.617705854758485,0.9992816137654,0.43967872877358244,1.8943397732621303,0.19676060702328724,24.463262048336354,22.42559484922613,1.2952101661779079,data/SYNTHETIC/05982.csv,46.79985918207595
45.45784835559394,26.66317287853513,18.79467547705881,2.76283941741854,0,0,3.1122763582436304,0.834580571533815,0.3892310357644845,1.2413662349544918,0.22406960419984512,28.365702910894417,28.20604365604624,0.9949691017931568,data/SYNTHETIC/05983.csv,42.6950089381754
21.60563152874071,12.387906514571599,9.217725014169108,5.320776772396569,0,0,2.5505024511849435,0.9646678440872104,0.32269417805637785,2.2556140951313286,0.29712455657869546,16.443365391453632,-0.0549908330211055,1.0312805474095796,data/SYNTHETIC/05984.csv,16.28485475634414
45.42486397510865,27.93058462241828,17.494279352690366,1.9157284131765646,0,0,2.9300556028890354,0.2266842268509082,0.07125401397886938,1.590923107757719,0.21081355319206563,29.989779553560354,29.05382053491437,0.3665689149560114,data/SYNTHETIC/05985.csv,43.509135561932084
30.50542607661631,19.355068148330705,11.150357928285604,1.4730829625805377,0,0,2.305459661804868,0.4323940203757487,0.1414849941837666,1.4697535098758399,0.17775065204556936,23.91491113919684,14.118385766652596,0.4643206256109478,data/SYNTHETIC/05986.csv,29.032343114035772
68.06420231372154,34.06231617415985,34.00188613956169,14.705840051090831,0,0,3.1122763582436304,1.7429248495873564,0.5357462922614608,2.1360819678951137,0.4610245897506018,33.45199079270953,33.038035519939186,1.7253176930596288,data/SYNTHETIC/05987.csv,53.358362262630706
8.417619927623651,5.646794299825874,2.7708256277977763,0.1727135784628907,0,0,2.346630945555613,0.0756329204701066,0.019245655823747,0.65331414149303,0.06270191512569188,9.318522065761643,-0.0468049280853731,0.20039100684261957,data/SYNTHETIC/05988.csv,8.244906349160761
33.91610225823926,19.834464668394038,14.081637589845222,1.5440626688039254,0,0,3.1122763582436304,0.3517887216494562,0.09155664030010172,1.34118008294833,0.1686883108689092,25.992653905966446,25.870915343370942,0.42521994134897323,data/SYNTHETIC/05989.csv,32.37203958943534
62.27582738959248,33.08995709921086,29.185870290381626,2.309094444834345,0,0,3.1122763582436304,0.4390622747503006,0.06496871036425941,1.9015049629368967,0.228179806796692,32.849749927369906,30.98920263432865,0.728882715946406,data/SYNTHETIC/05990.csv,59.966732944758135
17.44136784730314,10.987283951957416,6.454083895345727,0.7499096175434999,0,0,1.6366343782703603,0.1031433662362074,0.04695129918304311,0.911456965318095,0.11983307105134,18.101182376674288,10.51611096065301,0.2763963256260293,data/SYNTHETIC/05991.csv,16.69145822975964
43.24638331294606,24.10206173246601,19.14432158048005,0.735827787316707,0,0,2.807555529037143,0.1058680798458621,0.03661072877613484,0.8598132933126269,0.1300575210793413,32.6064303321364,32.55842496619994,0.26881720430107503,data/SYNTHETIC/05992.csv,42.51055552562935
94.99810927975108,64.69145558936135,30.306653690389716,34.48061191013539,0,0,3.1122763582436304,2.5826160623912835,0.5590895634843707,4.341885122898,0.7453552515861579,23.676062679129505,16.75162117274037,2.68673357189884,data/SYNTHETIC/05993.csv,60.51749736961569
47.77347872755188,26.845004085093127,20.928474642458756,5.20182441898127,0,0,2.7634270944185415,0.9385032579075332,0.24536362548169485,1.6684241822536505,0.3110121177620589,30.63452509387886,30.1325231515208,0.9628543499511242,data/SYNTHETIC/05994.csv,42.571654308570615
28.329952744210388,16.386903992414787,11.9430487517956,1.7733231273200674,0,0,2.436999066800991,0.409473946141807,0.10118879347593218,1.3280133254567568,0.1840198347141399,25.30791312995554,16.42250567742835,0.6207233626588469,data/SYNTHETIC/05995.csv,26.55662961689032
31.50583777790893,19.00000248978446,12.50583528812447,4.3437662440584255,0,0,2.7294280983343104,0.6968703754133585,0.3208910590606891,2.082760761563081,0.2995296425218623,25.053602709633395,24.6437858298539,0.8651026392961878,data/SYNTHETIC/05996.csv,27.162071533850504
95.45091287366235,48.950375954950644,46.5005369187117,6.082197953638013,0,0,3.1122763582436304,0.4800087117528641,0.08220022317939012,2.587911437224627,0.34166754112302206,34.80781191634298,34.28619995216459,0.6793743890518087,data/SYNTHETIC/05997.csv,89.36871492002433
49.562389753529416,30.33424890168123,19.22814085184818,1.5608324814830534,0,0,2.5176730506733227,0.2368215178613474,0.09579593090230051,1.427646969020211,0.18260035503469257,32.824542083478136,32.51163741004959,0.3372434017595305,data/SYNTHETIC/05998.csv,48.00155727204636
510.15050024948823,361.1996317033018,148.95086854618646,50.27212283666617,11,5,3.1122763582436304,3.654320473610796,0.402027990294582,3.2743300054939652,0.7556836549703219,10.843426734678593,6.868793066685411,5.0,data/SYNTHETIC/05999.csv,459.87837741282203
