total,lat,jerk,jstar,sat,maxrun,maxi,absmax,absmean,dtau_max,dtau_rms,v_mean,v_min,lat_max,seg,excess
23.602275184538428,12.72253376095561,10.879741423582818,11.66527457440541,0,0,2.67055690224799,1.2544646423534531,0.17502559168463577,4.31508328462548,0.4052383694171059,6.399187378379063,-8.232142762316699e-42,1.304985337243402,data/SYNTHETIC/03000.csv,11.937000610133017
166.20278958584453,88.62512026014556,77.57766932569895,60.86246872000553,4,2,3.1686474431916283,3.746869325706145,0.677038528641707,5.765875984708109,0.930591696396297,14.835756250767878,6.982491702225556,4.022482893450636,data/SYNTHETIC/03001.csv,105.340320865839
31.31742597229907,18.493077452975744,12.824348519323328,3.7720577979997807,0,0,2.898366270964387,0.4315299835384091,0.07838372649575705,1.7102670228821137,0.2624742607085168,25.771875428825815,23.09574043531409,0.4553135038216261,data/SYNTHETIC/03002.csv,27.545368174299288
3.142034576799754,2.009276995167647,1.1327575816321072,0.22168705627426927,0,0,1.795803525682142,0.1144780743069487,0.019472531675857153,0.67413393057491,0.06041933521101228,6.053188426475293,-0.0494842828326755,0.205274364794169,data/SYNTHETIC/03003.csv,2.9203475205254845
19.917068196664403,12.643950278235828,7.273117918428573,4.66231255493377,0,0,2.297383077225466,0.6642014317315693,0.17920943103610626,1.7457197454361977,0.2884196895162773,14.486551958061803,6.954193590695736,0.9337909533081408,data/SYNTHETIC/03004.csv,15.254755641730632
7.528548334859167,5.320509243390238,2.2080390914689283,0.9100525162768073,0,0,2.4789572660994135,0.2991755193305773,0.053547382467156374,1.5089910041636738,0.12469530818139958,6.783484146693374,-0.0510257800711746,0.8725723941027049,data/SYNTHETIC/03005.csv,6.6184958185823595
60.54842908049272,35.79779566364741,24.750633416845304,2.664543101005522,0,0,3.0945815236502647,0.7256897355071944,0.11246751575965706,1.159916656566764,0.23436186167160333,32.62467996375634,32.240866992660024,1.222285755999204,data/SYNTHETIC/03006.csv,57.8838859794872
19.118387256514815,12.94449921117111,6.173888045343705,0.8950076117143295,0,0,1.8660984190995118,0.1589552135010265,0.048184832120343565,0.6609767979348509,0.1274033445388235,14.515564947919197,5.26754009888028,0.913978494623656,data/SYNTHETIC/03007.csv,18.223379644800485
113.7001833356691,72.04679513835985,41.65338819730923,30.75615619967659,0,0,3.1122763582436304,1.459735708089398,0.2275650667089109,6.732135037080893,0.7059367082016313,21.62711268970377,21.196682345532803,1.490713587487781,data/SYNTHETIC/03008.csv,82.94402713599251
63.175280756573244,40.71890053888978,22.456380217683467,17.490468779109804,0,0,3.1122763582436304,1.3268908842117164,0.1570564438391205,4.199303934217638,0.5684137084749254,27.963100408606152,25.92028746203906,0.8944281524926687,data/SYNTHETIC/03009.csv,45.68481197746344
41.680452138351605,25.682945488663457,15.99750664968815,7.21505513914075,0,0,2.9618446265929714,0.7537478525190726,0.357535800969849,1.8537672549953332,0.35020491446293117,23.95922073194837,23.478366412878973,0.9042033235581624,data/SYNTHETIC/03010.csv,34.46539699921085
58.2048245416336,32.850692370937765,25.35413217069583,9.895917778264696,0,0,2.3412646652338696,1.147710344068983,0.5489262439220414,3.233438487059184,0.4016181401795059,27.826006946226048,27.53925475555873,1.6562645684133972,data/SYNTHETIC/03011.csv,48.3089067633689
23.608541307687204,18.462038045684228,5.146503262002978,0.7518632658812939,0,0,2.7504591493243487,0.7236051041128233,0.19369475180896928,0.9109926566453352,0.11686579162708732,7.378280890750393,0.5000266274320005,0.7478005865102642,data/SYNTHETIC/03012.csv,22.85667804180591
51.643833503207674,33.191619620595866,18.452213882611808,1.3932823818018467,0,0,2.8787282125471623,0.1340715485535188,0.05036387047744556,0.863981538070737,0.16310457000653553,28.594391421739065,28.54805599295268,0.2590420332355814,data/SYNTHETIC/03013.csv,50.25055112140583
34.68159324631866,19.828818359886675,14.852774886431986,0.7283207530351602,0,0,2.337705773013344,0.2085862494788304,0.03895323063504126,0.8483685859845499,0.12193163852750559,27.646788346065808,26.86173601107002,1.5286744331655893,data/SYNTHETIC/03014.csv,33.9532724932835
7.823116331682126,4.848729616276042,2.9743867154060832,0.34272446684485003,0,0,1.1974212663840778,0.1314889719932781,0.0300218123840028,0.49370524413672096,0.08449351884984126,11.042934124915746,0.0,0.15151515151515138,data/SYNTHETIC/03015.csv,7.480391864837276
47.057336046857074,30.870637327509478,16.186698719347593,3.9856373079686365,0,0,3.1088668011305876,0.4718540909054352,0.12013143438783626,1.820583877698936,0.2620616963717637,25.106455271510807,24.43303030877487,0.48387096774193505,data/SYNTHETIC/03016.csv,43.071698738888436
10.794042511872686,7.675965616978386,3.1180768948942994,0.31832640499937515,0,0,1.8437893440949416,0.1326656790129049,0.03098166011194337,0.390973547716823,0.07422257065581361,8.14934140574348,-4.1650134067118416e-29,0.14173998044965774,data/SYNTHETIC/03017.csv,10.47571610687331
23.66694472879822,11.853217138542,11.81372759025622,11.435386339365202,0,0,2.8135709373592883,1.9610892213272395,0.20747934259749296,2.219856798561919,0.36095054128656223,12.11693428593629,0.6056315921909439,1.9012707722385143,data/SYNTHETIC/03018.csv,12.231558389433019
31.37869239220401,19.552990620323783,11.825701771880226,0.531966369804852,0,0,3.1122763582436304,0.1084179681505156,0.036400215828243355,0.677329924622413,0.11616824931563483,27.98385243746899,27.01898954367593,0.669599217986315,data/SYNTHETIC/03019.csv,30.846726022399157
43.71296108483027,26.55635365393717,17.1566074308931,4.149678853593022,0,0,2.2341070483281413,0.6909807511320044,0.26522520891940304,2.481772546193608,0.30564957109108565,29.29632568514025,26.674187786298667,0.7771260997067451,data/SYNTHETIC/03020.csv,39.563282231237245
25.21697673480783,14.557560253106963,10.659416481700866,2.051353953938721,0,0,1.926697692750356,0.1879280218463668,0.061231793446692225,1.9511159357434578,0.2110297763154406,23.824335669642988,21.613557836503457,0.23949169110459412,data/SYNTHETIC/03021.csv,23.165622780869107
44.7750726366088,28.04714090785557,16.727931728753223,5.366221161943654,0,0,3.1122763582436304,1.3464217225987822,0.12919804587432884,2.387077678753372,0.3065530043916086,26.384569988336498,26.200346444704056,2.0283479960899315,data/SYNTHETIC/03022.csv,39.40885147466514
60.36481873660426,36.73736355609183,23.627455180512435,12.83834028581331,0,0,3.1122763582436304,2.113096541084082,0.6381927847110158,3.2287958818008087,0.46663032054195674,24.557170429349426,22.38012830591152,2.096774193548387,data/SYNTHETIC/03023.csv,47.526478450790954
54.90907857409181,27.543283890560932,27.365794683530876,6.769977580743582,0,0,3.1122763582436304,1.5485367215556003,0.766460725317518,1.933137694647347,0.3298315232074307,33.44661088339627,30.33515821942461,1.559139784946237,data/SYNTHETIC/03024.csv,48.13910099334822
68.9788696652757,39.242187020189256,29.736682645086436,7.358960541253134,0,0,3.1122763582436304,1.2659397999730508,0.6614714279339549,2.0584920644768845,0.36095248158820853,36.99756914012606,36.04858461998843,1.2854349951124147,data/SYNTHETIC/03025.csv,61.61990912402256
20.214933114752938,14.757101130525507,5.4578319842274325,7.570296668874427,0,0,2.5204227590084405,1.4357889172147953,0.33191732537892354,2.9221021489339627,0.3554792197352523,7.42775359429599,-0.0486349068688911,1.158357771260997,data/SYNTHETIC/03026.csv,12.644636445878511
43.704174852392065,25.91293579542604,17.791239056966024,0.9321380008171587,0,0,2.9164385269131543,0.5250007955653714,0.08852286498595863,1.060403537409707,0.13087367020583718,25.995511802945217,25.83815178926401,0.6304985337243405,data/SYNTHETIC/03027.csv,42.7720368515749
21.360542114962687,16.65229390039879,4.708248214563899,9.653771922990945,6,3,3.33175173152059,0.6323964425280457,0.05090672570417411,3.1237683800420517,0.4037649364473124,5.998485590678943,-0.0509913221341641,5.0,data/SYNTHETIC/03028.csv,11.706770191971742
58.608256512032554,36.11116407682744,22.497092435205115,5.996558873066882,0,0,2.8848009748191457,0.4582276748774951,0.14512959061879055,2.2508289069775547,0.3431016748899435,30.2808394000016,30.119195410755086,0.5522971652003914,data/SYNTHETIC/03029.csv,52.61169763896567
0.7734991767024302,0.5220413625980511,0.251457814104379,0.0040181311100204445,0,0,3.1122763582436304,0.0225079374177707,0.00532245107111584,0.066703918928209,0.007753752121668504,2.6887120532132074,-0.0459024554076232,0.8260019550342133,data/SYNTHETIC/03030.csv,0.7694810455924097
61.32591670080872,31.59881340102147,29.72710329978725,10.398855625025135,0,0,3.0998009545107026,1.7572270305108146,0.8219900137562272,1.9768850021645867,0.4121969582769366,31.279781190923973,29.69891826638528,1.8719452590420333,data/SYNTHETIC/03031.csv,50.927061075783584
44.15210580196957,24.406680303963782,19.745425498005787,18.053138184413818,0,0,3.1122763582436304,2.961923957200703,0.34379132200190937,2.4574169793145417,0.4549853195482143,14.557133577849147,6.913291995367072,2.8885630498533725,data/SYNTHETIC/03032.csv,26.09896761755575
50.44393542076105,32.4443456035371,17.99958981722395,13.187665194219475,0,0,3.063510966748302,1.7154435395769878,0.3142117847371584,2.9173937210657175,0.4575041317593548,13.69741518552385,12.746018509612462,1.705767350928641,data/SYNTHETIC/03033.csv,37.256270226541574
43.50848027017743,23.973800368754393,19.53467990142304,2.4853920177888753,0,0,2.926610581094869,0.2938518199519469,0.10292089994001113,1.1550428386175369,0.22531428097357628,31.288373016241966,30.15171580544821,0.3958944281524923,data/SYNTHETIC/03034.csv,41.023088252388554
41.85363424815768,24.586864346323647,17.266769901834035,4.933726084712262,0,0,2.6414908840612816,1.228949870546621,0.18419491635245952,2.628251001574776,0.29420405146412965,26.405136824440817,26.27430741823054,1.2952101661779083,data/SYNTHETIC/03035.csv,36.91990816344542
30.767221487967596,20.79272819516056,9.974493292807038,8.069660106943468,0,0,2.352032412691645,1.3269638591383903,0.3382764688842069,2.189383375375761,0.3565216926370061,18.862517748867933,16.52102931529928,2.6090282805858203,data/SYNTHETIC/03036.csv,22.69756138102413
56.2873422666111,31.33314776215743,24.954194504453667,3.5731363985393543,0,0,3.1122763582436304,1.0368570239350623,0.4339498545669822,1.3324645318668515,0.2432620341648271,27.991423992062128,27.32429890969103,1.1192570869990224,data/SYNTHETIC/03037.csv,52.714205868071744
49.50536841494989,27.484848408380703,22.02052000656919,0.6781255355538119,0,0,2.7144342254046228,0.2391014959074909,0.13143438631934,0.8553820801820791,0.1228676418266606,32.267097577591656,31.226887567841192,0.3665689149560114,data/SYNTHETIC/03038.csv,48.82724287939608
56.39406680550653,35.13031507757528,21.26375172793125,2.203485803158881,0,0,3.0707369909468545,0.2544823888633967,0.08879773261705104,1.142716938428461,0.19558201130307043,27.661939849669167,26.384720291603617,0.3372434017595305,data/SYNTHETIC/03039.csv,54.19058100234765
33.90502179508002,24.201145006975793,9.703876788104228,8.98216026642574,0,0,2.3536604010796522,0.8593703456137041,0.07636284588521225,6.654244935991014,0.508009007585662,20.671832736252636,19.19023412293167,1.2267839687194524,data/SYNTHETIC/03040.csv,24.922861528654277
59.46291376851803,30.617110236258473,28.845803532259556,10.128650820101281,0,0,3.1122763582436304,1.725479266038122,0.8547210630519266,2.277754651888968,0.40731461613124004,30.534365971993793,30.323437076769924,1.6764418377321606,data/SYNTHETIC/03041.csv,49.33426294841675
63.681620632703506,39.04354452312396,24.638076109579544,10.793288417023383,0,0,2.354350006005656,0.8183827222196666,0.12174092236719238,2.8598225612242683,0.4729003420720093,30.04856949304431,28.281861340507263,0.7380254154447705,data/SYNTHETIC/03042.csv,52.88833221568012
48.15947862887229,29.553995221473038,18.605483407399255,10.961563482926309,0,0,2.4610935536620824,1.0303237078326373,0.10978726417682899,3.178388307426344,0.41286193025899326,27.434213649937547,25.288998712922226,0.8260019550342133,data/SYNTHETIC/03043.csv,37.197915145945984
38.733315060265234,21.97425045928957,16.759064600975663,4.200551931584041,0,0,2.2254345015179355,0.7477561277820051,0.081352417937432,1.8858228175749663,0.2659780783661092,24.34959579836775,21.329069890666272,0.5939768822555977,data/SYNTHETIC/03044.csv,34.5327631286812
36.54668420349491,20.98024809227145,15.566436111223462,1.2744316441069115,0,0,2.733864904009645,0.1856030870354391,0.06850119335917544,0.804828265657877,0.1501469954699173,26.51671737363813,25.899332555107133,1.133322323834948,data/SYNTHETIC/03045.csv,35.272252559388
50.95162298116897,35.01159240327614,15.940030577892827,2.6098294991607016,0,0,3.1122763582436304,0.4251938726896673,0.26603294360736246,2.1137187467214047,0.231432653885658,26.010815047428206,25.06166579873496,0.5034213098729232,data/SYNTHETIC/03046.csv,48.34179348200826
5.164624607889333,3.5193720527492536,1.6452525551400796,0.09751832761584,0,0,1.4911929961057657,0.1824822720122488,0.04182274038403563,0.288029617376038,0.03805395680026453,6.4040422441671785,-0.0526896065103399,0.23949169110459412,data/SYNTHETIC/03047.csv,5.067106280273493
40.53659235623788,23.154870310813287,17.381722045424596,1.4747172184253632,0,0,3.1122763582436304,0.3804895660508826,0.15334391302449904,1.48901385370561,0.16742838049086028,30.93319884931543,28.72352479912964,0.6353825399755177,data/SYNTHETIC/03048.csv,39.06187513781252
48.10655352307015,29.38851280840511,18.718040714665037,5.144738714265639,0,0,3.1122763582436304,1.1537100356105,0.5100088679571076,1.565139400459925,0.2924098888360865,25.14257704773884,24.8565949412918,1.2463343108504397,data/SYNTHETIC/03049.csv,42.961814808804505
8.27721970953794,5.992545855675296,2.284673853862644,0.9475718620250406,0,0,2.015198865415218,0.1881861964624801,0.03827447704118597,0.7999846971118608,0.13839739663387415,10.691583740165333,6.872613991843485,0.12218963831867047,data/SYNTHETIC/03050.csv,7.329647847512899
40.339658654773814,27.41712184613354,12.922536808640276,8.025305862850669,0,0,2.90782662874561,0.4384383731197488,0.09948867308366925,2.062910327508098,0.3944686332629221,24.804415164953312,23.60039869775683,0.8038744244936608,data/SYNTHETIC/03051.csv,32.31435279192314
25.564257409031924,18.269585963680125,7.2946714453518,7.555357899464321,0,0,2.1084447348920676,0.7668535673644501,0.08467727091194448,3.8996722401255677,0.39959070168850186,16.81077651433822,8.479476109246704,0.5816226783968723,data/SYNTHETIC/03052.csv,18.008899509567605
46.98781897272316,25.142122017864573,21.84569695485859,3.3231109427309846,0,0,3.1122763582436304,0.682927823181681,0.3202129026506282,0.9777451741756482,0.23248002610515764,30.466886886582234,30.254781030888218,1.1094819159335287,data/SYNTHETIC/03053.csv,43.66470802999218
36.95668858178454,22.97323928125625,13.983449300528289,5.26878050301513,0,0,3.0432305989152786,1.4390712221003248,0.7567330396486147,2.015599409366838,0.31679509562413033,24.565941010197584,23.447958588217087,1.5200391006842624,data/SYNTHETIC/03054.csv,31.68790807876941
63.175639504233686,39.909804608766585,23.265834895467105,6.700370500848587,0,0,2.5256434629537585,0.8375344997579306,0.19246050439847118,2.2561015582713075,0.33081896399474625,26.654919256138943,26.17985031160298,1.1666256010675953,data/SYNTHETIC/03055.csv,56.4752690033851
51.33621751348062,29.974277496232425,21.361940017248195,2.24544037956948,0,0,3.1122763582436304,0.4553790676446088,0.21329039438577005,1.2120927237077819,0.1963853627133836,28.91725371979662,28.51372048156489,0.48387096774193505,data/SYNTHETIC/03056.csv,49.09077713391114
34.05699129463722,21.053030050953613,13.003961243683609,3.8956923032849833,0,0,2.67318897509267,1.2608623971701856,0.2545429301327724,1.1822022607228455,0.23912659571669495,21.929940663399474,21.305410694643925,1.275659824046921,data/SYNTHETIC/03057.csv,30.16129899135224
48.29320253580234,27.850879667278726,20.442322868523615,3.2531995291105424,0,0,3.1122763582436304,0.6903394318110352,0.12782291948891505,1.7049737678587857,0.2558891218554613,28.70003472362487,26.77564942854611,0.9628543499511242,data/SYNTHETIC/03058.csv,45.04000300669179
60.455087681199224,34.995582712212055,25.45950496898717,1.3569397905255567,0,0,2.6615562046044356,0.1396814646759173,0.053068351159284724,1.146646949866953,0.16327120985619506,32.30774056665855,31.73812009599973,0.3079178885630496,data/SYNTHETIC/03059.csv,59.098147890673665
6.667484914507846,5.149158684582358,1.5183262299254883,0.4814203847644336,0,0,2.358780317302311,0.3570262111837305,0.041633697727141324,1.452139365219183,0.09882102241666504,4.012854015021988,-0.0570574195077023,0.3861192570869987,data/SYNTHETIC/03060.csv,6.186064529743413
76.01551006483123,39.882219596194325,36.133290468636915,11.749240145794658,0,0,2.5532931189496084,2.4960699360894782,0.7028269150722808,2.016591200042581,0.43057756921936846,32.35648907510159,31.64568459023113,2.7614858260019552,data/SYNTHETIC/03061.csv,64.26626991903657
53.26281440252258,29.764680383549546,23.498134018973033,2.9372970200918584,0,0,2.5578977666251212,0.5581429357287794,0.1751674196236871,1.648223038871638,0.22822007031984554,33.3606380075555,33.05024863325167,0.6304985337243405,data/SYNTHETIC/03062.csv,50.32551738243072
64.75280673840773,35.95729476896912,28.795511969438607,5.627915639765744,0,0,3.034699075760221,0.7217225956802482,0.14085529135772643,2.396555975514328,0.31434217746351373,34.580609884118296,32.189029369191566,0.698924731182796,data/SYNTHETIC/03063.csv,59.12489109864198
65.51975463048434,44.132908513316615,21.386846117167728,13.83844369340023,1,1,2.8449251384497636,1.7696884412006937,0.3087259472623539,2.18055377130985,0.42242427302167473,4.235052441726072,0.7782365746657788,1.881720430107527,data/SYNTHETIC/03064.csv,51.68131093708411
75.25405910944775,43.97749670751258,31.276562401935166,20.227620377461875,0,0,3.1122763582436304,2.683513126091155,0.6865617847660499,4.798941594592778,0.6247905349713766,32.66694880751502,31.78439392053448,2.878787878787879,data/SYNTHETIC/03065.csv,55.02643873198588
60.19123027227743,33.5774141947349,26.61381607754253,3.986911293552831,0,0,3.1122763582436304,1.3584147368250776,0.19069396461734234,1.5663598446715359,0.26715289896354905,32.04181851930918,30.23754360402594,1.4711632453567933,data/SYNTHETIC/03066.csv,56.2043189787246
246.39095256831064,128.31237410406925,118.07857846424137,60.641159548102,2,1,3.1122763582436304,4.0569640988724345,1.3083987966679558,4.95641971324966,0.980110525522953,17.45245869370518,16.20964652716884,4.491691104594331,data/SYNTHETIC/03067.csv,185.74979302020864
36.65270412491354,27.784625214165764,8.868078910747778,13.266476983382372,0,0,2.7615566932292346,0.941147462959465,0.06206771662215572,6.298146957422672,0.5139056805260045,9.994828360009716,1.1076890878895618,0.8357771260997069,data/SYNTHETIC/03068.csv,23.38622714153117
59.7678540577832,27.892582574647097,31.875271483136096,31.82914759016247,0,0,3.1122763582436304,3.0791883732740803,1.2339894963044062,4.201817008339015,0.6863292100384129,22.031543397614968,20.296301778600128,2.9667644183773216,data/SYNTHETIC/03069.csv,27.938706467620726
60.97119944235062,34.44599230882581,26.52520713352481,10.264370389664794,0,0,2.8460788232382224,1.620578247707704,0.38579655799659435,3.115710234810508,0.41167953954066183,31.674599337267395,28.596622774264954,1.5591397849462365,data/SYNTHETIC/03070.csv,50.70682905268582
13.653281550844861,10.106528953810715,3.546752597034146,0.9776066593537542,0,0,1.830916860305705,0.2774801161825275,0.05916823516272917,1.0408630917105,0.1326509009543,9.684105536913647,0.927021129046854,0.3079178885630496,data/SYNTHETIC/03071.csv,12.675674891491107
39.68725295165603,25.01409078958431,14.673162162071717,1.5366305515915282,0,0,3.0764188671221677,0.1832571748980181,0.06724594177949585,1.056734579794391,0.16043290452016049,25.802411084606355,25.03625947108953,0.3372434017595305,data/SYNTHETIC/03072.csv,38.1506224000645
38.87155602765834,22.72317468950761,16.148381338150738,1.8769381425334144,0,0,2.2414200173535526,0.285317559899861,0.04436307690664102,2.055331763062676,0.2032266323117278,28.752918055412486,28.31707609339952,0.2101661779081132,data/SYNTHETIC/03073.csv,36.99461788512493
33.28049198122015,21.368576101647,11.911915879573154,1.5472012903446954,0,0,2.0473042998852273,0.1745137892767703,0.06457368229182398,1.178874801491733,0.18363702537358087,23.618503640635055,23.4743305465098,0.42521994134897323,data/SYNTHETIC/03074.csv,31.733290690875457
10.083961015013571,6.755138523536555,3.3288224914770166,1.5315407606550857,0,0,1.4301591050855347,0.4439574527085474,0.1393635881253637,1.2166943507784278,0.15988993418602462,10.392821413739961,-5.024042972549933e-11,0.42521994134897323,data/SYNTHETIC/03075.csv,8.552420254358486
62.8348790501973,35.21044204358766,27.624437006609636,3.505150273504183,0,0,2.7776889387514165,0.2832263230586613,0.07061182388111262,2.124305187090391,0.2712914423180279,34.82763044033472,34.60974281663756,0.8831800972335772,data/SYNTHETIC/03076.csv,59.329728776693116
36.414111770685054,20.943469112453695,15.470642658231359,6.161543280350472,2,2,2.164346402874339,0.8507814493564482,0.3048528141543644,3.0647957406383077,0.36722515771605785,25.955157014005753,16.158530017115226,2.8948589477803863,data/SYNTHETIC/03077.csv,30.252568490334582
49.165205164608196,30.28671041618134,18.878494748426853,0.7135689227268225,0,0,1.6040246030799492,0.1141307598267972,0.03725220726244352,0.8485473820178199,0.12503403051230771,31.488316530484145,30.62042340397561,0.3176930596285432,data/SYNTHETIC/03078.csv,48.451636241881374
151.3934640976069,81.78515148086511,69.60831261674181,84.31785583468735,1,1,3.1122763582436304,3.23918801285793,0.4074315297036892,8.579542092751545,1.0120771010197773,13.784367005241613,10.627644443230093,4.040149672569721,data/SYNTHETIC/03079.csv,67.07560826291956
67.26474846437726,41.434043865045496,25.83070459933177,37.16056724650031,0,0,3.1122763582436304,2.404751176586913,0.7493277258710265,4.712362006577409,0.7600769174017524,12.825453183275872,5.429735583887258,2.3216031280547407,data/SYNTHETIC/03080.csv,30.104181217876956
83.56733610284167,49.412180438492584,34.155155664349074,10.419285016372267,0,0,2.432252576377496,0.4237144562107892,0.12293059726884187,2.1216734502881307,0.42684563691010485,33.36809863830171,33.26118790647168,0.42521994134897323,data/SYNTHETIC/03081.csv,73.1480510864694
60.58425237417048,37.81414859793774,22.770103776232745,15.23139273991074,0,0,2.6746942145496995,1.717764956870237,0.5509576214155081,2.8159974832143697,0.5117203881866458,26.459948765963755,23.676377588157784,1.7644183773216033,data/SYNTHETIC/03082.csv,45.352859634259744
36.42255800595101,20.616638262247182,15.80591974370383,4.399875263185132,0,0,3.1122763582436304,1.20975185562263,0.330835500316418,2.0124118806599167,0.27619063548680367,23.316660808310697,22.289189856357204,1.2756598240469206,data/SYNTHETIC/03083.csv,32.02268274276588
46.826137366889675,25.63183589237771,21.194301474511967,6.393247379583116,0,0,2.264925136050911,0.734600906861555,0.0992984167814874,2.391177816913742,0.30597296445103944,30.637121333788297,29.84607936617408,1.0019550342130987,data/SYNTHETIC/03084.csv,40.43288998730656
25.994182540364996,14.376831528742674,11.61735101162232,5.602791940616922,0,0,2.9218783884083996,1.058126260582387,0.4779062764533362,1.861783198831778,0.2913348744499175,20.407036501816687,17.907202447022698,1.1388074291300097,data/SYNTHETIC/03085.csv,20.391390599748075
22.086722663611695,13.685636836200633,8.401085827411062,0.8653570372920129,0,0,1.7068455655792008,0.192692160523779,0.04613749884597676,0.7029950399016339,0.12802204124427793,17.356945793148768,8.473879808430315,0.34701857282502413,data/SYNTHETIC/03086.csv,21.22136562631968
38.075174777139196,19.663673112049043,18.411501665090153,0.8830358527092513,0,0,2.953531071136241,0.2000460215993794,0.060091272195559195,0.7415827677941239,0.13008901849160825,24.164362986513083,22.986039995089687,1.292286162610535,data/SYNTHETIC/03087.csv,37.19213892442995
55.95496651189515,36.020348944229895,19.934617567665253,3.109923603286372,0,0,3.1122763582436304,0.9198151374272152,0.16925914400545,1.1781530680667718,0.23200415721143752,30.97337411395774,29.95170237406548,1.0019550342130987,data/SYNTHETIC/03088.csv,52.845042908608775
26.64216357798259,16.461714361242446,10.180449216740143,2.049815454830777,0,0,1.9491582941009808,0.2495314969574615,0.07680125315760007,0.880583314299444,0.18439906681215712,19.750033231317094,19.13909018843553,0.2883675464320623,data/SYNTHETIC/03089.csv,24.59234812315181
29.708148196198813,19.683363340570903,10.024784855627908,0.8493829886522803,0,0,2.356515173494772,0.1593085560105989,0.050891671694697556,0.94510933330082,0.12440164936043141,18.095132713702757,11.368592074791428,0.3861192570869987,data/SYNTHETIC/03090.csv,28.858765207546533
20.81268234728406,15.299769127586144,5.512913219697918,5.2332243691080365,5,5,3.1122763582436304,0.7314072300748028,0.17353213756142755,2.7598445487338776,0.299463084158237,9.708885443228766,1.9359765839993823,4.521016617790812,data/SYNTHETIC/03091.csv,15.579457978176023
4.74997809216346,3.550165093436851,1.1998129987266082,0.16482787080368502,0,0,1.7695829261413205,0.1678730591761636,0.06915583077162232,0.412569430926236,0.05545777165364216,7.249374368078791,3.213167290198525,0.35679374389051777,data/SYNTHETIC/03092.csv,4.585150221359775
35.09019809088716,22.28500826216226,12.805189828724897,2.022347697977786,0,0,2.8099093538879343,0.2567673583172976,0.05847627526691245,1.7409946289472717,0.20823275082458462,25.76358443360248,24.31324004216028,0.3176930596285432,data/SYNTHETIC/03093.csv,33.06785039290937
44.20166182007657,24.59753166523422,19.604130154842352,3.3141710531833537,0,0,3.0823758863121826,0.3003168080330329,0.08368272640624905,1.281869121738813,0.24459580341892354,28.824876961230995,28.5992800301545,0.4556146071085808,data/SYNTHETIC/03094.csv,40.88749076689322
13.163268551648798,9.458456757177613,3.7048117944711847,0.16771284134245376,0,0,2.4468147624697445,0.1623409913230656,0.06228058490389943,0.449728529430597,0.052037486771806946,12.256114315459886,8.645306373381322,0.3079178885630496,data/SYNTHETIC/03095.csv,12.995555710306345
72.27121029281847,38.35793309727451,33.91327719554395,7.167674333136386,0,0,3.1122763582436304,1.931505746723136,0.6836070509943708,2.7680383503854133,0.3668213516336921,34.500232001818,33.745402462555546,2.2000375035706825,data/SYNTHETIC/03096.csv,65.10353595968208
22.210310071221624,14.089420093812578,8.120889977409046,2.6113063059236916,0,0,1.7799346679138768,1.0326848825575776,0.41179098326144037,0.922258129053235,0.18628555972588756,15.363171351269777,10.412473662129774,1.1094819159335287,data/SYNTHETIC/03097.csv,19.599003765297933
41.36895315015047,30.757433394945664,10.611519755204801,8.63662295610967,0,0,3.1122763582436304,1.3062769445172984,0.28160855970177173,2.0623788368640392,0.3535191971689054,10.808223978157653,-0.0484298956913135,38.90923005402694,data/SYNTHETIC/03098.csv,32.7323301940408
17.724425014534894,11.164968320897787,6.559456693637107,2.4375474966167787,1,1,3.1122763582436304,0.675532598308158,0.2093550240464092,1.5222931106798498,0.21055968417238033,17.382049403664507,9.434317836830337,10.48883542345296,data/SYNTHETIC/03099.csv,15.286877517918116
31.398723009879802,21.177561575617997,10.221161434261806,0.6064099298941986,0,0,3.1122763582436304,0.2877921731915119,0.06260856738595817,0.755128427187032,0.1127984738411669,22.879428427427573,22.056196385078884,0.2883675464320623,data/SYNTHETIC/03100.csv,30.792313079985604
34.100206660135854,22.41340539509424,11.686801265041613,2.161339943081111,0,0,2.5729696869552665,0.2665685428582077,0.06814873717673113,1.5168590763602348,0.1989265780963437,25.416810272494676,25.20607572335543,0.27859237536656867,data/SYNTHETIC/03101.csv,31.938866717054744
41.28061634748133,23.374425146924736,17.906191200556595,3.2553473726765585,0,0,2.674580345793634,0.7555596345137476,0.17035735787821504,1.2096666865017829,0.24903109598168136,29.384420395221504,28.02945811746108,0.9310988301497748,data/SYNTHETIC/03102.csv,38.02526897480477
33.42669259964297,19.249261556805603,14.177431042837368,1.5171228276449347,0,0,2.9666261828275853,0.2402087006310666,0.0602738908163987,1.1299249009192869,0.16496301748461695,25.393744369139323,24.464190111816865,0.2590420332355814,data/SYNTHETIC/03103.csv,31.909569771998033
10.696507212226459,7.604773516904999,3.09173369532146,0.5946642763280867,0,0,1.1050449863864549,0.1350374429139182,0.037997094617651855,1.3384053946552348,0.10391286011391766,8.190376577944479,-0.0536540338233257,0.19061583577712593,data/SYNTHETIC/03104.csv,10.101842935898372
51.98194864903753,38.65947417415504,13.322474474882492,4.180581896664498,0,0,3.1122763582436304,0.8656959315053618,0.16308610687477498,1.479349579863416,0.26582427265101505,24.949657258870126,18.490483386868384,0.9628543499511242,data/SYNTHETIC/03105.csv,47.80136675237303
72.35372792541597,42.54759502691024,29.806132898505723,1.0861931818345048,0,0,1.896847003956995,0.133080296538413,0.04494212970087281,0.725995383817715,0.14816804024730112,32.47200470708551,32.0978902568957,0.3372434017595305,data/SYNTHETIC/03106.csv,71.26753474358146
66.87611524522718,42.02968837538971,24.846426869837472,12.205269478899362,0,0,1.9596440257042644,1.6139340325949358,0.28463257095688865,3.5960734671354633,0.478077114301326,30.380531877122177,27.97972270399421,1.5786901270772238,data/SYNTHETIC/03107.csv,54.67084576632782
5.993305382151642,3.931351306495733,2.061954075655909,0.705326693671605,0,0,2.6610820286797954,0.8862814968112597,0.09471048865771063,0.9226032090743708,0.10674283342864817,6.667102733803102,-0.0588977428298692,1.3929618768328447,data/SYNTHETIC/03108.csv,5.287978688480037
103.269582966581,67.04528871760154,36.224294248979454,23.555972349856756,0,0,3.1122763582436304,2.6331092976177968,0.4210269256725322,3.314095141655804,0.576978645553165,8.176788955316308,0.2118953267901611,2.8103616813294234,data/SYNTHETIC/03109.csv,79.71361061672424
30.30656526821542,20.423075755750922,9.883489512464497,2.6783818777571162,0,0,3.1122763582436304,0.4844251839564618,0.12771342116997988,1.9512426320415162,0.2173573304990632,21.276933396474373,16.9584254106351,0.8357771260997069,data/SYNTHETIC/03110.csv,27.628183390458304
143.09648120086254,106.49859248521376,36.59788871564878,63.16774592766622,0,0,2.253311787007551,1.767599980754994,0.39506653682603243,6.405132342484305,1.08749485038026,32.52516240599122,29.951357629255,1.9305962854349952,data/SYNTHETIC/03111.csv,79.92873527319632
49.123417621469684,29.866538733723864,19.25687888774582,0.7773460459306586,0,0,2.6926014070374897,0.1342506522983066,0.052482530219068374,0.759819422424349,0.12012731510938508,27.848815672424124,24.6381653361026,0.29814271749755594,data/SYNTHETIC/03112.csv,48.34607157553903
48.699406406326375,26.28373840616458,22.415668000161794,0.8309244499573859,0,0,3.0201356172891125,0.4529075327699095,0.118132808921035,0.7196158517452861,0.12835349059016637,31.165553268843123,30.86705674875792,0.6109481915933532,data/SYNTHETIC/03113.csv,47.86848195636899
48.253892570781076,26.930269934729722,21.32362263605135,6.13148079315199,0,0,2.4369089798992256,0.8787913727705957,0.4308572075372969,3.0791754076881475,0.3521582382968172,30.01826470610974,28.39234944006673,1.158357771260997,data/SYNTHETIC/03114.csv,42.12241177762908
50.00956882876575,33.18344881069558,16.826120018070174,6.168768532820674,0,0,2.827415675108966,0.8256575530964367,0.1176437188406079,2.526928136427361,0.32544406092230455,25.92260788849605,25.24937326530273,0.6402737047898341,data/SYNTHETIC/03115.csv,43.84080029594508
61.78819799763092,36.68073396838987,25.10746402924104,0.9956897808686186,0,0,2.1001845450796472,0.1908119449451773,0.03386737663341272,1.21815163355133,0.15451651085060206,31.960496171343774,31.85268647676045,0.37634408602150504,data/SYNTHETIC/03116.csv,60.7925082167623
0.6490650416906903,0.47903166262963404,0.1700333790610563,0.00210404505619382,0,0,1.4630868111994597,0.0130414542395727,0.002589201842267115,0.05539117670683,0.005426235093493075,1.3549842569862063,-0.0586915489588407,1.5921252643670076,data/SYNTHETIC/03117.csv,0.6469609966344966
40.540741893958455,22.835716944685363,17.70502494927309,2.808243135798577,0,0,1.657980151454973,0.6722543595045427,0.1429608985045857,1.659695812266146,0.2224119215747311,26.648039080225743,26.48811562578539,0.8944281524926687,data/SYNTHETIC/03118.csv,37.73249875815988
47.70249090770687,25.346693815665155,22.355797092041712,1.2362196766817524,0,0,2.644004782751715,0.7224386322818637,0.15852899813870017,0.9496645371978588,0.15164710570053894,30.658285135033292,30.529751285516824,0.8944281524926687,data/SYNTHETIC/03119.csv,46.46627123102512
43.443943100942484,25.724549133720565,17.71939396722192,2.4847209380182917,0,0,3.1122763582436304,0.4781901172073146,0.19914427401128376,1.3990201451763677,0.21233984569675224,32.06239514601535,31.663396354581423,0.6500488758553278,data/SYNTHETIC/03120.csv,40.95922216292419
14.5144664554357,9.446992792151264,5.067473663284437,3.4791191727660093,0,0,1.2819039797721559,0.3793124961403289,0.07229950518893061,2.6691605819212882,0.24881099669837475,12.101453937469506,2.173495416770652,0.32746823069403685,data/SYNTHETIC/03121.csv,11.03534728266969
49.698655846352196,31.291943853911587,18.406711992440613,8.431425713781813,0,0,3.1122763582436304,0.6839348661400139,0.34004838221430106,3.470531249617151,0.4134208307150063,27.998472864268916,27.02564387292397,1.551893555170017,data/SYNTHETIC/03122.csv,41.26723013257038
47.57193042356214,29.8357726020666,17.736157821495535,2.3462427404604966,0,0,2.6427773777123815,0.2399197902081695,0.06618945046108232,1.6904839481547178,0.2111169548913573,28.292357076798616,26.22034950170562,0.3372434017595305,data/SYNTHETIC/03123.csv,45.22568768310164
56.848962465359605,30.426733293801377,26.422229171558232,5.630515514239334,0,0,2.5866623109388334,0.8292265657614418,0.07162412760390441,2.823122766339344,0.32114495106926233,33.313985006187174,33.14159686054792,0.698924731182796,data/SYNTHETIC/03124.csv,51.21844695112027
35.35812841978395,21.269306320964322,14.088822098819634,1.6366777529491816,0,0,1.9145846089161627,0.1482678715683226,0.05718181624781257,0.9028144968109328,0.17856301699422972,26.48863151418098,23.08057877884245,0.3028111034468731,data/SYNTHETIC/03125.csv,33.72145066683477
70.598659618876,43.24962878961878,27.34903082925722,0.9495037112526754,0,0,2.5155004570936366,0.154121469572331,0.043209164235517336,0.585598608351271,0.13382613104676588,32.53641421002517,32.26652004768627,0.2883675464320623,data/SYNTHETIC/03126.csv,69.64915590762332
66.87808538824527,42.36933044020511,24.50875494804016,1.5420911449147614,0,0,3.1122763582436304,0.5172396060873027,0.14934392713209735,0.772442834311893,0.17832386624522328,33.686542571321134,32.4841799263681,0.6011730205278596,data/SYNTHETIC/03127.csv,65.3359942433305
30.77414908465748,19.389097196541094,11.385051888116386,6.1265481934352,0,0,3.1122763582436304,1.644985782083813,0.483099156544061,2.1786599021237185,0.3069287111525361,14.725756318128497,11.516793419446042,1.6177908113391988,data/SYNTHETIC/03128.csv,24.647600891222282
58.74035330971517,36.6767262492995,22.06362706041567,10.135071083178289,0,0,3.1122763582436304,0.904536966119043,0.1322904193252871,2.1500630381408516,0.3942979851598546,29.438568896748894,29.344076566092653,0.806451612903226,data/SYNTHETIC/03129.csv,48.60528222653688
12.144939137003536,7.654621027996769,4.490318109006767,0.5410286548780773,0,0,2.0720519550274377,0.3474932077906773,0.12079315641845152,0.6230270919335287,0.09291331531469067,10.70798050179208,7.943803006988206,0.5816226783968723,data/SYNTHETIC/03130.csv,11.603910482125459
59.104931469293206,44.33597585422932,14.76895561506389,2.2816690797075303,0,0,3.1122763582436304,0.6013359450442666,0.14613239001665368,2.1321969107448733,0.20784101225650228,11.643160519018602,1.242768154537431,0.6011730205278596,data/SYNTHETIC/03131.csv,56.82326238958568
165.76567386877002,90.28319894691528,75.48247492185473,34.18368272169942,1,1,3.1122763582436304,3.6237544078680064,0.6186131375785995,3.865256881544885,0.6523098970787689,14.509609522321227,0.0,4.188660801564027,data/SYNTHETIC/03132.csv,131.5819911470706
104.17476444715743,73.63341679693698,30.541347650220445,3.276149774330598,0,0,3.1122763582436304,0.9470725110291318,0.0984805171975776,1.6610128654671823,0.23880915025645344,33.62140159960613,33.031381656028806,1.1974584555229715,data/SYNTHETIC/03133.csv,100.89861467282682
1146.6985336425553,1036.7792104336463,109.91932320890889,76.18726549111591,12,8,3.1122763582436304,3.740989753080101,0.45316275259248356,11.189168753666214,0.9752434211577766,7.97976746818866,-0.053568636792069,4.9960899315738025,data/SYNTHETIC/03134.csv,1070.5112681514393
46.020415887949454,23.338921055734414,22.681494832215044,17.037840115882258,0,0,2.7755705149335954,1.7658888022881511,0.7449345685182055,2.7382914676642067,0.5072127073967003,20.71886735785229,18.029344510674587,1.7644183773216033,data/SYNTHETIC/03135.csv,28.982575772067197
32.341448843280816,21.389862329953885,10.951586513326928,11.830984940908568,0,0,2.9358153277082537,1.967169620844576,0.4069950926263578,3.4218442574572427,0.4309870072161467,11.871491493037428,0.6300600264873684,2.418041969274194,data/SYNTHETIC/03136.csv,20.510463902372248
51.50564848527759,26.13235762398335,25.373290861294244,2.2356974442444315,0,0,3.0492378122592148,1.120180925829319,0.5630327169741834,1.175513825640192,0.20990047038162382,29.669619150940058,29.49118258871957,1.2170087976539588,data/SYNTHETIC/03137.csv,49.26995104103316
12.943490296364532,8.51064825915305,4.432842037211481,1.1512860752491967,0,0,1.7036676833316429,0.4263429971279874,0.11670403087019526,1.056472304713254,0.13937893207071386,13.025329337389088,2.1849644293210315,0.4936461388074287,data/SYNTHETIC/03138.csv,11.792204221115336
65.49666950280738,35.930020236782,29.566649266025376,1.9828095293134302,0,0,3.1122763582436304,0.4980564002188397,0.11069717309872472,0.972338016693319,0.19645436335615166,34.74780860198406,34.23956852314644,0.6402737047898341,data/SYNTHETIC/03139.csv,63.51385997349395
15.650436539984288,10.982900542942051,4.667535997042235,2.0075410149694277,0,0,2.347950681498851,0.6607964271056316,0.0707599473825691,1.296224642551319,0.18040196448994467,15.441651977484275,12.241426956847016,0.4936461388074287,data/SYNTHETIC/03140.csv,13.64289552501486
37.55142388245167,20.912101097716178,16.63932278473549,5.390942747641944,0,0,3.083221487980635,1.3409451639774963,0.28684057656106693,1.7105286617256559,0.2719243102469694,25.795343469698345,24.202658322650308,1.881720430107527,data/SYNTHETIC/03141.csv,32.16048113480973
44.05617929133108,25.6303086082921,18.42587068303898,6.745307778860665,0,0,3.1122763582436304,0.7899956744594622,0.14008769726311063,2.4678392048573565,0.32850134053831437,26.91732999061108,24.635512192741466,0.9834299196661362,data/SYNTHETIC/03142.csv,37.31087151247041
80.96152794722789,47.065014605957586,33.896513341270314,1.1461353819441102,0,0,3.1122763582436304,0.7955844303891954,0.4585127631680057,0.809868636712219,0.1470294067923283,33.6315972414755,33.37268934395628,0.9628543499511242,data/SYNTHETIC/03143.csv,79.81539256528379
4.500361683573713,2.9964044715970464,1.5039572119766667,0.12706455508745107,0,0,2.7197672892308526,0.1042360959577942,0.020658411205705097,0.43930702717583603,0.04809956705747054,6.721949502951787,-0.0614670437097603,0.7575757575757578,data/SYNTHETIC/03144.csv,4.373297128486262
47.17739519196584,30.209979830732266,16.967415361233577,1.261338908549504,0,0,3.1122763582436304,1.0013173796031998,0.22269145771674823,0.7488697152130241,0.1497141818760124,28.52166598532909,27.200741632402824,1.1876832844574778,data/SYNTHETIC/03145.csv,45.91605628341634
30.947098439598804,18.970521979255953,11.976576460342852,1.8509863141398997,0,0,2.6291393103880822,0.3297067910632592,0.06348352128813793,1.4139524090802529,0.21297596110225156,21.93767719575685,21.8390186247735,0.35679374389051777,data/SYNTHETIC/03146.csv,29.096112125458905
46.817796500414914,24.028534033583735,22.789262466831183,16.34769735510276,0,0,2.7560223592378037,1.7162447564310168,0.4177887889484975,3.211462614972964,0.5007546239971506,23.678632769766146,22.43030278789639,1.9843562655757927,data/SYNTHETIC/03147.csv,30.470099145312155
49.49233111933965,28.887159380729393,20.605171738610256,0.6099233417795082,0,0,2.8617149302288563,0.247231940689146,0.06000875545946656,0.6923582154533189,0.1147306086213938,30.297715356006893,29.99790664840369,0.32746823069403685,data/SYNTHETIC/03148.csv,48.88240777756015
16.215908944685918,10.54493652755097,5.670972417134947,0.4650405930983764,0,0,2.1575754233470397,0.1890129767562054,0.04017927934921674,0.756765984757209,0.09668528060868256,14.747198354308606,13.197436541360386,0.32746823069403685,data/SYNTHETIC/03149.csv,15.750868351587542
36.50003389503137,21.5466758829576,14.953358012073773,2.938051147179126,0,0,2.6077552341017656,0.6973548033997099,0.27851876465125225,1.0515678952923402,0.22709896648358846,26.13079718128607,24.863010860036244,1.021505376344086,data/SYNTHETIC/03150.csv,33.56198274785225
248.14333020146464,139.61074894061488,108.53258126084975,53.61714618429294,5,2,3.115004172106927,3.206099698989444,0.43930011502466976,4.449957039090647,0.8403975522911146,9.512860576070185,1.2877523732645777,4.257086999022483,data/SYNTHETIC/03151.csv,194.5261840171717
39.009589092424086,23.49104970769669,15.518539384727397,1.6603167769796023,0,0,3.1122763582436304,0.3892184923867605,0.09087434119285655,1.5132598385698908,0.1808774859779263,26.41988746726895,22.934909971672656,0.5131964809384169,data/SYNTHETIC/03152.csv,37.34927231544448
23.00294480088707,13.900171930308543,9.10277287057853,6.090024644974822,0,0,3.1122763582436304,2.066650377542902,0.16065429247346644,1.5990605536633666,0.2742131189282428,12.865371831132789,4.417985188742311,1.9305962854349952,data/SYNTHETIC/03153.csv,16.91292015591225
13.998531523831431,9.589637849867986,4.408893673963446,0.1640353545690342,0,0,1.9950608259416165,0.1204474349011883,0.028604693837514895,0.6643582886292649,0.05641079004392782,9.93739230015605,4.035371799899191,0.27859237536656867,data/SYNTHETIC/03154.csv,13.834496169262398
21.342663689543475,11.622023047165612,9.720640642377862,6.9766491985291115,0,0,3.1122763582436304,1.62026906899574,0.30298416542825385,1.538127811109865,0.2828275151232296,5.2128302056847415,1.3285846731834303,1.6177908113391988,data/SYNTHETIC/03155.csv,14.366014491014363
44.601315281598225,26.51551135668136,18.085803924916867,2.769675385168041,0,0,2.4035091116208416,1.1076545311318475,0.12912842107432404,1.1999146420115598,0.2302295970053014,27.699996781690388,25.91311248903102,1.2784404739507211,data/SYNTHETIC/03156.csv,41.83163989643018
49.09319032742491,27.714486455903085,21.37870387152182,3.93105324379009,0,0,3.1122763582436304,0.5834813381481234,0.09066893637613027,1.5633156445046559,0.26525829856266453,33.29064798191528,32.85888400360786,0.4936461388074287,data/SYNTHETIC/03157.csv,45.16213708363482
24.901805409770922,14.721356193030777,10.180449216740145,3.067208898527116,0,0,2.5969824741722807,0.4935829711664578,0.1758602486158578,1.3852296679473368,0.23665516786617252,20.924958482473823,19.14655702229385,0.4643206256109478,data/SYNTHETIC/03158.csv,21.834596511243806
46.96651080800138,29.56802490830316,17.398485899698223,1.5214886867182937,0,0,3.046142601038208,0.2042765586922126,0.06009182679486852,1.111507900962514,0.16726398835686784,30.622151690613883,30.083625667878746,0.21994134897360684,data/SYNTHETIC/03159.csv,45.44502212128309
2.7891967080701616,1.9917162119105596,0.797480496159602,0.0051845825529146725,0,0,1.6193803473447004,0.0310747528663474,0.0037671089505415,0.167402294969595,0.010713184008422342,2.654067464974966,-0.0608933154757656,0.1319648093841641,data/SYNTHETIC/03160.csv,2.784012125517247
65.899839799963,40.737294535251486,25.16254526471152,1.5284863768512484,0,0,3.059554522640117,0.3529993796720989,0.10342945886475675,0.816461251162526,0.16609865135154656,31.75319987347072,31.552328718495456,0.42521994134897323,data/SYNTHETIC/03161.csv,64.37135342311176
0.8865412608441937,0.7021388638343158,0.18440239700987793,0.0001014316056554714,0,0,1.3744206772933492,0.0045164952063056,0.00079321690516547,0.007683480972454999,0.0010703471375902017,0.603020523389406,-0.0584618628927229,0.1026392961876832,data/SYNTHETIC/03162.csv,0.8864398292385383
253.87955075875266,156.62864827605912,97.25090248269353,54.939019480379415,4,1,3.1122763582436304,3.4491141336077,0.29964463712278133,6.029048709132003,0.8660562286933003,2.6507694913814617,-0.0467804177067462,4.786412512218964,data/SYNTHETIC/03163.csv,198.94053127837324
45.501520688955864,30.79722565466168,14.70429503429418,20.963258753497577,0,0,3.1122763582436304,1.4155820506393733,0.06621918277565232,5.072814806425561,0.5735565039737137,13.443829632656778,-0.052770858436234,0.9726295210166178,data/SYNTHETIC/03164.csv,24.538261935458287
36.08780648283643,21.36674759426864,14.721058888567788,0.8904197083775435,0,0,2.17257853651613,0.1789065250612926,0.05553457178512102,0.901184023477408,0.122673493576748,25.813726967295658,24.60763829390155,0.2883675464320623,data/SYNTHETIC/03165.csv,35.197386774458884
616.3307882648012,461.90855690915214,154.422231355649,54.88948756723623,14,5,3.2883392201103225,4.442697443202052,1.5258325939263109,4.527427032869973,0.8119978519150336,7.36801743401617,2.1134507582692272,5.0,data/SYNTHETIC/03166.csv,561.441300697565
66.52306364625812,34.96151572167132,31.5615479245868,21.89401040135695,0,0,3.1122763582436304,2.368772982649569,0.62707754994454,3.0626588622298456,0.5905776895601784,28.12640273674234,27.54466811692696,2.2238514173998043,data/SYNTHETIC/03167.csv,44.62905324490117
54.36338548444111,31.59567654453318,22.76770893990793,5.065682421119472,0,0,3.1022377780686354,1.1500895011757524,0.2921135791629959,1.768525473414645,0.30106061212040536,28.832819850834056,26.195672288693512,1.2463343108504397,data/SYNTHETIC/03168.csv,49.297703063321634
1.4332535394438244,0.889625693713405,0.5436278457304193,0.050819048455503356,0,0,1.429252690349094,0.0633107732907309,0.007300518424112549,0.484312616759699,0.03219814939384118,2.052970549390367,-0.0518127017034039,0.29814271749755594,data/SYNTHETIC/03169.csv,1.382434490988321
17.81297179939112,11.830670660031704,5.982301139359417,1.015560344377482,0,0,2.512872591190593,0.3402205985945541,0.052341768201122754,1.3263519671658819,0.13410655034923474,12.573665049493979,-0.0622389524900905,1.516918195042512,data/SYNTHETIC/03170.csv,16.797411455013638
75.68990366846633,43.07223292464112,32.61767074382521,27.22494940783824,0,0,3.1122763582436304,3.2767888784148345,1.0750177585478613,2.9748513276761934,0.6244674299237902,12.881982390427847,12.244727811296848,3.602150537634408,data/SYNTHETIC/03171.csv,48.46495426062809
67.64385679918378,37.274937364349206,30.368919434834574,1.2004350472272534,0,0,2.6937820572337943,0.1648804787022164,0.0509257782557893,0.752129704439388,0.14047253149720082,33.38576100202573,33.16298532061753,0.7989972247190698,data/SYNTHETIC/03172.csv,66.44342175195652
98.66256554101017,72.41912287528011,26.243442665730065,17.59798249249386,1,1,3.1122763582436304,2.193498687620661,0.46735078787237677,3.227378368709768,0.4601104280312774,4.451238481948597,-0.0,2.878787878787879,data/SYNTHETIC/03173.csv,81.06458304851631
33.85500799890376,20.058355931710167,13.796652067193593,1.0305225350714717,0,0,2.587294480838711,0.1387198157930366,0.06380886879978051,0.5937463832565599,0.13396099673718104,25.81576098667784,25.619482467789,0.23949169110459412,data/SYNTHETIC/03174.csv,32.82448546383229
24.914255399230385,16.359900047031893,8.554355352198494,1.1987969619586405,0,0,1.919702558877669,0.2044300374408487,0.0652701351572063,0.948361913034216,0.13877551057755047,19.771684820416077,14.02546668369956,0.27859237536656867,data/SYNTHETIC/03175.csv,23.715458437271742
16.80682623997302,11.542975998054684,5.263850241918334,0.6174355948879128,0,0,1.9164028453509543,0.1405287760439561,0.04117322232183012,0.6643435784807169,0.10275605943384446,14.40495346696881,9.417366549906577,0.2101661779081132,data/SYNTHETIC/03176.csv,16.18939064508511
57.10538961005136,32.32122848465879,24.78416112539257,1.378254889325797,0,0,3.1122763582436304,0.4245425164649216,0.15617417127027702,0.948648060070589,0.15345787076639725,33.03451413462258,31.45905653477091,0.5229716520039105,data/SYNTHETIC/03177.csv,55.727134720725566
27.49762992208393,18.943274569885425,8.554355352198508,8.794942626522962,3,2,3.1122763582436304,0.9196709800139848,0.2089143655571361,2.4935742896821207,0.354866494132757,5.686311840271497,-0.0604082681034871,5.0,data/SYNTHETIC/03178.csv,18.70268729556097
62.46159994810091,32.37048152694354,30.09111842115737,5.194108099691833,0,0,3.1122763582436304,1.1125096857680237,0.38288904126721496,1.4615875311539688,0.29366066218321385,33.51757860266757,33.300021460578215,1.3636363636363638,data/SYNTHETIC/03179.csv,57.26749184840908
63.7783182121013,34.587658249070095,29.1906599630312,0.8586457546162208,0,0,2.337717875092444,0.1178497256809151,0.04150188035954703,0.88523341689901,0.1416954522424379,34.56607826620084,33.40080303138452,0.3079178885630496,data/SYNTHETIC/03180.csv,62.91967245748508
228.6112004529644,154.66610268399896,73.94509776896545,38.511805604308066,7,6,3.1122763582436304,4.00866326927612,0.750623193466245,4.329582799730076,0.7256888382198265,16.671653042547117,9.01024557403024,5.0,data/SYNTHETIC/03181.csv,190.09939484865635
33.31311639508975,11.943991868867105,21.369124526222645,20.320605106142548,0,0,3.1122763582436304,2.7205204576273205,0.19834855795423845,2.6766512136734533,0.46896327320972353,12.304111580822898,2.996723011454054,2.6148582600195507,data/SYNTHETIC/03182.csv,12.992511288947203
47.62358026243675,30.536423084962976,17.087157177473767,11.473320493631991,0,0,3.1023641990089965,0.9589969542883268,0.16232876087351567,3.718774233633099,0.49160173957361714,28.935718017167364,27.35329670972361,0.8748778103616814,data/SYNTHETIC/03183.csv,36.15025976880476
62.106218008929986,38.5625820997857,23.54363590914429,5.234812591231186,0,0,2.9845487204546624,0.939778872284168,0.4823688555882869,2.2879811746367964,0.29468536375526627,32.02085883585573,30.918767500550302,1.0606060606060606,data/SYNTHETIC/03184.csv,56.8714054176988
22.42371681783794,15.761282162234297,6.662434655603641,0.9690444948749743,0,0,3.045215102251499,0.2517633560323782,0.03796084046282952,1.2773582294915748,0.1323293349927919,17.024349462608278,8.777327896358422,0.6598240469208214,data/SYNTHETIC/03185.csv,21.454672322962963
3.940469761067854,2.4413022217407945,1.4991675393270594,0.09203598096741578,0,0,0.9121690911162234,0.1082616758025962,0.042289307647697436,0.4952417090922299,0.0472221350350191,8.696001315197766,7.196426858204106,0.1808406647116323,data/SYNTHETIC/03186.csv,3.848433780100438
41.803393465357544,24.47435781907858,17.32903564627896,1.7630857823470298,0,0,3.1122763582436304,0.5207751566413216,0.36223678363468287,1.242489015448678,0.1983542540288114,28.831419484954186,28.733380336887937,0.5816226783968723,data/SYNTHETIC/03187.csv,40.04030768301052
45.8425551496629,28.144714709364216,17.69784044029868,3.650055447579325,0,0,2.9803775967902566,1.1128118497826105,0.5326386629072448,1.984823335532292,0.2460510825962333,28.29719821461278,27.20619857587629,1.1876832844574778,data/SYNTHETIC/03188.csv,42.19249970208357
56.10813813946243,33.86968802733608,22.23845011212635,13.868659483389823,0,0,2.615943718685582,1.1618712684707266,0.19550896353171454,3.34733663280089,0.5264857886107837,25.423362329523947,23.46010058628629,1.0312805474095796,data/SYNTHETIC/03189.csv,42.239478656072606
53.9421786517837,30.882299680249737,23.059878971533962,2.260087227742729,0,0,2.49024005805834,0.2927770212433209,0.0627050846968426,1.4908397534727298,0.20930250603781816,31.677108749177915,31.36379751621161,0.3176930596285432,data/SYNTHETIC/03190.csv,51.68209142404097
58.002602130805556,35.807259072525675,22.195343058279878,0.9741302145466186,0,0,3.1122763582436304,0.635072482541115,0.18590543622496297,0.8894200867569618,0.13858223660238367,33.46834099405481,33.26404933281351,0.7558725859815524,data/SYNTHETIC/03191.csv,57.02847191625894
38.07825344990422,24.782122174594562,13.296131275309653,1.8174666443012986,0,0,3.1122763582436304,0.618624019000329,0.19963353333318934,1.492431166846791,0.17934570393459637,20.872803529567445,17.624232949106045,0.7478005865102642,data/SYNTHETIC/03192.csv,36.26078680560292
60.348952631629885,40.48857499003352,19.860377641596365,28.959085486079488,0,0,3.1122763582436304,1.7112523024925634,0.3174252102000619,4.719801976878493,0.6625503553523276,10.139942760166754,4.284473113777133,1.3343108504398828,data/SYNTHETIC/03193.csv,31.389867145550397
67.86243252059786,32.63439018273675,35.22804233786111,2.2515739330081597,0,0,2.194086259600521,0.7376410021345391,0.1109856005065542,1.746879686505397,0.19128965265404826,31.7435956378818,31.28050356563045,0.913978494623656,data/SYNTHETIC/03194.csv,65.6108585875897
39.21647233555879,20.900764123460743,18.315708212098052,2.718299852621416,0,0,2.2683364688285663,0.6984291356567278,0.22308146398540327,1.5207843230652829,0.21640904419201412,28.88012902964275,28.74267279008459,0.6598240469208214,data/SYNTHETIC/03195.csv,36.49817248293738
104.65800840644025,52.34520372743009,52.31280467901015,29.284490596072196,0,0,3.1122763582436304,3.8558738170974056,1.2389328038691516,3.1537609526667953,0.6430032423112235,27.140147189404843,25.53186261398857,3.9931573802541545,data/SYNTHETIC/03196.csv,75.37351781036804
56.58910989141378,34.820047698948954,21.769062192464823,15.14910676720612,0,0,3.1122763582436304,1.446414904557355,0.6078691031516108,2.9960143673543205,0.5128641362811395,23.73268714421324,21.84868125833941,1.3147605083088951,data/SYNTHETIC/03197.csv,41.44000312420766
18.835980364105968,13.040476458081226,5.795503906024742,2.781137471728685,0,0,2.9181500967873624,1.2113730528275637,0.2605886950620868,0.9406118465283411,0.19923009467389302,8.986215537725093,-1.3333294379973243e-24,1.2952101661779083,data/SYNTHETIC/03198.csv,16.054842892377284
41.876642090262166,23.611225440985027,18.265416649277142,2.284202383712626,0,0,2.9648203961995314,0.8716349020324913,0.17370536407201442,1.2472387417359965,0.19759500697342683,28.092836036859048,23.822396015885257,0.9628543499511242,data/SYNTHETIC/03199.csv,39.59243970654954
13.10121502391451,9.449089628589,3.652125395325508,2.530718294681444,0,0,1.7941953407009987,0.5328622095105853,0.1041237062377503,1.3258757076728795,0.19345072272103317,6.437170697521226,-0.0473939392580786,0.5718475073313787,data/SYNTHETIC/03200.csv,10.570496729233065
47.213675392713,26.65879521692358,20.55488017578942,5.854189061428462,0,0,2.861091878854419,0.8527452601658886,0.23639966445140334,1.9864683869140092,0.3404210817466709,30.04359738254841,29.12324640618468,0.7380254154447705,data/SYNTHETIC/03201.csv,41.359486331284536
21.276045466537667,13.794576787851188,7.48146867868648,4.065550045551007,0,0,1.541649112814591,0.7836460801746158,0.09718938009962734,1.7377389610819138,0.2493143206677237,17.29669153864459,7.664005403122024,0.6109481915933532,data/SYNTHETIC/03202.csv,17.21049542098666
40.0749580142182,29.592759420552788,10.482198593665412,14.041792623724003,0,0,2.1983485194311463,0.7750368188176178,0.12224174930202404,6.114192731040201,0.5363850831446194,17.08123097040365,13.024030012894542,0.6304985337243405,data/SYNTHETIC/03203.csv,26.033165390494194
44.442165750902326,25.671438637091615,18.77072711381071,13.037462456891301,0,0,3.1122763582436304,2.9420263584223023,0.20167069741633917,2.1678398311253577,0.40083178538071335,20.844082152661517,5.492818246233333,2.790811339198436,data/SYNTHETIC/03204.csv,31.404703294011025
42.47183475266939,23.06647601278572,19.405358739883667,10.82421401898316,0,0,2.7030023695801564,0.6415741488921508,0.1985450795771163,4.838796373734178,0.4829165943022931,22.459309310445306,22.33724233987341,0.9722341489700486,data/SYNTHETIC/03205.csv,31.647620733686228
58.436426593340016,37.48160875130843,20.954817842031584,0.7924803626049257,0,0,2.5906631669814315,0.2577349517579246,0.10065246390889052,0.7290314376319709,0.13038755941262342,30.592584579546937,30.260541825973053,0.4447702834799605,data/SYNTHETIC/03206.csv,57.64394623073509
103.25613675202047,61.60274855471124,41.65338819730923,12.354429036108922,0,0,3.1122763582436304,1.5938923423799791,0.6267560607468159,2.845862192834657,0.4558762390634216,32.62599956978663,32.517892119018875,1.6959921798631479,data/SYNTHETIC/03207.csv,90.90170771591154
30.39259960606538,18.657901614527695,11.734697991537685,0.7135705854650164,0,0,2.2968585525477185,0.1741844064470095,0.05157578322201486,0.618739119370422,0.11748217633917703,23.34337509998508,14.847242824441148,0.23949169110459412,data/SYNTHETIC/03208.csv,29.679029020600364
58.19949525733968,41.275186949952534,16.92430830738714,5.502154054188074,0,0,2.5279810162857554,0.9455820036288338,0.4979460869437189,2.0703255592278667,0.32688654582739096,23.06851276408541,21.74331285724304,0.9628543499511242,data/SYNTHETIC/03209.csv,52.6973412031516
45.53169601546068,31.318342427751254,14.213353587709424,8.138401058137392,0,0,3.079659600600257,0.6206005550836362,0.1453124870539796,3.514922576391172,0.4258032088426426,24.665843408284125,21.8189091189336,0.4936461388074287,data/SYNTHETIC/03210.csv,37.39329495732329
41.48865425856897,26.68856577128266,14.800088487286308,0.451600482345083,0,0,2.4218282710343146,0.1594131483108597,0.047938264664431525,0.8584627159637549,0.09986339649720166,26.875945209284367,26.74226626273873,1.1876832844574778,data/SYNTHETIC/03211.csv,41.037053776223885
45.77385860401021,27.228246104731056,18.54561249927915,2.7502325244187515,0,0,3.1122763582436304,0.2654521273332968,0.089729348318712,1.2823385445921,0.22146775266293028,28.838336201210712,28.3614533179115,0.6282890122131257,data/SYNTHETIC/03212.csv,43.02362607959146
62.24529944207465,37.67667358591442,24.568625856160228,3.2837251601605453,0,0,2.504328506974283,0.2275445549818618,0.0718273978496105,1.1369938620488258,0.2414841422147731,31.66748150968932,31.54208101357464,0.29814271749755594,data/SYNTHETIC/03213.csv,58.96157428191411
71.86042975847873,41.25442152748856,30.606008230990174,32.938285709718244,0,0,3.1122763582436304,2.8714435731208146,0.3029018451538872,4.808531873467509,0.6565701745447823,8.598274928071266,1.3059370803811423,2.7810361681329425,data/SYNTHETIC/03214.csv,38.92214404876049
59.243333681894285,34.995615893257714,24.24771778863657,6.546644689270223,0,0,3.1122763582436304,1.984037553347589,0.6200600911170691,2.074328094313429,0.3109289983541073,29.48145883374831,28.26491089196189,2.155425219941349,data/SYNTHETIC/03215.csv,52.69668899262406
42.50354398849744,24.690751404608193,17.812792583889248,0.8995992414094576,0,0,3.1122763582436304,0.3629401440223752,0.13518982407573688,0.5847359734146829,0.12824519156337716,26.000520469065656,24.140199275470227,0.3958944281524923,data/SYNTHETIC/03216.csv,41.603944747087986
41.394164851652064,26.275563133166845,15.11860171848522,7.1242035185351344,0,0,2.0621141155388907,1.237329296546035,0.362428477448006,4.008272064310675,0.36457068904839746,20.2860985272341,19.52224278220326,1.3636363636363633,data/SYNTHETIC/03217.csv,34.26996133311693
43.65952570057962,22.407748154272365,21.251777546307256,8.522180108903104,0,0,3.009329214783373,1.7980274981302764,0.6334234548115328,2.612877325344103,0.3609217738985582,25.712387181197663,25.52217912525822,3.05717811490607,data/SYNTHETIC/03218.csv,35.13734559167652
38.25608097328782,20.52710766076669,17.728973312521134,2.848480909116003,0,0,2.772864744595253,1.0084777116371049,0.3009967853716139,1.342561828703036,0.23423310438554587,28.005912625516476,27.53757868253437,1.0606060606060606,data/SYNTHETIC/03219.csv,35.40760006417182
47.99610095155843,29.548676741596218,18.44742420996221,6.764002265873254,0,0,1.9617698443629985,1.108949207169298,0.15635300832806157,2.203462685841646,0.37888588416136176,27.136972999667783,24.926175067395786,1.412512218963832,data/SYNTHETIC/03220.csv,41.23209868568518
67.80258199546272,49.32402491327804,18.47855708218468,35.5035787068591,0,0,3.0480892253984395,2.5357592922943506,0.30000327628771617,11.118635288790323,0.8407942916249627,18.224113981951724,16.898543142124932,1.637341153470186,data/SYNTHETIC/03221.csv,32.299003288603615
78.58158624083651,41.83042800040031,36.75115824043621,3.8135546661476525,0,0,2.1352100859040872,0.7754021321033091,0.13226384848453454,2.058199264415297,0.26810303387501244,31.98670933962295,28.000629474608584,0.8553274682306942,data/SYNTHETIC/03222.csv,74.76803157468886
52.99500674445646,43.62161736917512,9.373389375281342,8.577906254323196,0,0,3.1122763582436304,1.1351696858616631,0.1705755019547787,2.625295682218599,0.360406943759306,6.921145441138518,1.6006361723917315,1.0801564027370478,data/SYNTHETIC/03223.csv,44.417100490133265
14.566110413873709,10.080581977516548,4.485528436357161,2.982467988065719,0,0,1.5656105652960923,0.3519120276928141,0.11979146520369627,1.7451977793057099,0.2063676902214076,8.339237219702236,0.1005433480603547,0.4154447702834796,data/SYNTHETIC/03224.csv,11.58364242580799
89.7245884148676,58.12711794540875,31.597470469458845,3.3400563837593533,0,0,3.1122763582436304,0.5130789593804755,0.18222517898344975,1.291125056836631,0.2468225733938741,31.319708804279788,31.09657790472537,0.5816226783968723,data/SYNTHETIC/03225.csv,86.38453203110825
58.045519382339535,30.674935026159044,27.370584356180494,8.287277714381016,0,0,2.5678100192773488,1.890639626146416,0.89814714556334,1.9297370530919733,0.373090070798974,27.4560480030792,26.08962787169727,1.9696969696969697,data/SYNTHETIC/03226.csv,49.758241667958515
67.78686001912541,40.20074039371261,27.58611962541281,26.48642547272943,0,0,3.1122763582436304,3.436660920314849,0.40225857042352364,3.1078970873105027,0.5627106023614032,12.58275818856166,6.8664512856655255,3.4555229716520035,data/SYNTHETIC/03227.csv,41.300434546395984
45.681007594292076,24.560946045849033,21.120061548443044,5.818436043838924,0,0,2.660693121898947,1.1796168980056316,0.41896061062772494,1.3216937126781514,0.31447238230616753,32.63057016421466,32.071071441537896,1.1485826001955033,data/SYNTHETIC/03228.csv,39.862571550453154
18.604796434063125,12.026181049827612,6.5786153842355155,0.5426597718303869,0,0,1.945577513411165,0.2921028301985736,0.06336717000680865,0.49129988655321283,0.09190833781873337,15.00341609815448,14.739330760899804,1.2453072532486869,data/SYNTHETIC/03229.csv,18.06213666223274
63.023808218304396,41.463096786097495,21.560711432206897,1.5207496903511397,0,0,2.64647416700415,0.2988834733481672,0.12149594850855969,0.864861791413401,0.16057863271906256,26.079456266408535,25.647927735097188,0.48387096774193505,data/SYNTHETIC/03230.csv,61.50305852795326
46.15720109707635,26.27287509223195,19.884326004844404,2.035776436377172,0,0,2.5635893808603853,0.688065448776073,0.13170564057605516,1.524944951594141,0.19506807715685534,29.615063912840004,28.19319660052577,0.8047332828706051,data/SYNTHETIC/03231.csv,44.121424660699184
54.663425514536286,25.67153696646377,28.99188854807252,2.0167220314268315,0,0,3.1122763582436304,0.5025107369705715,0.21812285037412163,1.613717631794686,0.18719916134337608,33.32454466165583,33.23497755196779,0.6500488758553278,data/SYNTHETIC/03232.csv,52.646703483109455
66.03741604892397,42.453067922258,23.584348126665976,13.310049924430405,0,0,3.1122763582436304,1.8005357890180054,0.5459800488451436,3.4852048941165004,0.5288401501034364,29.44458506912641,26.684221135832296,1.6764418377321602,data/SYNTHETIC/03233.csv,52.72736612449357
31.336950443990368,21.422328059303418,9.914622384686952,4.42287256846971,0,0,2.8509685695489293,0.5766146491830418,0.13698229247424837,1.8495155249560509,0.2709798494799069,17.141223527915812,9.651792699905869,0.6598240469208214,data/SYNTHETIC/03234.csv,26.914077875520658
11.646640159716057,7.010237034896269,4.636403124819789,1.7195618976891474,0,0,1.3303721676101101,0.4332198893075474,0.09292773736590274,0.7137543492032907,0.16157334955828692,11.985329359058529,8.969735130120016,0.4154447702834796,data/SYNTHETIC/03235.csv,9.92707826202691
11.522273047093135,7.702509109031378,3.8197639380617576,0.44037617602082224,0,0,1.9177409709251199,0.1145898484244399,0.04143854193705647,0.5860832423034159,0.10082664662296084,12.574630672245949,6.3723724736993566,0.17106549364613866,data/SYNTHETIC/03236.csv,11.081896871072313
51.25324270553018,33.993657312670564,17.259585392859613,0.6191885007494122,0,0,2.2234910231619325,0.1542920061100351,0.04191540751184139,0.941808767229523,0.11342877318655364,26.438686248662933,25.942319237180484,0.562072336265885,data/SYNTHETIC/03237.csv,50.63405420478077
66.79285588878173,40.90946489030431,25.88339099847743,2.0601187374390104,0,0,3.1122763582436304,0.541848648962958,0.09552543043928612,1.1024637757986078,0.182278300755167,32.509476697997144,32.433317924947445,0.6304985337243405,data/SYNTHETIC/03238.csv,64.73273715134272
23.751371643232098,17.56311457993957,6.188257063292527,0.8758511501914938,0,0,2.6996607804089736,0.4086593466313418,0.0810213037020697,2.0312238925856616,0.13935031239095383,11.133612818946235,6.375542377230283,0.45454545454545414,data/SYNTHETIC/03239.csv,22.875520493040604
169.10341631174742,132.71185471966206,36.39156159208535,6.515295197626598,1,1,3.1122763582436304,0.773006362850835,0.19747789547085948,2.5669881263090444,0.3301283559201465,10.841803438102756,0.0,0.9042033235581624,data/SYNTHETIC/03240.csv,162.58812111412084
71.99854372949426,42.77675089424059,29.22179283525367,7.8654839749433645,0,0,2.4631861176261736,0.80956588930177,0.2278122912834904,5.792070000236014,0.491275985435854,34.21257061756255,32.482361436174244,0.913978494623656,data/SYNTHETIC/03241.csv,64.1330597545509
62.55393409531937,36.543616771627335,26.010317323692036,12.101392418368402,0,0,3.1122763582436304,1.1419834772936126,0.24375643373790631,3.009252632418958,0.4504764801830192,30.59557629952146,28.425153163770627,1.050830889540567,data/SYNTHETIC/03242.csv,50.45254167695097
89.70854228499559,56.51850565954235,33.19003662545324,1.8171866888431647,0,0,2.502180381175013,0.3312351794680732,0.08970704807522555,1.2823073415890878,0.18966470581334105,35.05705495987625,34.63900566973239,0.591397849462366,data/SYNTHETIC/03243.csv,87.89135559615242
57.43366698575712,34.926995205252794,22.506671780504327,4.311504748621701,0,0,2.6121752971509333,0.6335360268564038,0.20606451157331676,2.0197176635256677,0.3127064676474637,27.503350257260205,26.48764446190773,0.591397849462366,data/SYNTHETIC/03244.csv,53.12216223713542
16.533114860328396,11.975741334227125,4.557373526101271,3.0276819607021195,0,0,1.6955638546838867,0.8716883052747768,0.08268581998236094,1.7182517582361034,0.20964229581330826,10.152818761510321,1.151326832141162,0.6500488758553278,data/SYNTHETIC/03245.csv,13.505432899626276
7.048288981525463,4.543290185780887,2.5049987957445756,0.1545071308540485,0,0,3.1122763582436304,0.091684519332991,0.025538997631152444,0.43779571476821894,0.05654467026071731,10.070891289171833,9.756004729939772,2.5855327468230693,data/SYNTHETIC/03246.csv,6.893781850671415
72.53000078544362,56.66899980626929,15.861000979174328,18.74240559903086,0,0,3.1122763582436304,1.5195442387127125,0.27243444994580956,5.483893563004828,0.563204977152488,12.233849640133288,4.393129528497956,2.4389051808406643,data/SYNTHETIC/03247.csv,53.78759518641276
48.475701053939204,30.159992841841166,18.315708212098034,5.83092323225354,0,0,3.1122763582436304,2.038710063508823,0.22244960461365643,2.8370389275582877,0.302452378597054,26.357242580618223,20.65311789868803,2.096774193548387,data/SYNTHETIC/03248.csv,42.644777821685665
22.495591838571436,14.022660921416247,8.47293091715519,6.911744986076362,0,0,3.1122763582436304,0.9788993752918176,0.4817223491264886,2.6781627900972347,0.3304974016641221,15.412436694326882,11.797653406430646,1.0019550342130987,data/SYNTHETIC/03249.csv,15.583846852495075
17.213484089909183,9.50929563301596,7.704188456893224,5.0061448371023705,0,0,3.1122763582436304,0.5927603173101716,0.2358942623241193,2.5206079142486635,0.31451790791541384,14.562595285492355,6.519596265905756,2.861210844140396,data/SYNTHETIC/03250.csv,12.207339252806813
11.443930034170533,9.267023814924052,2.1769062192464808,0.01382009715796182,0,0,2.530692962612712,0.0805481874629167,0.009203206059400573,0.12343104660166603,0.01469474822985431,1.0828511714248334,-0.0688057760155446,0.3861192570869987,data/SYNTHETIC/03251.csv,11.43010993701257
11.940972727019695,8.743866233406877,3.197106493612819,0.1376489101485719,0,0,1.8064519051596168,0.0880494342278036,0.02440891887244728,0.3568880579405349,0.05169925766599948,9.935011461838945,0.4404469590444376,0.17106549364613866,data/SYNTHETIC/03252.csv,11.803323816871123
50.48435843723553,34.43177055207693,16.0525878851586,5.091491765508435,0,0,3.1122763582436304,1.3103806460816956,0.1673314941826369,2.0834135797655784,0.29354312454675857,22.37896956187844,20.91442693507472,1.8621700879765397,data/SYNTHETIC/03253.csv,45.39286667172709
33.72608031663515,19.342693349864657,14.383386966770495,8.240172523895488,0,0,2.587212286076788,1.744160256839541,0.5079291295059657,2.2478603353191073,0.3610984961920882,20.411579409024554,19.35531733882368,1.7644183773216033,data/SYNTHETIC/03254.csv,25.48590779273966
15.873897498559817,9.893991195525203,5.979906303034613,0.5091181031116356,0,0,2.0236680806676834,0.1382049682563335,0.046336136587711824,0.48761409486729496,0.09775418348953109,17.02028248492383,14.936351386267305,0.22971652003910048,data/SYNTHETIC/03255.csv,15.364779395448181
37.46565341835951,22.052486831923474,15.41316658643603,0.6020617110221534,0,0,2.341046034991526,0.1210944701948777,0.035147124572406596,0.6028723494923449,0.12294572180367844,30.469076581115647,30.32988671237273,0.2590420332355814,data/SYNTHETIC/03256.csv,36.863591707337356
46.92328460421575,30.631213086576786,16.29207151763897,11.775173804120957,0,0,3.1122763582436304,1.9546550236104496,0.8192197111295869,2.5026737791415354,0.4027453529934253,16.670622485356315,14.708416081439044,1.8621700879765397,data/SYNTHETIC/03257.csv,35.1481108000948
39.98252562528717,24.71065438201455,15.271871243272617,0.5380354723767633,0,0,3.1122763582436304,0.1216996853234638,0.04809970028659375,0.418889275824875,0.0990490629376485,30.411269561396484,30.19476869731247,0.26881720430107503,data/SYNTHETIC/03258.csv,39.444490152910404
86.50367635287301,52.044376475273815,34.4592998775992,11.563084744138155,0,0,3.1122763582436304,1.7829815668718607,0.8964548970774886,3.191031572901326,0.47170987430744,33.567831096315096,33.28827461489789,1.744868035190616,data/SYNTHETIC/03259.csv,74.94059160873486
49.859852730216886,27.187937243301086,22.671915486915797,1.8920004599028686,0,0,3.09166707590396,0.6323862080508812,0.17406036559766647,1.019933514690316,0.1841640796912756,30.597530285362723,30.339567748876192,0.8260019550342133,data/SYNTHETIC/03260.csv,47.96785227031402
70.46734173920534,50.29563537538451,20.171706363820828,17.964918225180188,0,0,3.1122763582436304,2.036702005142772,0.41889130518440515,5.635360588696578,0.5328192416833372,21.847915070058875,20.510907852418008,1.7546432062561097,data/SYNTHETIC/03261.csv,52.50242351402515
36.43344388412161,21.880023538290068,14.553420345831539,2.2033411707256634,0,0,2.6124527699165476,0.4622489873361444,0.07787684861940247,1.103788637328429,0.2214447349444109,30.06121067512151,29.097616558726696,0.5299762228459756,data/SYNTHETIC/03262.csv,34.230102713395944
54.78704563462247,41.44062279649194,13.346422838130536,18.74516300521962,0,0,3.1122763582436304,1.783658865581105,0.4258638067947061,4.592833501485637,0.6311640881968172,20.67228884205625,17.96333300200683,1.3831867057673506,data/SYNTHETIC/03263.csv,36.04188262940285
76.46494036722628,48.27532198796296,28.189618379263315,4.250286265702318,0,0,2.1702251996416555,0.2472619769918063,0.07355877965128102,1.6113146858615008,0.29087486205224683,29.766846516933796,27.73155571971888,0.5816226783968723,data/SYNTHETIC/03264.csv,72.21465410152396
53.34231740116134,29.228710446713794,24.11360695444754,1.698128137833467,0,0,2.594983969978168,0.2155069368364117,0.06121808917655411,1.049814018979397,0.18142363301223746,28.512704455402382,27.91865789508776,0.29814271749755594,data/SYNTHETIC/03265.csv,51.644189263327874
58.63237177123547,35.39288007534117,23.239491695894298,4.01462893080805,0,0,3.1122763582436304,1.0152689766070797,0.4728810822066382,1.248051033537655,0.25282327009784206,28.174629334068182,27.976266201044016,1.1974584555229715,data/SYNTHETIC/03266.csv,54.61774284042742
55.10829090995851,39.53945996241022,15.56883094754829,21.873929815214606,0,0,3.1122763582436304,2.369248472065832,0.4506859197867156,3.4682319738639102,0.5330196301811777,8.616137601273605,0.7488999194785313,2.0869990224828934,data/SYNTHETIC/03267.csv,33.2343610947439
42.64542935950032,25.14875517048514,17.49667418901518,6.569130885241602,0,0,2.2219606810938473,1.1264729806855027,0.3137198624361628,1.8876854913237362,0.35978241448071174,25.529974795462476,24.074944126895147,1.158357771260997,data/SYNTHETIC/03268.csv,36.07629847425872
8.550115838518806,5.499094360719006,3.0510214777998006,0.7897576611097367,0,0,1.571110845361023,0.7203799841370245,0.08298671926332829,1.1200255664006702,0.10698037133615369,10.984544534361282,10.37408782791231,0.7282502443792769,data/SYNTHETIC/03269.csv,7.76035817740907
35.05060445558712,22.690854183275693,12.35975027231143,0.7331437030604172,0,0,2.7481404914007577,0.7455778429085976,0.1393171932508617,0.6551566199270922,0.11188242349891324,23.70377702071718,23.19934268697448,0.7869012707722387,data/SYNTHETIC/03270.csv,34.3174607525267
31.047342735720463,18.65885442751139,12.388488308209071,0.9542422121796903,0,0,1.8956445995458862,0.1533579192065796,0.04948620034107953,0.767965500952701,0.12431156600793976,22.201338701451576,20.229447240123022,0.34701857282502413,data/SYNTHETIC/03271.csv,30.093100523540773
31.237750787083563,19.500657959221073,11.737092827862488,2.770069145512825,0,0,2.1471978955891404,0.4215343299191107,0.12284182129528691,2.478102736521053,0.28017353922138233,26.202511406850107,25.58696448874888,2.6217480359897545,data/SYNTHETIC/03272.csv,28.46768164157074
66.98011555674418,37.06621502362223,29.91390053312195,18.88065716376872,0,0,3.1122763582436304,1.8701574356066253,0.9683134145675296,3.1791998654603417,0.5570447318571039,30.155231279993664,27.83696847147676,2.233626588465298,data/SYNTHETIC/03273.csv,48.099458392975464
65.30085408780752,38.55053233975118,26.750321748056344,10.983678610721885,0,0,2.6758726234451022,0.8141562763444049,0.12323485889221895,3.3532011379389495,0.44897724296289304,32.316891018133425,31.328233372679662,0.7673509286412514,data/SYNTHETIC/03274.csv,54.31717547708564
49.424124760104704,30.519286812104983,18.904837947999717,10.182038940032827,0,0,3.1122763582436304,1.5195868054816184,0.5506039924574155,2.382161394043465,0.38635682597710574,18.78414736375769,17.090772595284044,1.5689149560117301,data/SYNTHETIC/03275.csv,39.24208582007188
79.68651639094927,50.535742426907625,29.150773964041644,26.353688133993053,1,1,3.1122763582436304,1.4975584162591005,0.5555087134763348,5.176223655183252,0.6444809864949151,14.846894050644927,0.4740217995352081,2.0576735092864125,data/SYNTHETIC/03276.csv,53.33282825695621
71.75308005263926,33.13155464253141,38.62152541010786,12.26337938202257,0,0,3.1122763582436304,2.093241057325895,0.8876423372281246,3.000500920817344,0.43884910043571707,33.49964591304446,32.72610563560265,2.2434017595307916,data/SYNTHETIC/03277.csv,59.48970067061669
57.47244092911073,32.52064126098189,24.951799668128842,1.4207284831955382,0,0,2.019495237228093,0.75059239913977,0.19067208802365015,0.8285280178742782,0.16480121582410293,32.48271858420697,32.12709719357223,0.8651026392961878,data/SYNTHETIC/03278.csv,56.05171244591519
67.65762625666319,33.08816390812302,34.56946234854017,22.06965008568681,0,0,3.1122763582436304,2.304264026448496,0.9434144181203464,4.01925133575997,0.5632305091276629,30.93717215348028,30.180436261915112,2.253176930596285,data/SYNTHETIC/03279.csv,45.58797617097638
217.28840114704406,164.86987641847549,52.418524728568585,23.93016653142177,1,1,3.1122763582436304,1.9492400091562487,0.2424116690612382,3.4329914001307635,0.5928486362566376,13.366387139992593,-2.353802137969435e-05,1.9403714565004888,data/SYNTHETIC/03280.csv,193.35823461562228
105.3214037008433,80.52047872117708,24.800924979666224,20.711621136919337,0,0,3.1122763582436304,2.895265638230448,0.690978001584149,3.1046353575690233,0.5467928605739719,17.366330546715332,11.31455987662892,2.741935483870968,data/SYNTHETIC/03281.csv,84.60978256392397
36.15266545645302,20.907137412753244,15.245528043699776,1.7003161252160952,0,0,1.8603655059559256,0.2759141739627185,0.06672987419718396,1.1431540408037422,0.17037053431018753,28.68673304246729,24.35428587492224,0.3176930596285432,data/SYNTHETIC/03282.csv,34.452349331236924
68.77026739772987,43.17425675822884,25.596010639501028,6.203462561651199,0,0,2.7683509625133267,1.1537826512545162,0.5961275125422935,2.157710243170513,0.34121675674708596,31.692476792129177,30.00070309137454,1.2952101661779079,data/SYNTHETIC/03283.csv,62.56680483607867
48.75561967377634,28.97427163089849,19.781348042877845,7.038342091893649,0,0,3.1122763582436304,0.9306227747117762,0.1718575607872478,2.247022343179342,0.3609674074905279,28.259390466598962,23.59097677538397,1.0531871359698914,data/SYNTHETIC/03284.csv,41.71727758188269
43.592055042367484,29.776244284575448,13.815810757792038,16.93530354671494,0,0,3.1122763582436304,2.5195973421791216,0.3079545124102986,2.3611599749804424,0.4546544938033179,11.864632068990755,6.670119043214124,2.262952101661779,data/SYNTHETIC/03285.csv,26.656751495652543
27.884701323658604,15.510582033398332,12.374119290260271,2.46279647670622,0,0,3.1122763582436304,0.9018346746169924,0.26741950067177583,1.1660965023790937,0.20655037403468013,25.512784448349777,23.398401611806324,0.95703543911235,data/SYNTHETIC/03286.csv,25.421904846952383
48.44284690097905,28.709395584597285,19.73345131638176,1.0940244622131892,0,0,3.1122763582436304,0.5440069509234271,0.15539305244850893,0.727247027560825,0.1438684818970926,28.823312604875145,28.57115007861083,0.6304985337243405,data/SYNTHETIC/03287.csv,47.34882243876586
31.865241389104845,20.482584337313277,11.382657051791568,6.370183107825984,0,0,3.0026148724260047,1.2882890193236778,0.7048396075158982,2.102205782573958,0.3187429860374907,19.526827848366068,18.66291626388588,1.3343108504398828,data/SYNTHETIC/03288.csv,25.49505828127886
47.099837823607956,28.738627721338684,18.361210102269272,0.9813249930249093,0,0,2.6664819964529394,0.2088986837895967,0.05597451206912394,0.595096421520002,0.12489363246743831,30.580410957107052,30.512556586323534,0.3958944281524923,data/SYNTHETIC/03289.csv,46.11851283058304
47.98880262063807,29.82157426067789,18.167228359960177,1.0105596388344251,0,0,3.1122763582436304,0.3324310716841695,0.0753415950334118,1.2586459699187729,0.14729910146034433,31.919649893691847,31.638832338416485,0.48387096774193505,data/SYNTHETIC/03290.csv,46.978242981803646
71.75204950345014,58.671453497372795,13.080596006077341,9.670882986524106,0,0,3.1122763582436304,1.6363028353208977,0.33221261512737826,2.0046363093021604,0.3651126090708387,7.647632838056977,1.0839366791807137,1.666666666666667,data/SYNTHETIC/03291.csv,62.08116651692603
20.942599869488504,12.709152584813694,8.23344728467481,0.36166178758951983,0,0,3.1122763582436304,0.1592437829484748,0.036799717227879586,0.755627335511487,0.08493437958858123,17.87096624908226,16.57410805545571,0.24926686217008776,data/SYNTHETIC/03292.csv,20.580938081898985
19.91544949947557,12.481877547285167,7.433571952190403,0.1968264088346944,0,0,2.399454249086568,0.2802244072214716,0.018610151996147187,0.35567207904013104,0.05360589617511429,4.941411266531218,-0.0561633953155326,0.4993006228989128,data/SYNTHETIC/03293.csv,19.718623090640875
11.52148091089228,8.379455652749943,3.142025258142336,0.1304391709655864,0,0,1.8923900547230423,0.0723459265077368,0.030306484479268272,0.277075579488368,0.04796804637732046,11.552227061201833,8.032709114850178,0.16129032258064502,data/SYNTHETIC/03294.csv,11.391041739926694
46.880790031412914,25.693673065875384,21.187116965537534,4.15600773421146,0,0,1.679494655633623,0.2593159268525616,0.0798156707992894,1.681661893515903,0.28251890597556767,29.70897557767953,29.554336832507207,0.29814271749755594,data/SYNTHETIC/03295.csv,42.72478229720146
3.6671940288228853,2.4458275031730445,1.2213665256498407,0.03602160203564725,0,0,1.676724995307944,0.0624865604734433,0.012612945798425678,0.3181727648247119,0.02686170183128858,7.623273796246724,-1.9683272580650986e-06,0.09286412512218956,data/SYNTHETIC/03296.csv,3.631172426787238
49.41344278881967,28.40593854764241,21.007504241177262,1.5415462221374354,0,0,2.4933717404763085,0.198872592353693,0.06276089886035435,1.22023973149183,0.1802487044588724,27.694546823338605,25.73854320661892,0.3861192570869987,data/SYNTHETIC/03297.csv,47.87189656668224
51.11270159430077,27.40142714242022,23.711274451880552,3.303983530030406,0,0,3.0471369545735087,0.4811062020360811,0.17670359865666083,1.3447567714827928,0.25713715464622805,31.573526901568556,31.121091380757967,0.5131964809384169,data/SYNTHETIC/03298.csv,47.808718064270366
49.51403921216688,29.36867604791888,20.145363164248003,2.4777479787329444,0,0,3.1122763582436304,0.922325103645772,0.5191212379189123,1.2576372856488478,0.21602320979417286,30.435696875460803,30.21037672933536,1.0312805474095796,data/SYNTHETIC/03299.csv,47.036291233433936
19.21834468043575,13.794040404755572,5.424304275680175,2.6507522582103027,0,0,3.1122763582436304,0.2624985707757473,0.0758112918781642,1.854241811939067,0.22115247611243555,15.889632142088038,9.61924833207183,0.3176930596285432,data/SYNTHETIC/03300.csv,16.567592422225445
38.67565496765863,20.968235182060734,17.7074197855979,7.968790201220602,0,0,3.0895886569005566,2.125760520355828,0.3521622107689338,1.7821288229929055,0.34021041088411813,23.57592737050954,23.19277256806905,2.1163245356793743,data/SYNTHETIC/03301.csv,30.706864766438027
30.636967017158007,20.205059986313458,10.431907030844547,1.996416183589794,0,0,2.699168381373383,0.7653211973187288,0.33115947578009797,1.1674307543581586,0.1809575641307035,17.944172895683028,17.789917183768612,0.7575757575757578,data/SYNTHETIC/03302.csv,28.640550833568213
54.678718087496044,29.56167471295579,25.117043374540255,2.176819016645014,0,0,2.886901224009151,0.2303354112100906,0.08713638120778626,0.907693693974831,0.1904676003032673,31.71894660828838,31.29995474924322,0.29814271749755594,data/SYNTHETIC/03303.csv,52.50189907085103
64.4801008605505,42.157831477056014,22.322269383494472,24.269827070003615,0,0,3.1122763582436304,1.4024400170593416,0.4126630201551931,5.092346674726313,0.7043050739981127,20.62756847374379,18.241091739067244,1.3831867057673506,data/SYNTHETIC/03304.csv,40.21027379054688
33.98925483003918,21.363677725674542,12.625577104364636,3.4009443548554597,0,0,2.9732173506241946,0.8110256450488936,0.10774624954996796,1.331377729886603,0.25193488537037934,26.1011417123092,24.027902389994544,0.8651026392961878,data/SYNTHETIC/03305.csv,30.588310475183718
51.485957080816405,26.136614582770147,25.349342498046255,4.789658031983851,0,0,3.1122763582436304,1.0468318453634735,0.3425741374495795,1.7338403851143214,0.289069812900743,30.161146427140228,28.9626334022229,1.0606060606060606,data/SYNTHETIC/03306.csv,46.69629904883256
34.01520014412679,23.343809480801884,10.671390663324901,3.403923218865769,0,0,2.00087653358094,0.6275637673737144,0.26746401006659026,1.457168571328058,0.2357144614199467,19.118800164582453,12.619226133013573,0.591397849462366,data/SYNTHETIC/03307.csv,30.611276925261016
59.0137232953558,39.38324994094059,19.630473354415216,7.5965960090997955,0,0,3.1122763582436304,0.6485080973696764,0.18601551734914673,1.638291436259577,0.35135038919418854,29.926909462347766,29.75167098748265,0.591397849462366,data/SYNTHETIC/03308.csv,51.417127286256004
35.29402822937269,20.297563163452484,14.996465065920209,1.1962668949246456,0,0,2.221761785981761,0.6398624662186292,0.09016312663693679,1.867739755783674,0.1607686536150408,28.85787856910774,28.592320626487066,0.8989755757032092,data/SYNTHETIC/03309.csv,34.097761334448045
56.60287301397434,36.34974221511017,20.25313079886417,3.8996896025962697,0,0,3.076094935130695,1.3412224308154252,0.4539631726082692,2.2652487743110616,0.2562035654216607,26.048265229986765,24.965607493523347,1.3147605083088951,data/SYNTHETIC/03310.csv,52.70318341137807
20.6401752389705,12.744399876092999,7.895775362877499,0.6426884916623067,0,0,1.6431228379367435,0.3290691460769473,0.05157522998062386,0.9363222573722751,0.11228646278409944,18.224433468110234,0.6432262788424359,0.45454545454545414,data/SYNTHETIC/03311.csv,19.997486747308194
54.163731567418374,31.606768224093173,22.5569633433252,1.1079367863956022,0,0,3.0694461862669025,0.1638584137751349,0.04696088236238448,0.8485727831390719,0.14600687867473264,33.41011169519746,32.82598542037238,0.27859237536656867,data/SYNTHETIC/03312.csv,53.05579478102277
68.31577808456186,40.581178607011246,27.734599477550613,7.368293160265216,0,0,2.8671679098781904,1.0710031509003917,0.18237681097056146,3.6722225561097974,0.3957063656720882,32.04287072052879,31.81539965200617,1.0899315738025415,data/SYNTHETIC/03313.csv,60.94748492429664
69.65702061841199,40.82558610410135,28.83143451431065,0.8996410728477978,0,0,3.1122763582436304,0.2736952125008435,0.11075827230023105,0.854547166449027,0.13525316668039666,35.010778193847266,34.863292891079446,0.4154447702834796,data/SYNTHETIC/03314.csv,68.75737954556419
52.665491656343846,29.699011301477142,22.966480354866707,2.6266079656348493,0,0,2.908583970532328,0.7080269332333914,0.3561481497969521,1.3824188708136775,0.22444045437060076,31.308165237711435,31.14161330442316,0.7771260997067451,data/SYNTHETIC/03315.csv,50.038883690709
31.69130244079851,15.720138990683235,15.971163450115272,1.6253478695544883,0,0,2.236457383275861,0.2016181757774576,0.07397879806454895,1.002960153769639,0.17255093716760359,25.737093704811077,25.501797677556382,0.27859237536656867,data/SYNTHETIC/03316.csv,30.06595457124402
62.67395975651153,36.60856119734904,26.06539855916249,1.8762710711267485,0,0,2.257237977518015,0.2051867656825929,0.054145962033828675,1.2467036160549319,0.19575143061010344,35.578919477138186,34.92224574179392,0.3079178885630496,data/SYNTHETIC/03317.csv,60.79768868538478
9.647140095041454,6.102782334332112,3.544357760709342,0.17295983358460681,0,0,1.8020215136576694,0.0987276004579213,0.034222389984120756,0.29904418642993597,0.05101887920998979,11.839949528440325,1.061395315356852,0.1808406647116323,data/SYNTHETIC/03318.csv,9.474180261456848
44.90498998810605,29.084701226453408,15.820288761652645,3.0223670519793187,0,0,2.426224660874488,0.4628998529073176,0.12756830185143342,1.414533120263225,0.24353283776607862,24.67381697386581,24.3310011683296,0.4643206256109478,data/SYNTHETIC/03319.csv,41.88262293612674
27.5626970057278,19.18795437788955,8.37474262783825,6.738615117661644,0,0,2.232124055069551,0.9816038197561048,0.3465957831914415,2.0371828261855356,0.32578863751854226,11.426981423142633,0.0,1.0606060606060606,data/SYNTHETIC/03320.csv,20.824081888066154
49.55753453123718,29.25890184220178,20.298632689035397,1.1616670284674537,0,0,3.1122763582436304,0.4022711239180505,0.15870978799344349,0.6337396221514396,0.1421942857266943,29.69660415070082,29.4246493817673,0.5522971652003914,data/SYNTHETIC/03321.csv,48.395867502769725
20.640953829481997,13.695928487551528,6.945025341930468,0.8434455164429155,0,0,2.81823424329051,0.2521823846944017,0.06541426347227416,0.964432310346798,0.12705291917096156,16.990129145954867,16.64050577293427,0.2883675464320623,data/SYNTHETIC/03322.csv,19.79750831303908
53.329928305660665,29.180398806341053,24.149529499319613,4.4295372487661915,0,0,3.1122763582436304,1.3806614808384887,0.5093260896159966,1.7051447134309872,0.2679639526279874,32.48138643028766,32.37580957335012,1.5884652981427179,data/SYNTHETIC/03323.csv,48.90039105689448
19.919897834385367,12.325871848433119,7.594025985952246,1.0024105333084754,0,0,1.7270286794763017,0.1408487911856111,0.031886451869351136,0.9914802835304459,0.15630423248798994,18.64245451171192,18.07790592352656,0.22971652003910048,data/SYNTHETIC/03324.csv,18.917487301076893
36.01938790773261,20.1703611101823,15.849026797550305,3.3524832293456335,0,0,3.1122763582436304,0.5276949598376386,0.1968608422622856,1.129177660428747,0.23728016688357179,28.254888110340662,28.069201997129728,0.727907525036896,data/SYNTHETIC/03325.csv,32.66690467838697
50.009205288764605,32.922048111290856,17.087157177473753,1.1418555160435535,0,0,2.5613387423069605,0.2003475804836481,0.06355098439727484,0.82628803478164,0.14567925516684374,25.74381948976022,25.28334242131769,0.562072336265885,data/SYNTHETIC/03326.csv,48.86734977272105
17.334669211469794,13.773547596486827,3.561121614982967,5.297540769808046,0,0,2.2306231993734453,0.3371161925133163,0.0440720518185123,2.960049158286601,0.3711788679339275,12.455800108115557,8.383008248202787,0.29814271749755594,data/SYNTHETIC/03327.csv,12.037128441661748
62.27741546837668,38.13267564170669,24.14473982666999,0.5226555281199075,0,0,3.1122763582436304,0.2078633700633282,0.0484648215649007,0.6279327302108197,0.11324520536279868,33.599124212061845,33.35124085846413,0.6402737047898341,data/SYNTHETIC/03328.csv,61.754759940256776
38.61949947948482,22.35137632509391,16.268123154390913,1.8440744798787017,0,0,2.58710169114565,0.2277626906848575,0.0847016749185463,0.7383147846991508,0.1821616376491759,28.48531776485752,28.38831976404621,0.6207233626588469,data/SYNTHETIC/03329.csv,36.77542499960612
41.12983817110421,26.518941753477392,14.61089641762682,1.6880652548791442,0,0,2.863852581672628,0.2146549634573705,0.062303130802319556,1.419019489426545,0.1804702908958662,26.965944185795962,26.82700029085192,0.34701857282502413,data/SYNTHETIC/03330.csv,39.44177291622507
66.95996350398532,37.33104849351503,29.628915010470298,23.79199825622657,0,0,3.1122763582436304,2.723438704115564,0.7328622927738303,3.5699969236682505,0.6342940491860222,24.13612043791716,21.37030947398132,2.6735092864125125,data/SYNTHETIC/03331.csv,43.16796524775875
67.86473225600645,39.17459308485915,28.690139171147294,2.630622896565542,0,0,2.6009184288372156,1.1748604561284757,0.3644932926210299,1.703332614147044,0.2130464252224817,30.319009699433828,29.07333581275578,1.2170087976539588,data/SYNTHETIC/03332.csv,65.23410935944091
49.8612609287601,23.769519170024736,26.091741758735367,15.230605004042884,0,0,3.1122763582436304,2.6152580285225024,0.6267074695459693,3.3920041609341944,0.4408381801464535,25.635929779358083,24.973279651051065,2.605083088954057,data/SYNTHETIC/03333.csv,34.63065592471722
28.144717870820966,16.17772075577733,11.966997115043636,0.9054693369945117,0,0,3.1122763582436304,0.1696549342995947,0.05241044460687284,1.0117397978799738,0.13180341585229635,26.68564359701303,26.602883250603696,0.5258148478934536,data/SYNTHETIC/03334.csv,27.239248533826455
67.08931545893893,33.216750480916616,33.872564978022304,10.199750762467746,0,0,2.93726967847448,1.6791517800654063,0.8312003683121932,2.9830816147937056,0.42213090023110617,33.614741348865884,33.290174956949265,1.6959921798631479,data/SYNTHETIC/03335.csv,56.88956469647118
62.559782348945426,32.36808080214626,30.191701546799166,7.277399991662882,0,0,3.1122763582436304,1.2289424218889733,0.325048304399341,2.205159279919792,0.34095762288644704,31.11792116481604,30.82650599080681,1.2561094819159333,data/SYNTHETIC/03336.csv,55.28238235728254
7.747955773212919,5.1998499236218745,2.548105849591044,0.47775907814065777,0,0,2.576811116836388,0.4902452264691855,0.18214778587503755,0.503270898833359,0.08911599596597435,9.186899421930761,-8.674281935186272e-27,0.5327468230694041,data/SYNTHETIC/03337.csv,7.270196695072261
27.08845425796067,15.336992412149359,11.75146184581131,0.4970841321688521,0,0,2.399061051063872,0.1122012801598764,0.041758708048847994,0.5338204512447959,0.09682993802636092,25.843402452102026,25.785481118489457,0.2101661779081132,data/SYNTHETIC/03338.csv,26.59137012579182
28.415664778727276,19.57153423122751,8.844130547499764,2.4438734959726123,0,0,3.1122763582436304,0.8403231939396819,0.43443745390608607,1.1639740950076827,0.19772981718045085,20.106510998103836,18.24570520709706,1.6761798636059295,data/SYNTHETIC/03339.csv,25.971791282754666
42.29774940401286,25.924253451330586,16.37349595268228,1.4896856871154351,0,0,2.839905366258295,0.1824293033657269,0.0653433931617018,0.8684832296708069,0.15426836420828502,23.557471161890163,23.34889509084593,0.3958944281524923,data/SYNTHETIC/03340.csv,40.80806371689743
73.93765487905715,36.43930770528212,37.49834717377503,4.435852559227653,0,0,3.1122763582436304,0.9266003604578056,0.657139916900291,1.3428802474010793,0.27576049483392384,33.6918286695835,33.611701260321205,1.0410557184750733,data/SYNTHETIC/03341.csv,69.5018023198295
70.56177576123541,42.80322792043676,27.758547840798652,9.316799184378988,0,0,2.9437864865388756,1.0629736710224311,0.25819868523764766,2.98832887658693,0.38466033069627265,32.138039378278606,31.76990679090148,0.9921798631476051,data/SYNTHETIC/03342.csv,61.24497657685642
35.5422825549778,21.134947224959276,14.407335330018523,2.217301182811657,0,0,1.6737240886170885,0.864266685166515,0.42522401375869057,1.7698383381812082,0.19064843623732808,26.583762839321242,25.752645569874574,0.9237536656891496,data/SYNTHETIC/03343.csv,33.32498137216614
55.01742131821484,30.635592695389274,24.381828622825573,19.064603819287935,0,0,2.874646490496641,2.3524780276515087,0.5872793030847645,2.9763133012147134,0.5736549862431568,23.633496980411405,18.68575042340425,2.302052785923754,data/SYNTHETIC/03344.csv,35.952817498926905
30.307027704195537,23.338053999017028,6.96897370517851,4.624890690357893,0,0,2.3653337827667205,0.6194950372894814,0.1625574948419937,1.6513617883291738,0.28038960633453164,7.534620476988493,3.164718952963065,0.6304985337243405,data/SYNTHETIC/03345.csv,25.682137013837643
19.144561869865306,12.647370920673115,6.497190949192193,0.6106431192213848,0,0,2.415484048061991,0.2292979492543591,0.048694536985291054,0.8214532274711911,0.10405176037372639,15.711157647841617,4.984912449197801,1.899495226594388,data/SYNTHETIC/03346.csv,18.53391875064392
48.68480435944382,32.12451117342678,16.560293186017034,5.689054813343499,0,0,2.604159294362439,0.8064473480176454,0.23021472651836142,1.875106884520215,0.33468691365854736,26.389152198592694,26.30406668825104,0.7380254154447705,data/SYNTHETIC/03347.csv,42.99574954610032
28.610516182412564,16.53335659642796,12.077159585984603,1.2442938360646563,0,0,1.7753531014456774,0.1731829473345362,0.04573474660453535,1.054377357335032,0.15643662152695825,26.189159967473365,26.00820823772565,0.2101661779081132,data/SYNTHETIC/03348.csv,27.366222346347907
16.338169014631205,12.338792352209177,3.999376662422028,0.03501901090328315,0,0,2.2898664896780097,0.0601794274263288,0.016705394616799228,0.151977503283821,0.02416226063818367,6.3943048111527965,1.2099526541174497,0.3372434017595305,data/SYNTHETIC/03349.csv,16.30315000372792
50.19941370221273,30.516253948651794,19.683159753560936,9.753250946357939,0,0,2.6907714017581057,1.005959044546658,0.426451033482316,3.463449589819112,0.3999521241796914,26.8220410773289,24.48452988003741,0.9628543499511242,data/SYNTHETIC/03350.csv,40.44616275585479
24.643682582665658,14.38659860353179,10.257083979133869,2.5741718888943117,0,0,2.41487384007626,0.9996054053613376,0.16825523544300375,1.490997834440051,0.205958429330764,18.760494109822194,1.6289641201472684,1.0117302052785924,data/SYNTHETIC/03351.csv,22.069510693771345
38.392989989632326,27.041465810063205,11.351524179569122,13.925340098894136,0,0,1.6844174250226263,1.163268592347445,0.09180608689875382,6.529462707284595,0.503891492394927,18.061324215237118,16.793902176013912,0.8260019550342133,data/SYNTHETIC/03352.csv,24.46764989073819
47.44482634482672,29.591321543415816,17.853504801410907,1.3302759884466624,0,0,3.1122763582436304,0.2500962197958297,0.11873829200113924,0.8023234671537169,0.15248281227462135,27.72954965325034,26.99629587754981,0.37634408602150504,data/SYNTHETIC/03353.csv,46.11455035638006
50.401738163293174,33.90371072172109,16.498027441572084,7.087371482730666,0,0,3.1122763582436304,1.260548706241771,0.6019369778435529,1.7784399687441588,0.3638143234491156,23.560345031054403,22.90083313178572,1.2854349951124147,data/SYNTHETIC/03354.csv,43.31436668056251
17.03870168058308,9.47341373052848,7.565287950054603,0.503062031721664,0,0,3.1122763582436304,0.1568923508327555,0.05763609958939041,1.0178989711122388,0.09495747640348484,15.133771077849103,10.825625355626476,1.0703812316715542,data/SYNTHETIC/03355.csv,16.535639648861416
59.84239681597399,35.40788179400271,24.43451502197128,8.985734260227263,0,0,3.1122763582436304,1.8740204168029715,0.607629916898736,2.035854513494113,0.37416218192789896,24.934115494239585,23.951531538185392,1.7937438905180842,data/SYNTHETIC/03356.csv,50.85666255574673
41.94250667769899,25.214574948945778,16.727931728753212,1.2494653012597647,0,0,3.1122763582436304,0.2913778795476286,0.06930851534421717,1.0619971944973858,0.18199705080034193,30.04509675715199,28.68937114515726,0.45454545454545414,data/SYNTHETIC/03357.csv,40.69304137643922
33.47584838564142,22.220117659064446,11.255730726576976,8.976755850685755,0,0,2.823692572716345,1.1164095626643442,0.33778188319388064,2.286499882526444,0.3701557226198608,13.540064652635564,13.110482201188216,44.91856654037486,data/SYNTHETIC/03358.csv,24.499092534955665
35.238854330905106,22.625251408164488,12.613602922740617,3.9124090418962276,0,0,2.9188134073281784,0.946223142567458,0.20319189497484808,1.363760380681995,0.2625352151166625,21.466555685833686,19.745565929625272,0.9530791788856305,data/SYNTHETIC/03359.csv,31.326445289008877
64.2679385796714,41.11226615514525,23.15567242452615,18.051042595703834,0,0,2.8139789557416206,1.0836229916919673,0.49654542622961395,5.391475193533668,0.5921100163176709,29.470185491181446,29.3293291989992,3.093841642228739,data/SYNTHETIC/03360.csv,46.21689598396756
38.32406663489337,22.113419552297714,16.210647082595656,5.303526648944824,0,0,2.4982822109456864,1.4764057666603,0.4922857280676901,2.3230213959845214,0.30075861943736754,24.05630865156919,22.14870248826336,1.8719452590420333,data/SYNTHETIC/03361.csv,33.020539985948545
49.663286166815425,28.598305853842877,21.064980312972548,1.6048893390525554,0,0,2.9614898228750723,0.1751242885524721,0.06825105550791542,0.9877702583791049,0.1732606827275664,29.60326649018225,27.64994691632583,0.34701857282502413,data/SYNTHETIC/03362.csv,48.05839682776287
46.57430410902607,29.69789252813503,16.876411580891048,15.799253451115074,0,0,2.6959581660638765,1.2663631411576393,0.4454473882346419,3.4227828985333755,0.5234677275585966,20.613097121843307,19.01232049294956,1.158357771260997,data/SYNTHETIC/03363.csv,30.775050657911
44.58278522347558,25.26124575496006,19.321539468515518,1.2847735729825045,0,0,3.1122763582436304,1.1059309581796035,0.9743242597069702,1.4557958520106296,0.16247061186353923,30.191479054377133,29.25558295442925,1.2267839687194524,data/SYNTHETIC/03364.csv,43.29801165049308
43.98821341916593,24.652304932701576,19.335908486464355,3.7191875069676,0,0,2.4200701212183473,1.1415249808576815,0.4774877766500345,1.632474293314351,0.27272772133429746,30.355124529886115,29.556475955143043,1.2739623506355602,data/SYNTHETIC/03365.csv,40.26902591219833
5.8971207136938535,3.758531875644229,2.138588838049624,0.42696732529098663,0,0,2.184583092278532,0.1444875220111833,0.04236590965777715,1.091180329623792,0.09313825012284731,11.085588066500415,3.234889923297412,0.17106549364613866,data/SYNTHETIC/03366.csv,5.470153388402867
34.09674297512062,17.955546145944286,16.141196829176334,5.305479578978414,0,0,2.602078369018283,0.6878716222323479,0.085790370580896,2.1819687463838533,0.3067224966146923,25.723654734296833,23.259805190750203,1.0668043115792762,data/SYNTHETIC/03367.csv,28.791263396142206
29.244545579585882,17.289522646166255,11.955022933419626,4.6766082064402665,0,0,2.6942146500143656,0.6589129457068026,0.0984790990452218,2.075224415765078,0.27947599383267835,21.727288212766435,20.600532200016985,0.5718475073313787,data/SYNTHETIC/03368.csv,24.567937373145615
48.366329041209084,31.784482328268883,16.581846712940205,12.300339775096017,0,0,3.1122763582436304,1.6372296846525607,0.4720273526714842,4.144028271905231,0.4594772006410695,17.453740287178096,14.407146073176976,1.6553162781588515,data/SYNTHETIC/03369.csv,36.065989266113064
53.836552524959856,33.65047714319023,20.18607538176963,7.054439133308102,0,0,2.7686842533503953,0.8427663609337136,0.09435643282437695,3.926354422795855,0.36582434157119353,27.83929044148821,27.624106645182813,0.6304985337243405,data/SYNTHETIC/03370.csv,46.782113391651755
39.827454325360875,23.24321277609587,16.584241549265002,3.633288271745038,0,0,2.4288793205965518,0.5341900019991429,0.13237484768621569,1.2173086682982277,0.24582658513854017,28.17236370530949,25.84648944546934,0.562072336265885,data/SYNTHETIC/03371.csv,36.19416605361584
44.29008239187061,22.439595764362437,21.85048662750817,7.364828447473546,0,0,2.9652501140343137,1.7459517674810463,0.36613097268844264,2.4975165203151577,0.33365910975464025,25.286867979085333,23.271108882887432,1.7937438905180842,data/SYNTHETIC/03372.csv,36.92525394439706
305.1421914767597,173.6460276129963,131.4961638637634,71.99782276111996,6,2,3.1998026190969493,4.386824368612912,0.5970905869715957,7.71972517434107,0.9419371580516736,14.678950276028175,0.5163797170230429,5.0,data/SYNTHETIC/03373.csv,233.14436871563976
37.08227634326726,23.683167105991064,13.399109237276194,1.485626828017589,0,0,1.9863867050679913,0.217389152079263,0.05803862848176109,1.417692294017081,0.16470767119624474,25.80430951005147,25.117110897261583,0.8438106893464251,data/SYNTHETIC/03374.csv,35.59664951524967
31.519126816099984,20.02630729336746,11.492819522732523,2.8022113646739317,0,0,2.1031393737004063,0.7937092749824436,0.11166167061263137,3.118696542401812,0.2525109610730115,26.09546842335338,23.43610682399228,0.806451612903226,data/SYNTHETIC/03375.csv,28.716915451426054
46.55933402810184,22.35951296596135,24.199821062140487,5.37446785799557,0,0,2.309087264255641,1.3571511189029757,0.374659905862733,1.727450990445627,0.3046285430462827,30.96608656829114,30.365162251545776,1.3636363636363633,data/SYNTHETIC/03376.csv,41.18486617010627
51.679376710729294,36.79546895207484,14.88390775865445,3.300208253810349,0,0,3.1122763582436304,0.9656366346026292,0.4493743687742996,1.5129296544337116,0.24528656116081018,26.535460952225634,26.420580120010243,0.9824046920821115,data/SYNTHETIC/03377.csv,48.37916845691895
22.952942763529663,15.181698889541934,7.771243873987728,3.427686309560026,0,0,1.8699121537643775,0.9792035622248964,0.3409690324368894,1.7003858289847373,0.23567552523174154,16.326671161888186,15.976630023440196,2.0560274108213545,data/SYNTHETIC/03378.csv,19.525256453969636
6.024891697868888,3.76416620725428,2.260725490614608,0.14572885963512777,0,0,1.3000291314515602,0.1235522778940005,0.04563265455320391,0.470756197868584,0.04976616092599719,8.45976766359846,1.4002076422421978,0.1319648093841641,data/SYNTHETIC/03379.csv,5.879162838233761
37.40850433796085,19.598106590396373,17.81039774756448,1.3194772809595074,0,0,3.1122763582436304,0.5608812319194767,0.14945658394973166,1.0787762759898556,0.1580074873607672,30.359335805405387,28.996080162521142,0.6793743890518087,data/SYNTHETIC/03380.csv,36.08902705700134
53.00535084410573,33.01565204096997,19.98969880313576,10.23052559804,0,0,2.9688290851887467,0.8504841385631907,0.2266010211933155,2.3493520860160158,0.4132020863063613,26.325216423387037,21.34430218440382,1.021505376344086,data/SYNTHETIC/03381.csv,42.77482524606573
43.215856132820576,25.68565423525815,17.530201897562428,1.8326437006597185,0,0,2.6305763332477134,0.5382658128372872,0.1261196168681609,1.5471035267736732,0.19172926502253185,30.79007579377302,29.587426829460576,0.562072336265885,data/SYNTHETIC/03382.csv,41.38321243216086
35.32002140029391,21.583240241220395,13.736781159073516,3.201331855436889,0,0,3.1122763582436304,1.4413614444600638,0.6262291724324843,1.9001236980527347,0.22600209209658054,12.264931301532954,0.6955218650870721,1.529814271749756,data/SYNTHETIC/03383.csv,32.11868954485702
32.30033064810166,17.845098591587064,14.45523205651459,1.9992789766172236,0,0,3.1122763582436304,0.5521844348273782,0.10582897873257052,1.325154276421402,0.1823857556809769,28.604069578900884,28.524648082034805,0.9740799870183194,data/SYNTHETIC/03384.csv,30.301051671484434
235.29766012656756,129.2284314577741,106.06922866879349,57.959980558353024,5,3,3.1122763582436304,4.01981550292377,0.43072956441581867,8.520187953970082,0.8941907352795204,15.89255620690406,6.897214870608377,5.0,data/SYNTHETIC/03385.csv,177.33767956821453
36.71527381828744,21.00993720022537,15.705336618062077,3.217523591716083,0,0,3.1122763582436304,0.9699375118837192,0.2526410590086763,1.580196547082013,0.2341842583242869,27.719190028461117,27.45383145841981,1.1876832844574778,data/SYNTHETIC/03386.csv,33.49775022657136
45.67598829728747,24.57269060311805,21.103297694169417,1.3439573192779357,0,0,2.9983901724561335,0.4694770812103268,0.14062466274624608,1.1494793129708158,0.16063629051334063,31.826688716234386,29.30636089167065,0.5522971652003914,data/SYNTHETIC/03387.csv,44.332030978009534
31.38342480233318,18.566260791984263,12.81716401034892,0.61252187454882,0,0,2.015969609868614,0.1877248775563274,0.03969162372022315,0.7772757923444049,0.11084198115526302,25.692163138650102,25.3741153985534,0.24926686217008776,data/SYNTHETIC/03388.csv,30.770902927784363
46.9632027287163,29.01390447431322,17.94929825440308,2.5308140665403114,0,0,2.8570833875028505,0.4968047426263597,0.18676513427689165,1.1681581461984718,0.21871490093095605,30.332290865175768,30.01008867446472,0.6598240469208214,data/SYNTHETIC/03389.csv,44.43238866217599
70.7443993410817,39.7097154079517,31.034683933130005,10.691974529570942,0,0,3.1122763582436304,0.9768836052785216,0.19572486307689835,2.8215575093788563,0.43895796531357273,32.96788085030946,32.48489761352539,0.8846529814271751,data/SYNTHETIC/03390.csv,60.05242481151076
47.975817168917786,37.93905813166584,10.036759037251946,22.857816415017453,0,0,1.8119595229387508,0.9129761349348968,0.2705765732737833,3.6580580759515025,0.672140381256925,13.532488879709511,8.267071040493377,1.8309749662604484,data/SYNTHETIC/03391.csv,25.118000753900333
59.428210418733116,36.02108018010261,23.407130238630504,12.463237807777093,0,0,3.1122763582436304,0.6407097402636956,0.23324797611236758,3.3487192200434377,0.4838588818867305,28.385008298063248,27.254059381560207,0.6207233626588469,data/SYNTHETIC/03392.csv,46.964972610956025
66.42196126989799,33.02117904786201,33.400782222035986,2.311222813762091,0,0,3.1122763582436304,0.5599100786165738,0.1786534098954731,1.08337754416987,0.19882218832785248,33.63909245807417,33.51252912811955,0.591397849462366,data/SYNTHETIC/03393.csv,64.1107384561359
73.07807329698079,43.75330249976057,29.32477079722021,7.126366953432385,0,0,3.1122763582436304,1.501370807112948,0.3000098645528608,2.170825926533122,0.3450934433715653,32.421983611146906,31.483780630750715,1.5689149560117306,data/SYNTHETIC/03394.csv,65.95170634354841
48.426391192474036,25.12942342478449,23.296967767689544,19.024712948020323,0,0,3.1122763582436304,3.469709170572635,0.3250996105498389,2.2677335267078425,0.46412335403238403,13.558923393260384,7.091431009061557,3.5043988269794717,data/SYNTHETIC/03395.csv,29.401678244453713
25.590668347917717,17.373984917516534,8.216683430401183,0.5386500805517439,0,0,2.2407825418576848,0.1422108453914377,0.031249257123818763,0.6177772985652689,0.09264542865795927,18.592805663908234,14.134780277621424,0.29814271749755594,data/SYNTHETIC/03396.csv,25.052018267365973
75.54742222245906,39.742224330320234,35.80519789213883,28.733883572701494,0,0,3.1122763582436304,2.460804936051938,1.2608724319024198,2.871668978889764,0.6398377931338886,26.223971466376252,24.91590373691792,2.419354838709677,data/SYNTHETIC/03397.csv,46.81353864975757
30.525285210764814,19.192919721794137,11.332365488970678,2.1622502003365933,0,0,2.3195668644162493,0.2554289323179591,0.08079881151123586,1.101177246357704,0.20350328153301353,24.635255241211926,21.075745172292503,0.27859237536656867,data/SYNTHETIC/03398.csv,28.36303501042822
184.5510699269393,128.86142628813982,55.68964363879947,10.628174941592222,8,4,3.2940918814789644,3.5570968780311727,0.24101215326092768,2.2474259405029784,0.35355474985267205,10.063207785134667,0.5453863638471563,5.0,data/SYNTHETIC/03399.csv,173.92289498534709
13.661520462509193,8.354563166744395,5.306957295764798,1.6312329075926912,0,0,1.5272416754070217,0.2850778061237009,0.06372007621928472,1.248676611488748,0.1700741492293409,13.933249248866387,11.841164356922318,0.3229266401768112,data/SYNTHETIC/03400.csv,12.030287554916502
14.707024848421067,9.12945104795346,5.577573800467607,2.3044512357218445,0,0,3.1122763582436304,0.2851368398074562,0.07373638329062909,1.2260929787011328,0.19185133786528918,11.530104951278707,4.807518515585589,2.2825024437927666,data/SYNTHETIC/03401.csv,12.402573612699223
16.49825527035827,10.319577552364951,6.178677717993322,1.1596526663223772,0,0,1.9692135680468006,0.6884858558167882,0.23670676195224544,1.063923953504079,0.14456675000844205,15.888184916991998,15.82175766775562,0.6793743890518087,data/SYNTHETIC/03402.csv,15.338602604035895
56.91887728634062,33.88773635070431,23.031140935636312,3.1128790980095697,0,0,2.2026935165768755,0.4486980910861811,0.07039199869139708,1.8165968876739798,0.23802773180630868,30.56234856174522,30.12865755487762,1.2861836124620565,data/SYNTHETIC/03403.csv,53.805998188331046
54.37246248692301,28.244798183315602,26.127664303607407,3.3570592139790376,0,0,2.3422945578489425,0.8794456182118203,0.5449181028425454,1.514356934217188,0.2463454766312582,32.65357784441573,31.666123016034145,1.6127693476185752,data/SYNTHETIC/03404.csv,51.01540327294398
8.535352053476318,5.656758791062379,2.878593262413939,0.4120092294669804,0,0,2.143291984499999,0.1583247244850832,0.015145236730640704,0.9074447705521679,0.10355370568314949,4.495558910097932,-0.0594006414044078,0.26881720430107503,data/SYNTHETIC/03405.csv,8.123342824009338
65.86141921935902,39.45834873839919,26.403070480959833,14.94064868319169,0,0,3.1122763582436304,2.222750489269255,0.8890654405026786,2.9502357920530997,0.47900245032649114,25.8003808338132,25.37406981814853,2.3900293255131966,data/SYNTHETIC/03406.csv,50.92077053616733
27.24753205993169,17.25388007652621,9.993651983405478,5.1793470486330015,0,0,3.1122763582436304,1.181516265719044,0.700107168190462,1.7512875552234608,0.28978402993807967,18.20473951332593,18.08438197339997,1.5358249489133269,data/SYNTHETIC/03407.csv,22.068185011298688
9.29979327530817,6.55291601075843,2.7468772645497403,0.2022807066238723,0,0,2.424343834135788,0.3540491019769691,0.1334360886366741,0.5723441146301608,0.05452707618420004,10.361368543134235,4.307957865211722,0.37634408602150504,data/SYNTHETIC/03408.csv,9.097512568684298
24.223674320830167,16.375795684448736,7.847878636381431,1.20601845222014,0,0,2.2741648678746125,0.4491612507316294,0.12175601616397305,1.151326448799291,0.15388602803300572,17.76492184252653,17.472580207555584,3.0003245780749257,data/SYNTHETIC/03409.csv,23.017655868610028
42.439298094243554,24.971361941126034,17.467936153117524,0.8567258419698526,0,0,2.7595070945521765,0.3782997984531616,0.1366257965501369,0.6985532671267813,0.1254122748083179,32.28048739066869,31.98885351127578,0.4447702834799605,data/SYNTHETIC/03410.csv,41.5825722522737
64.65284668477538,38.76227117732356,25.890575507451818,1.2323292053025876,0,0,3.1122763582436304,0.2725962637128468,0.1254660607288519,0.847089141918729,0.1534222296424236,32.41502773926095,32.17345596018626,0.3665689149560114,data/SYNTHETIC/03411.csv,63.42051747947279
15.095048807999333,9.383364173342724,5.711684634656609,0.3117767685734054,0,0,1.861815731210125,0.105184144145656,0.028010085913083304,0.582321470329509,0.07414545802984382,13.055644558232405,2.145855097647272,0.32746823069403685,data/SYNTHETIC/03412.csv,14.783272039425928
89.0132121264391,54.09889334712721,34.914318779311884,30.03947630556476,0,0,3.1122763582436304,2.115473425635534,0.6915162752646543,4.966385024355991,0.7343583947634017,27.769251888856665,26.773956536741125,2.0087976539589443,data/SYNTHETIC/03413.csv,58.97373582087434
51.58284206266083,29.088144463780523,22.494697598880308,0.8723844828280366,0,0,2.5880208859099714,0.1557963168719969,0.04826640682936649,0.676569220474468,0.13026034241078258,32.49980401306234,32.39474406229853,0.5068711124196833,data/SYNTHETIC/03414.csv,50.71045757983279
74.70661272443311,51.85029484050743,22.856317883925676,1.194973954853185,0,0,3.1122763582436304,0.514143779671104,0.104432404290141,0.7868039502739279,0.15429292417422302,30.44318016257018,29.84140211712496,1.1485826001955033,data/SYNTHETIC/03415.csv,73.51163876957993
8.580775535529906,5.201661481232013,3.379114054297893,0.2533017149313957,0,0,2.300164683963291,0.1073410619270765,0.028686636222143454,0.517257590273422,0.06828083058060291,12.32458696015014,9.129300224347904,0.17106549364613866,data/SYNTHETIC/03416.csv,8.32747382059851
26.56712173719049,17.512245593108045,9.054876144082447,2.1540330810812165,0,0,2.0045104803314633,0.2087131836323305,0.061812930748056424,1.428161786357715,0.20801419160807808,20.389076212338907,18.993978293084044,0.2181009159084942,data/SYNTHETIC/03417.csv,24.413088656109274
64.30603340714491,40.92045669543766,23.385576711707248,0.8942074863155737,0,0,3.1122763582436304,0.1709710736177583,0.04953564203379499,0.7751734211970941,0.13296578661763667,29.223269878162345,28.400745260420187,0.3665689149560114,data/SYNTHETIC/03418.csv,63.41182592082934
42.58444074461262,24.5225851829438,18.061855561668825,0.6130737435420062,0,0,2.5115755385461047,0.1124760160008558,0.03648284040274169,0.912467576101469,0.11908101136804962,30.22917208362407,26.941860014084043,0.22971652003910048,data/SYNTHETIC/03419.csv,41.97136700107062
34.403076404196774,19.289264358361184,15.113812045835589,8.328041380766543,0,0,2.5663742333385073,1.2031790520653665,0.16792734372933474,2.7612320638848464,0.3698015262718125,23.543460631364365,22.89668118094116,1.1192570869990224,data/SYNTHETIC/03420.csv,26.07503502343023
54.82226806558885,29.851309706861596,24.970958358727255,3.315518333423567,0,0,2.647721775391766,0.815091770571426,0.29417995595871815,1.1952766294364519,0.2338662960685981,33.71118030259765,33.31461410114654,1.124846169623356,data/SYNTHETIC/03421.csv,51.50674973216528
42.96328998529284,27.138211550990587,15.82507843430225,1.106473197322269,0,0,2.9307538580223644,0.1975724756906033,0.042887192403678755,1.0275802822630158,0.15468033743604692,27.624834158541706,26.38884122903073,0.29814271749755594,data/SYNTHETIC/03422.csv,41.85681678797057
69.47805182759771,39.52583391327894,29.95221791431877,3.288919561182343,0,0,2.479554504606476,0.7518183569516098,0.23497851771178424,1.3730861115116948,0.24955163207309855,29.522191034617208,28.47455460791043,0.8357771260997069,data/SYNTHETIC/03423.csv,66.18913226641537
54.639823407802766,32.743834890123296,21.89598851767947,4.238589613172781,0,0,3.1122763582436304,0.7235507621875809,0.23864222635661833,1.7185292216486288,0.2756258173953197,31.71596440837054,25.84722553269497,0.9355109719376108,data/SYNTHETIC/03424.csv,50.40123379462999
72.13117996580712,35.356073362122814,36.7751066036843,18.800088114514068,0,0,3.1122763582436304,1.8051333850414923,0.8167482056314571,5.8724759809220854,0.5561725221122543,30.036566459319346,28.967015174189683,1.8132942326490715,data/SYNTHETIC/03425.csv,53.33109185129305
21.93293777597647,13.390556605401994,8.542381170574474,1.2466522698742881,0,0,3.1122763582436304,0.1925040477622917,0.06907863695691636,0.842255406483236,0.14456087102173262,19.99873765579326,19.21583694409683,0.4936461388074287,data/SYNTHETIC/03426.csv,20.68628550610218
42.82193622712271,28.005083885562758,14.816852341559954,22.639168259086468,0,0,2.270425221531614,2.0291173505618105,0.7586372884005406,6.435480905976865,0.6090750948983372,16.346313658008945,15.990965291880572,1.8719452590420333,data/SYNTHETIC/03427.csv,20.182767968036245
6.071234805281484,4.169734763387415,1.901500041894069,1.0332421757018329,0,0,2.4644979223432615,0.5355065362377415,0.03041608368179427,1.10481471025512,0.11829831020500284,5.656995816362903,-0.0492992194139877,2.676442123845657,data/SYNTHETIC/03428.csv,5.037992629579651
39.60461171887866,25.542132819631863,14.062478899246797,2.634375464836463,0,0,2.9018351392788766,1.2442249440667843,0.4465015802613639,1.8107805384631726,0.2217509500826824,28.59099566333306,28.406938511251223,1.2756598240469206,data/SYNTHETIC/03429.csv,36.97023625404219
43.48335486574106,25.423894140397007,18.05946072534406,2.226269927969005,0,0,3.1122763582436304,0.620906239681004,0.27654529113029325,1.2830217643120208,0.20816232765135886,31.115119249502996,29.128338409403177,0.7201894481442902,data/SYNTHETIC/03430.csv,41.257084937772056
14.269345073292941,9.290480354026236,4.978864719266705,1.098746814191593,0,0,1.6130658900488795,0.1750310144729436,0.053988539692196136,0.8335023006627801,0.14267858342007383,16.42762175530589,14.485224589945494,0.3079178885630496,data/SYNTHETIC/03431.csv,13.170598259101348
46.63372221446159,28.11205807843045,18.52166413603114,7.225305918756984,0,0,2.5758585922555297,1.9049413372044384,0.7195477634806656,1.8410701447064604,0.33431357467053424,25.56980844879696,21.399919587979447,1.9501466275659824,data/SYNTHETIC/03432.csv,39.40841629570461
7.555931226685596,4.715655345468514,2.840275881217081,0.1809137099197807,0,0,1.6039673871147284,0.1082374396322964,0.022480840644546175,0.7272820502413979,0.06117304879174912,8.45872369717987,-0.0557485016592258,0.17106549364613866,data/SYNTHETIC/03433.csv,7.375017516765815
61.7959488263221,35.39527318168708,26.400675644635026,2.432324776638432,0,0,1.6230471999462224,0.4923760855602836,0.15143777897648478,1.993036674155634,0.22126473602648392,33.525081439144444,33.35490374736896,0.9042033235581624,data/SYNTHETIC/03434.csv,59.36362404968367
44.2111434201131,22.55463853491407,21.656504885199038,1.1238621549117482,0,0,1.69045237055941,0.164806178973872,0.0525884207988391,0.8089213902914338,0.14316380036614712,26.915769127307886,25.72525407840021,0.29814271749755594,data/SYNTHETIC/03435.csv,43.087281265201355
42.928878517398104,27.862963198058583,15.065915319339517,6.802558298331811,0,0,3.1122763582436304,1.367797586976264,0.4886401800781525,2.663807421030729,0.3467281907737491,24.494140074359848,23.227047220221586,1.4418377321603124,data/SYNTHETIC/03436.csv,36.126320219066294
61.39172882745665,32.78301409135274,28.608714736103913,1.182835927245527,0,0,2.3721834356962908,0.1519554505332395,0.05734628383690497,0.7622661747849498,0.14621896668882622,33.87117854077556,33.016563235675484,0.29814271749755594,data/SYNTHETIC/03437.csv,60.208892900211126
63.61368233146038,38.11585998127634,25.49782235018404,2.541983118210228,0,0,3.1122763582436304,1.0863889707332486,0.33488798389077734,1.80412851361883,0.21942363010292604,33.312339503052144,32.995471480569734,1.2658846529814274,data/SYNTHETIC/03438.csv,61.071699213250156
49.83815309517486,31.517655210427243,18.32049788474762,2.5464128022205665,0,0,3.1122763582436304,1.213969025517624,0.2070242746185155,1.9373581357629899,0.21120511432687344,28.58601264374345,28.42963588094526,1.2854349951124147,data/SYNTHETIC/03439.csv,47.291740292954294
4.4289640885636565,2.836397932569256,1.5925661559944004,0.01935737651465918,0,0,1.451424215594943,0.035324473992661,0.016718717702533997,0.10086468553559501,0.018895215852717185,8.965975091085618,5.123374166072124,0.1026392961876832,data/SYNTHETIC/03440.csv,4.409606712048998
12.238302506554597,9.216019064652436,3.0222834419021605,3.203866749041477,0,0,3.04276745717631,0.7750241329354243,0.07726550206469243,2.144397274537003,0.22023211980756355,4.459210223932035,-6.841310502702944e-36,1.5395894428152497,data/SYNTHETIC/03441.csv,9.03443575751312
233.69051011565122,170.60862939962743,63.0818807160238,20.614782651086813,2,1,3.1122763582436304,3.4186361525255604,0.2951818039294566,2.9087537570755173,0.49156575627947174,17.086111204397113,6.043098389315815,4.374389051808407,data/SYNTHETIC/03442.csv,213.0757274645644
7.974559361042279,6.123350881969088,1.8512084790731904,0.6942162998792314,0,0,1.5906589136755076,0.3599085488473025,0.07499466138075354,0.8183639317223259,0.10486654021507084,6.285060947339014,-0.0473085937708022,0.4154447702834796,data/SYNTHETIC/03443.csv,7.280343061163047
6.4783144799166426,4.0068433927193166,2.4714710871973256,0.4022322175965652,0,0,1.8141015218744119,0.3315044360792374,0.0968398976730403,0.5859641164310849,0.08347313127844913,9.040847179663576,0.0,0.40566959921798595,data/SYNTHETIC/03444.csv,6.076082262320077
54.29940240141032,40.708706258149824,13.590696143260494,8.113938409659626,0,0,3.1122763582436304,0.930792291274906,0.12787091905981762,3.256527918684885,0.4136152113569766,19.115465870335242,13.833860660945074,0.7380254154447705,data/SYNTHETIC/03445.csv,46.185463991750694
86.33582190790028,55.18858066750448,31.147241240395807,27.23072842008652,0,0,2.0617852526889147,1.95473310096652,0.883841557282108,3.0924404162552697,0.7049114664827747,30.40579196438709,29.279108659933296,1.8719452590420333,data/SYNTHETIC/03446.csv,59.10509348781376
25.599934401495325,18.06098965101356,7.538944750481763,2.428147382737799,0,0,2.673266642890032,0.440936722030125,0.08022734477871062,2.0059733809976548,0.21094640793259858,17.66420268750049,16.967675828084968,0.4154447702834796,data/SYNTHETIC/03447.csv,23.171787018757527
18.944510411718735,14.533221901430487,4.411288510288249,0.34106322098926334,0,0,2.8306376650691845,0.1259600439441051,0.01939152392564158,0.57859323453906,0.07661422615838118,5.767818023996426,3.868375994558388,0.3861192570869987,data/SYNTHETIC/03448.csv,18.603447190729472
62.82532515334407,33.25149137834424,29.573833774999827,23.17852078080762,0,0,3.1122763582436304,2.6877569885626054,0.612817296840786,3.1318281003080717,0.5916402932050463,19.893950150640862,8.20097747465599,2.7517106549364616,data/SYNTHETIC/03449.csv,39.64680437253645
24.66574371040656,12.883148992372783,11.782594718033774,9.284416242580562,0,0,3.1122763582436304,2.19537346144251,0.23092948265804578,1.7334242382203469,0.3399094025028523,11.00274930571329,-5.437615754490088e-05,2.0772238514173997,data/SYNTHETIC/03450.csv,15.381327467825997
46.64896399983728,24.98766944198863,21.661294557848652,1.7941042119425097,0,0,3.045502786970734,1.2987659367791673,0.42560100213525337,1.1011009313771003,0.17513102218877016,31.310767855150235,29.583676782045472,1.3221188678897915,data/SYNTHETIC/03451.csv,44.85485978789477
56.788399615168224,32.35867426584659,24.429725349321636,2.813866426262424,0,0,3.1122763582436304,1.0403836963569342,0.45566599917572354,1.2159064418950705,0.2231638697668275,32.49131443680076,32.330875749422695,1.1094819159335287,data/SYNTHETIC/03452.csv,53.9745331889058
28.093479847441216,16.06661182427746,12.026868023163756,1.513353130453273,0,0,1.5571110277292364,0.7332677372102689,0.3063810033967534,0.9982686439987554,0.16183922215799132,27.21267256638277,27.03124388700201,1.3164652375005554,data/SYNTHETIC/03453.csv,26.580126716987944
84.97761589303946,57.99260018515226,26.9850157078872,1.9995716785706938,0,0,3.1122763582436304,0.7321783276044165,0.5913387948575223,1.2416872620161212,0.20071337006792517,32.38542548702535,32.18529969156483,1.039577235145973,data/SYNTHETIC/03454.csv,82.97804421446877
84.4208819884685,49.18565514163294,35.235226846835545,22.159827980534008,0,0,3.1122763582436304,3.080444195043395,0.2675041684361027,3.658829255256122,0.6194851378358088,23.889709582129353,8.901979399282867,3.3479960899315735,data/SYNTHETIC/03455.csv,62.26105400793449
41.15347772660087,22.615049736296076,18.538427990304797,1.723774954278087,0,0,1.8449595440818278,0.7516990814444362,0.3765915491313251,1.0110415688119956,0.1783090474389979,32.31950281416146,32.22174160019513,0.8455522971652005,data/SYNTHETIC/03456.csv,39.429702772322784
18.448653740063946,11.503628398133477,6.945025341930468,2.4468182996711305,0,0,2.1538931476496477,0.3837654710161339,0.057765850561171936,1.4908819508277278,0.20470381845539884,14.314606688033745,9.44751985855916,0.3079178885630496,data/SYNTHETIC/03457.csv,16.001835440392817
201.4453034140236,110.60901792404307,90.83628548998054,44.32007118026209,6,2,3.1122763582436304,3.613731546283841,0.5711801922569779,4.622866378136676,0.7584632453428386,19.447303357602237,9.689820410231558,4.054740957966764,data/SYNTHETIC/03458.csv,157.12523223376152
105.29572475088068,74.97470204254215,30.32102270833853,3.9957393938229964,0,0,2.5137254720130517,1.5152030806688368,0.29072158683991217,1.3602350867278012,0.2479500848179723,28.10956453490048,26.37347063736628,2.0576735092864125,data/SYNTHETIC/03459.csv,101.29998535705768
27.69028419081132,18.92997291467971,8.76031127613161,2.071013291915557,0,0,2.174555058909829,0.6701105560686554,0.09231748226306738,1.3633546886606562,0.19130618189003484,18.89476141041299,18.345300621321183,1.4644663454792697,data/SYNTHETIC/03460.csv,25.619270898895763
38.79103033053471,19.35453871842856,19.43649161210615,2.5833181068181656,0,0,2.7250391139190486,0.7393559840963295,0.31778786520463637,1.505904651124334,0.2199210159970268,20.131380417237622,16.39624660754919,0.8846529814271751,data/SYNTHETIC/03461.csv,36.20771222371654
16.309026915337466,11.026017982820703,5.283008932516762,0.04055934242498395,0,0,2.28528198332824,0.0917817281701068,0.05138368404679393,0.179497158031369,0.02644507865455075,11.038069901564791,8.642751432768796,0.3665689149560114,data/SYNTHETIC/03462.csv,16.26846757291248
55.90919461450659,31.105874798515607,24.803319815990985,2.7667415862610127,0,0,2.7902917583368074,0.4355865471034307,0.0915059420308938,1.8501031425684271,0.2327964852742266,32.229476260486564,29.90971096235665,0.45454545454545414,data/SYNTHETIC/03463.csv,53.142453028245576
41.623654297711546,29.59439143822301,12.029262859488538,7.827218066561475,0,0,2.7143444885024848,0.932647688246885,0.26588295626558656,3.0315761550992746,0.4132579279687618,20.151687203247747,18.090284913653743,0.8846529814271751,data/SYNTHETIC/03464.csv,33.79643623115007
57.29802090172681,34.61652606951181,22.681494832214995,6.004295763800766,0,0,2.9562201641210946,0.9132427241513466,0.08840353938286274,2.2349239627213078,0.31588900566249195,34.70607042937373,34.52490101909931,0.7499114434996818,data/SYNTHETIC/03465.csv,51.293725137926046
53.719841975136916,27.812502613411418,25.9073393617255,19.431260267678052,0,0,3.053415917588996,2.0396174265962035,1.2748603436870272,3.7577856925894726,0.602770784153757,28.55556464416265,26.715375701201683,2.5444883442796944,data/SYNTHETIC/03466.csv,34.28858170745886
12.084302095195138,7.926866235336072,4.157435859859067,0.37464363942951545,7,3,3.1122763582436304,0.1904685958731148,0.05676676549081035,0.45117501233618906,0.07925879812617075,15.146799144961214,14.315550903335057,5.0,data/SYNTHETIC/03467.csv,11.709658455765622
78.20910439763541,55.61142883678851,22.597675560846906,4.014749429785577,0,0,3.1122763582436304,0.5646361510287218,0.3036139266615875,1.9529790539347296,0.27333500241597514,32.463269018242976,30.743310330043663,0.6304985337243405,data/SYNTHETIC/03468.csv,74.19435496784983
21.87045610491223,14.987696507426634,6.882759597485595,4.015818867202131,0,0,2.4350316581730422,0.8848867442422894,0.5088230798232852,2.298015819661071,0.2644029012402567,16.086833188234927,11.71444271752571,0.8747296019614305,data/SYNTHETIC/03469.csv,17.854637237710097
50.000655092332735,30.83956965757906,19.161085434753677,2.963820435744764,0,0,3.1122763582436304,0.473003029488465,0.0980794360095081,1.3777437310858869,0.23110201123572563,31.715469156142106,31.414289231202563,0.45454545454545414,data/SYNTHETIC/03470.csv,47.03683465658797
95.54142510870176,47.848259700237854,47.693165408463905,3.1945652227562853,0,0,2.7945566623737053,0.92486452327336,0.5528490928541158,1.1872713705192028,0.24562431755500352,32.459243731454954,32.28243960863715,1.0899315738025415,data/SYNTHETIC/03471.csv,92.34685988594548
34.47495581501855,20.13467590209454,14.340279912924014,1.4423870812715684,0,0,3.1122763582436304,0.2850125046895213,0.09080360756410644,1.3644870888761569,0.17071017772722158,25.01097191721776,20.89327269129036,0.3958944281524923,data/SYNTHETIC/03472.csv,33.032568733746984
23.011550219279677,14.239264761524046,8.77228545775563,6.328159374315816,0,0,3.1122763582436304,1.2127013717433583,0.2721302248691775,1.9932094816928514,0.3094078285154815,12.818586037301905,2.403861230825855,1.8621700879765397,data/SYNTHETIC/03473.csv,16.68339084496386
47.252675635798894,24.214350191188156,23.038325444610734,0.9705017230469587,0,0,3.0044000094690784,0.454946104709119,0.2615718772745965,0.7139324787433279,0.13463969995909716,32.45898986234063,32.356354708950946,0.6207233626588469,data/SYNTHETIC/03474.csv,46.28217391275194
51.600834826814854,30.590935749312777,21.009899077502077,3.76829989959698,0,0,3.1122763582436304,1.175486034003842,0.5319604060098803,1.6479744905368876,0.261072727568738,28.84639059894325,28.17963069966294,1.3538611925708697,data/SYNTHETIC/03475.csv,47.83253492721787
10.555108906675764,6.953275074171136,3.6018338325046284,0.45598300210715115,0,0,2.2882268097226133,0.2228528705965777,0.040525660596952486,0.66674414941339,0.08693780440626474,11.520673502128266,-0.043546598912458,0.20039100684261957,data/SYNTHETIC/03476.csv,10.099125904568613
39.3539836579839,19.82409342921041,19.52989022877349,7.219228051402397,0,0,3.0871105398845757,1.856781798186244,0.6275752874411451,1.8450087886880917,0.34488817070681815,27.27385898268061,26.848802764578995,1.7937438905180842,data/SYNTHETIC/03477.csv,32.13475560658151
61.163420331022095,40.931843059081196,20.231577271940903,13.594062524938856,0,0,2.993236529152885,1.2826766127862057,0.21990016968064005,5.195947038751762,0.48484925960968506,27.813611506800726,23.559428001329767,1.021505376344086,data/SYNTHETIC/03478.csv,47.56935780608324
52.090554154781664,25.771302945189976,26.319251209591688,8.186925913250256,0,0,3.1122763582436304,1.2540493966093762,0.6070399969027647,2.2951384141133166,0.36981934801871136,34.4207849434691,32.902958272513395,1.4222873900293256,data/SYNTHETIC/03479.csv,43.90362824153141
47.04121996723547,26.898251639312313,20.142968327923157,0.5940569176033883,0,0,2.376684795462581,0.121344156027545,0.03544842454777731,0.616030436444445,0.11050664578782851,29.00246884798506,28.223990354658635,0.37634408602150504,data/SYNTHETIC/03480.csv,46.44716304963208
90.54015881092816,64.36459778082467,26.175561030103495,15.717351315908108,0,0,3.1122763582436304,0.7915200565591213,0.13444016826965707,5.094861665139672,0.5236595450108916,23.596190797100153,19.26327560135448,0.8357771260997069,data/SYNTHETIC/03481.csv,74.82280749502006
67.9328352377365,35.54267394476762,32.39016129296888,8.915036190395421,0,0,3.1122763582436304,0.7455740297054864,0.3368764680892621,2.567161307611,0.38848472799776407,35.60706036769439,32.29159265159859,0.9726295210166178,data/SYNTHETIC/03482.csv,59.01779904734108
10.292487030783711,6.2763465140880585,4.016140516695653,0.8417711690494385,0,0,1.353001802884087,0.3696327808113859,0.06832525956624992,0.860644397360992,0.11821665453408409,12.537321202365383,8.85410107457236,0.37634408602150504,data/SYNTHETIC/03483.csv,9.450715861734272
37.98159460498583,21.289585421104654,16.692009183881172,2.0313637574814987,0,0,3.1122763582436304,0.4568554941911139,0.14629122220550803,1.900528938045316,0.19775844856510535,25.14703980880659,23.71356690915468,0.562072336265885,data/SYNTHETIC/03484.csv,35.95023084750433
11.210921178640888,7.2809947696381645,3.9299264090027224,0.0059891892585480985,0,0,2.2742893249020044,0.0241535353073068,0.003908110268404511,0.11100001806851699,0.010264785658957743,2.81290634290161,-0.0514995813321597,0.3372434017595305,data/SYNTHETIC/03485.csv,11.20493198938234
60.73996819500766,32.95747199096098,27.78249620404668,3.754194122313804,0,0,2.2346242695749483,0.8847013584295189,0.22098425338597952,1.846722795435017,0.28264795380199575,33.29527758169801,32.77497969032571,0.8748778103616814,data/SYNTHETIC/03486.csv,56.98577407269386
5.368968020057474,3.7308999738918045,1.6380680461656694,0.5620301295099974,0,0,1.7365253180696065,0.3918825181037096,0.12437060321479208,1.139115755690744,0.09950314487257615,7.602984408921673,4.1838302400435845,0.3958944281524923,data/SYNTHETIC/03487.csv,4.806937890547476
1.2059440049596966,0.8586927378631731,0.34725126709652343,0.013998967199343477,0,0,0.6133955164531865,0.0936630152111872,0.023479449645804965,0.09567450205582098,0.014343907135133456,3.2380525200976806,-0.0477022513555655,0.1026392961876832,data/SYNTHETIC/03488.csv,1.191945037760353
33.79429840239557,18.977446060835625,14.816852341559944,7.37651469877134,0,0,3.0925517383965024,2.0570964396027995,0.2953341909265205,2.6586580334717036,0.3328925675661881,23.895737641787267,20.933677027991138,2.1065493646138806,data/SYNTHETIC/03489.csv,26.41778370362423
29.561094700191624,17.41687969711252,12.144215003079104,3.012044343247962,0,0,2.595892839533041,0.3677001891921048,0.06470156230363912,3.033773206841365,0.27226763219766287,23.513745333331563,22.75566177063268,0.27859237536656867,data/SYNTHETIC/03490.csv,26.549050356943663
39.98949936824674,29.26781714210098,10.721682226145763,7.52937448918836,0,0,3.1122763582436304,0.6383497371747382,0.14240781792113796,4.093650299268507,0.3656868835662744,23.076690493926343,21.4001973643586,0.5229716520039105,data/SYNTHETIC/03491.csv,32.460124879058384
33.98567468694952,23.23046475225651,10.75520993469301,3.2752514176469685,0,0,2.7878632985652163,1.205763746329005,0.3105323046823021,1.9282362215526978,0.261090748046221,25.12233718887062,22.49171842756045,1.2170087976539588,data/SYNTHETIC/03492.csv,30.710423269302552
19.85075982398807,13.650528579071509,6.200231244916562,0.6364975544622021,0,0,1.885039354003806,0.5366657824891438,0.18287591490780508,0.9000812557476119,0.10987559195142751,16.614801648386237,13.891307308358508,0.7478005865102642,data/SYNTHETIC/03493.csv,19.214262269525868
59.343947283597444,40.33613137363119,19.007815909966254,10.200736652115065,0,0,2.7562255198727565,1.037567161455597,0.5312918882766755,4.828364766126274,0.4630391794168339,25.67179293649087,19.965555544122783,2.155425219941349,data/SYNTHETIC/03494.csv,49.143210631482376
34.81136559683524,21.160798545454604,13.650567051380632,1.7490692604725604,0,0,1.7725610332357182,0.6479236286306896,0.21019570323381082,1.1395929805830718,0.21451826553836226,27.439613019724874,25.254949008966022,0.6598240469208214,data/SYNTHETIC/03495.csv,33.06229633636268
39.362605459823655,23.932675019114,15.429930440709654,1.3965249819459518,0,0,3.0275791993755887,0.394080482122241,0.08152778733410951,1.3400990703465758,0.1914110197628499,30.7376183975599,30.5137052697999,0.4936461388074287,data/SYNTHETIC/03496.csv,37.9660804778777
49.69793814637573,30.59672361974213,19.101214526633605,2.137773901084577,0,0,3.1122763582436304,0.4687205929694124,0.17619534459604552,1.203871299821102,0.21114373065922198,31.029547437302167,30.639384591267486,0.5718475073313787,data/SYNTHETIC/03497.csv,47.560164245291155
29.314997545360136,17.783860641430756,11.53113690392938,0.8904986868107307,0,0,1.9641663520377894,0.1838778558474437,0.06529373808247231,0.770699552194992,0.12557154761551348,27.03927130916022,26.14466677581037,0.22971652003910048,data/SYNTHETIC/03498.csv,28.424498858549406
46.74640863805052,27.834386181076386,18.91202245697413,1.70692799844502,0,0,3.0547691926099074,0.5312258150692807,0.19973719566786363,0.8446681044178739,0.17674773303177527,32.68660171061945,32.41267529412703,0.5816226783968723,data/SYNTHETIC/03499.csv,45.0394806396055
61.763481315650296,39.477134477027896,22.286346838622396,6.083389413705907,0,0,2.7398183027445806,0.519818979419402,0.11867150899312918,2.133769299202287,0.32179122804724986,28.71624513091396,27.222339187709856,0.5816226783968723,data/SYNTHETIC/03500.csv,55.68009190194439
33.24860635578067,19.03285793174645,14.215748424034224,1.80576156457257,0,0,2.309367178414251,0.2142978458823762,0.06509445410268706,1.4190800059429327,0.1924244600598844,27.32337616373189,26.83257283628684,0.2772953137878152,data/SYNTHETIC/03501.csv,31.442844791208103
42.95010243136335,25.125335665850084,17.824766765513264,2.9562608815085962,0,0,2.7222993196766576,0.1985609786368899,0.05810781143595049,1.6207835657982599,0.26215150309972074,29.046512934311167,26.359796870186,0.24926686217008776,data/SYNTHETIC/03502.csv,39.99384154985475
82.0838991738398,50.06733234754033,32.016566826299474,7.923385889702499,0,0,2.57455112145253,0.7066020069372092,0.15718316851832703,2.513048466239012,0.3791709170412613,27.26466860379456,17.58537650514917,0.7530555582639239,data/SYNTHETIC/03503.csv,74.1605132841373
67.9094102605437,39.69823835435713,28.21117190618656,21.03496156119289,0,0,2.5565040199266473,2.2397040182155026,0.3724120833621613,2.560198445090625,0.5269322398883299,21.468471577121736,19.860387790048257,2.272727272727273,data/SYNTHETIC/03504.csv,46.87444869935081
55.18668466062462,35.218539384412125,19.968145276212493,3.4626361816738083,0,0,3.1122763582436304,0.4066329200379764,0.0733281774378986,2.2370825159709216,0.2821385055989072,31.94692032157651,29.52974033450531,0.29814271749755594,data/SYNTHETIC/03505.csv,51.72404847895081
2.515879017254852,1.8812473911818957,0.6346316260729565,0.03538648263498811,0,0,1.0944295996568283,0.1392550262536822,0.03387413138433993,0.15623191767261901,0.022729600312221956,4.424250681062403,-0.060880502371849,0.17106549364613866,data/SYNTHETIC/03506.csv,2.4804925346198643
43.29797844587385,24.599096421807246,18.698882024066602,1.5460507335018379,0,0,3.085484312566259,0.493958809424075,0.26621046337324566,0.7010662472275181,0.1568370559310583,29.533852933307955,29.39059546079625,0.5229716520039105,data/SYNTHETIC/03507.csv,41.751927712372016
32.14126507248068,19.690511019826694,12.450754052653986,4.208447401844996,0,0,3.1122763582436304,0.9438775906010328,0.4430727130526087,2.5715208022181058,0.26578340968436553,22.566746608592453,20.38727234404168,2.7517106549364616,data/SYNTHETIC/03508.csv,27.932817670635682
8.079556041789983,5.7805131699785175,2.2990428718114653,0.8557286681421994,0,0,2.7674127727078313,0.4352114018970842,0.06326796175382204,0.6765761695118339,0.11640862929900075,8.212373342330633,5.234216232773565,0.45454545454545414,data/SYNTHETIC/03509.csv,7.223827373647784
55.81895239980129,31.015632583810305,24.80331981599099,1.6999106608640107,0,0,2.976119648167707,0.5225110488169343,0.12396259337548635,1.1993916788571142,0.18520929226268276,32.11749084180054,29.59299339543289,1.8621700879765397,data/SYNTHETIC/03510.csv,54.11904173893728
53.487564059512636,31.344907400378464,22.142656659134172,1.042737724167774,0,0,2.8674246064954327,0.130905018230749,0.057048946806252034,0.773734305495768,0.14292268957193807,31.356725673432415,29.980656732954763,0.34701857282502413,data/SYNTHETIC/03511.csv,52.444826335344864
43.10655672989229,26.565422234473758,16.541134495418532,0.8712897451943645,0,0,2.4858165351372614,0.1104730756086945,0.04302970009648978,0.8307566934530449,0.14010004621937563,29.11239046032683,26.248829075237623,0.5425219941348978,data/SYNTHETIC/03512.csv,42.23526698469792
9.53131864770171,6.24081353742155,3.2905051102801597,0.31950294751522157,0,0,1.6287514705955606,0.3234424650840399,0.04271418812040608,0.8403792748172062,0.0745164777209961,6.426508097919904,-0.0488317749954937,0.4400935037180707,data/SYNTHETIC/03513.csv,9.211815700186488
17.128833997367515,11.304592055445138,5.824241941922378,0.03134391091647528,0,0,1.8696186040818996,0.0779659837954254,0.022517607683053636,0.25391653539959896,0.029340986331338206,12.922828387762015,9.391013576513076,0.2883675464320623,data/SYNTHETIC/03514.csv,17.09749008645104
15.340651395835778,10.172594606909588,5.16805678892619,0.7845990204219184,0,0,2.260871943128423,0.147357202025753,0.05439190622243418,0.757824034679086,0.12302816331337073,14.184705295928502,13.048490619198672,0.20039100684261957,data/SYNTHETIC/03515.csv,14.55605237541386
64.11174703470496,37.09080878194584,27.020938252759123,6.7892475877362255,0,0,2.1624796864155553,0.272442294761984,0.06800446400312764,1.9457584353941537,0.34899705869411785,32.42473005003643,32.29634531464515,0.3665689149560114,data/SYNTHETIC/03516.csv,57.322499446968735
177.2513617130078,117.69178231514195,59.55957939786586,48.16307921456302,0,0,3.1122763582436304,3.172684445997115,0.9726364725571883,4.278908124071998,0.8348147427648713,14.160618327865473,13.864296399799835,3.3773216031280544,data/SYNTHETIC/03517.csv,129.08828249844478
20.936357631025956,11.098370008732719,9.837987622293237,4.428462446232805,0,0,1.908898010540923,1.5366460444046977,0.23455048454933633,1.6818997315435247,0.2562941031721091,18.62431019162986,18.17711174568057,1.520039100684262,data/SYNTHETIC/03518.csv,16.50789518479315
54.43958403986301,29.660212587120014,24.779371452742993,24.292136456491555,10,6,3.347430842768995,2.8436221123343355,0.7526096345016142,4.84296962079233,0.6038930740570367,15.530911335116025,13.93931278154777,5.0,data/SYNTHETIC/03519.csv,30.147447583371452
77.29012254053329,44.77542975867462,32.51469278185867,5.801290280927239,0,0,2.4578857335123336,0.9323454909833764,0.2452048096069602,1.7539503326771966,0.31592011201084896,36.40116996261003,35.97116610263076,1.1094819159335287,data/SYNTHETIC/03520.csv,71.48883225960606
60.28789401488054,35.92282924632862,24.365064768551925,5.789475930249743,0,0,2.7437086811466593,0.6409961075067319,0.09416045295266541,4.841008032923989,0.43980993497962584,31.30342038249275,30.03189697548937,0.7380254154447705,data/SYNTHETIC/03521.csv,54.4984180846308
37.89397445161339,23.5728532292878,14.321121222325587,3.2963753416133414,0,0,3.025795852333548,0.5086169480970445,0.11499452795299145,1.767489244785071,0.24193360195148575,24.80209060592198,22.134931328567088,0.7243384906391186,data/SYNTHETIC/03522.csv,34.59759911000005
84.40596531111265,43.1285664167976,41.27739889431506,29.69390449616828,0,0,3.1122763582436304,3.246143346864669,0.3108697293494035,4.753276466922878,0.6257663863630392,14.7073426565667,2.7971234561994915,3.602150537634408,data/SYNTHETIC/03523.csv,54.71206081494437
11.833333270737405,7.402886069850728,4.430447200886678,0.5215135895652967,0,0,1.403006785467441,0.0988772290776307,0.03245347939003932,0.586504427310095,0.10165916781024781,11.630283994051997,-0.0596095052173453,0.2123718428174355,data/SYNTHETIC/03524.csv,11.311819681172109
17.233706299093704,10.76285854947435,6.470847749619353,0.38986569351284217,0,0,1.7591545763878766,0.1291896285823682,0.037383581716021304,0.45216983395441096,0.08131931928692569,15.705326408195965,0.8968967468144591,0.2101661779081132,data/SYNTHETIC/03525.csv,16.843840605580862
40.97727879310992,21.943119683570817,19.034159109539097,5.709686156260176,0,0,2.9013257397613996,0.5511606427647312,0.14182953147420865,1.9921901394382608,0.32950476575558807,26.30231869206813,21.746659732050333,1.9244090787262536,data/SYNTHETIC/03526.csv,35.26759263684974
48.54135974199973,29.91911248032686,18.622247261672868,1.7759746546065904,0,0,2.567337175337217,0.1812497010941508,0.06074769183750329,1.0591495095879209,0.18615588651311119,28.561855999690074,28.46353875414024,0.26881720430107503,data/SYNTHETIC/03527.csv,46.765385087393135
29.219128095599537,18.21006551047733,11.009062585122207,4.257734173883318,0,0,2.9313997267936256,0.644827774753571,0.20315613990942544,2.3762148268406857,0.27725902409720166,22.378641572914752,18.50421504150672,0.7184750733137832,data/SYNTHETIC/03528.csv,24.96139392171622
22.193968263131637,14.384407007947061,7.809561255184576,3.7037354492700216,0,0,2.591355054722093,0.5532194517109713,0.07673776125271756,1.8258925853666235,0.26205602854309706,16.542345390633034,14.913526746226736,0.5522971652003914,data/SYNTHETIC/03529.csv,18.490232813861617
51.06654059415949,28.784983428186717,22.281557165972778,1.2890543738986568,0,0,2.3772848225920273,0.173014938955266,0.0495648086204363,1.26655598724769,0.16135069814381744,33.268076159966014,31.806309740533813,1.0711453988249555,data/SYNTHETIC/03530.csv,49.77748622026083
67.6331257735603,40.09250803831879,27.540617735241508,3.761302776312547,0,0,3.1122763582436304,0.2793845713452065,0.09544166131397919,1.865253714922808,0.26718084833123157,34.65128390677466,34.47205028841571,1.0002228629361252,data/SYNTHETIC/03531.csv,63.87182299724775
22.21459518436304,13.533313506949957,8.681281677413084,0.8970184947549892,0,0,2.1711896828557573,0.3566703415636033,0.1842145901328394,0.8060719285842651,0.12445232054290797,22.892989160523374,21.01873797384976,0.4154447702834796,data/SYNTHETIC/03532.csv,21.317576689608053
59.77798472561999,32.89355214337466,26.88443258224532,0.4364917148677894,0,0,3.1122763582436304,0.1175279022324703,0.027228672619104298,0.41532832880401,0.09144203944057026,33.74965123777896,33.59101080121721,0.2883675464320623,data/SYNTHETIC/03533.csv,59.341493010752195
30.323733920339233,19.882247544195497,10.441486376143736,5.640600537983724,0,0,3.1122763582436304,0.4681931596562309,0.08663246435281562,3.811659893624144,0.3691083496106412,21.11708319944531,20.80539607119585,0.9628543499511242,data/SYNTHETIC/03534.csv,24.683133382355507
89.61213394121097,54.4631212020684,35.14901273914258,3.8886648156140264,0,0,3.1122763582436304,0.2659585205912041,0.06943136725926634,1.2572270401678032,0.2699875121950499,31.95772363183305,31.36509997908275,0.40566959921798595,data/SYNTHETIC/03535.csv,85.72346912559695
57.207435920149805,37.01417602940577,20.193259890744038,7.631786935513893,0,0,3.1122763582436304,0.8381350409079539,0.2002019217668088,2.6009444655902216,0.3830795035150978,27.970899698045113,26.23147518435295,0.9565147392286308,data/SYNTHETIC/03536.csv,49.57564898463591
25.948593630726638,18.65871185802445,7.289881772702188,0.7250479931086041,0,0,2.591499633132683,0.158159328219774,0.05320777680121318,1.426620489358397,0.11580115640863199,15.585033080949689,15.396297046909924,0.27859237536656867,data/SYNTHETIC/03537.csv,25.223545637618034
42.801703446768556,24.4883900709953,18.31331337577326,2.2497488973164175,0,0,2.4027388511683982,0.7260499032060505,0.2742401461124863,1.3311775106233348,0.19895419455689398,31.18890993742267,30.53000466177321,0.8260019550342133,data/SYNTHETIC/03538.csv,40.55195454945214
61.41929114284564,32.662096554603856,28.757194588241784,24.2494648211663,0,0,3.1122763582436304,2.7190745558407894,0.5786637373465042,3.919782635250786,0.6317828794516059,26.881375957178317,23.741220889456883,2.663734115347019,data/SYNTHETIC/03539.csv,37.16982632167934
7.814757305835329,5.736039375905796,2.078717929929533,0.8671326956037229,0,0,2.4552814766473863,0.5712371883521258,0.050882305399266824,0.9283076349020569,0.1145609126066479,3.704283079739131,-0.0589699918651266,0.4936461388074287,data/SYNTHETIC/03540.csv,6.947624610231606
11.493290706559657,7.663947423198686,3.8293432833609713,0.2740557728712938,0,0,2.427292357500839,0.1717925791710738,0.03966071932782261,0.540878737077139,0.06723775893189807,9.241039593707935,-1.4111713719536049e-06,0.2503678547866177,data/SYNTHETIC/03541.csv,11.219234933688362
62.21197838443447,34.25226429235232,27.959714092082145,0.4882926779311936,0,0,2.4111082673938493,0.1191742327236124,0.028834044628511624,0.737477089366676,0.10921869050121176,31.32048339733349,26.29365789775686,0.2883675464320623,data/SYNTHETIC/03542.csv,61.723685706503275
53.58662055545815,28.40731143647297,25.179309118985177,25.715843749741556,0,0,3.1122763582436304,2.755842876688361,0.4114333680351568,3.499719854614254,0.5789894507165593,17.944552721814713,16.291233497569475,2.526881720430108,data/SYNTHETIC/03543.csv,27.87077680571659
22.859305477848476,16.06275998805583,6.7965454897926465,3.7250907014069807,0,0,3.0061016165499206,0.5676948741323574,0.15015922716340102,2.544158822761896,0.2543206782050505,12.892198666628383,-0.0,0.8846529814271751,data/SYNTHETIC/03544.csv,19.134214776441496
72.0108011591779,42.20466826067214,29.806132898505766,14.155718797260365,0,0,3.1122763582436304,2.1812108548235973,0.9749507569057873,3.1381750550244134,0.4549943097206299,27.966775281653486,26.55098085983477,2.3020527859237534,data/SYNTHETIC/03545.csv,57.85508236191754
64.0055967097888,34.738301984363865,29.267294725424936,11.757968646414183,0,0,3.1122763582436304,1.066959147066576,0.5511230392123333,2.33796141942873,0.4690847234570706,33.39605087268714,33.07988103057074,1.2561094819159333,data/SYNTHETIC/03546.csv,52.24762806337462
79.79603356965262,56.62599212717767,23.170041442474947,14.441443466445449,0,0,3.1122763582436304,2.049745854087533,1.1076599732871175,2.3332768242670565,0.4563448066466026,24.753564224145517,24.379177424696543,1.959921798631476,data/SYNTHETIC/03547.csv,65.35459010320717
52.55530102655085,33.59777667940547,18.957524347145384,2.8797319348330603,0,0,3.1122763582436304,1.1060604366908189,0.29272996400380163,1.4114361697598476,0.22111491833810765,27.37123093833342,26.11214093518486,1.1192570869990224,data/SYNTHETIC/03548.csv,49.67556909171779
27.942514178688548,16.962189629463985,10.98032454922456,2.2641328708484614,0,0,3.1122763582436304,0.6819996985594998,0.16807189180997714,1.973364715175741,0.21453727603651096,23.393841101136523,22.89756186210379,1.0606060606060606,data/SYNTHETIC/03549.csv,25.678381307840088
76.67175808503521,39.90862566297498,36.76313242206024,6.42982192597096,0,0,3.1122763582436304,1.393504763530382,0.40150226677966655,1.5470838198564707,0.3057164778835133,33.27858088676792,32.80143996261393,1.5689149560117301,data/SYNTHETIC/03550.csv,70.24193615906425
48.640465004341976,30.147538904208503,18.492926100133474,0.4674475300286976,0,0,3.0513072599554034,0.1393758369226151,0.03718146523159637,0.461406797996423,0.0924581628080631,29.964753299860284,29.639930903619625,0.34701857282502413,data/SYNTHETIC/03551.csv,48.173017474313276
16.637463187228573,10.767719355134926,5.869743832093646,0.29098052547470027,0,0,2.2952748358446486,0.0906950267301208,0.0333546586042776,0.7347256266114969,0.07720769197809084,16.918713592127812,16.443594236450142,0.3176930596285432,data/SYNTHETIC/03552.csv,16.34648266175387
53.500851223499794,31.940139791292893,21.560711432206897,3.1090566631755787,0,0,3.1122763582436304,0.4477297814574704,0.11295429324109353,1.53858537379844,0.24465927765005582,32.84390084427338,32.563837381715786,0.5034213098729232,data/SYNTHETIC/03553.csv,50.391794560324215
41.31354551175855,26.621224659088405,14.692320852670147,1.3825007378548704,0,0,3.0788837100060467,0.1425297735549918,0.06231539431620397,1.1158319903064748,0.16037960916205626,25.81767871632985,25.628820561909468,0.35679374389051777,data/SYNTHETIC/03554.csv,39.93104477390368
41.75843516987365,26.273423493693493,15.48501167618016,12.983280738650057,0,0,2.480914552232085,1.003046450390782,0.14342778789713476,3.3001859033973067,0.418734627368435,15.493596064866402,8.355916917546864,0.9335288367546433,data/SYNTHETIC/03555.csv,28.77515443122359
27.655189671986456,14.88592238813361,12.769267283852848,0.6879360375234511,0,0,2.0736657826132148,0.3673164980801349,0.08988396581138215,0.595473210862136,0.11583740922581742,24.610810729686662,22.46730186305137,0.4618287152466477,data/SYNTHETIC/03556.csv,26.967253634463006
36.494776842532225,23.4069963274805,13.087780515051724,7.0043618569871455,0,0,2.631076303919835,0.3115763883281866,0.0865538525889777,1.9874077973247761,0.36804735594297433,24.2038644437457,21.954980495174617,0.5129969447900168,data/SYNTHETIC/03557.csv,29.49041498554508
20.40610793377885,13.717330078602366,6.688777855176481,0.12775881453237622,0,0,2.403027868113574,0.1019073483926036,0.020353911832321946,0.40762215552066194,0.05036214695842718,9.745335277902848,1.6196472502188173,0.3958944281524923,data/SYNTHETIC/03558.csv,20.27834911924647
10.607167899137481,8.497317096985501,2.10985080215198,0.5426006789085712,0,0,2.2920090972818015,0.1862459653919553,0.029253505237881144,0.8912572857172588,0.09881871886684257,7.113676493099265,-0.0563244367312847,0.2295051682703449,data/SYNTHETIC/03559.csv,10.064567220228911
54.2039941167769,30.399321048228963,23.804673068547935,2.7767711816702554,0,0,2.693852635744502,0.7286732673590178,0.1845421086337695,1.8995645335022693,0.23731293756435662,30.78939959397402,29.92346134125069,0.8455522971652005,data/SYNTHETIC/03560.csv,51.42722293510664
44.19556431017283,27.697536868600714,16.49802744157211,3.953400761216331,0,0,1.9292349582823942,1.3208523752922456,0.5988960248084549,1.5965731761179702,0.2623914107437447,24.86127574565155,22.75507123817416,1.3636363636363633,data/SYNTHETIC/03561.csv,40.2421635489565
59.48155873250217,23.51830164292631,35.96325708957586,31.173150378935013,0,0,3.1122763582436304,3.551632634073606,0.36843180358631517,3.7164321941093457,0.5883746239519939,8.869008255871956,0.3076278087551026,3.6705767350928635,data/SYNTHETIC/03562.csv,28.30840835356716
10.345958665399126,7.929568813672283,2.416389851726842,0.00459408865767203,0,0,2.2187988582446416,0.0264523882334508,0.005812053516905602,0.07287141851854399,0.009330561996513954,3.141565604525319,1.5117244268616572,0.29814271749755594,data/SYNTHETIC/03563.csv,10.341364576741453
46.5052975265576,27.777677466593314,18.72762005996428,1.8492422231853471,0,0,3.1122763582436304,0.6626256103005292,0.2703833454443544,1.250301899032396,0.19078003840655164,30.837103701212683,30.770235426872024,0.7575757575757578,data/SYNTHETIC/03564.csv,44.65605530337225
45.22991955149672,28.020625721457982,17.20929383003874,4.704426576474556,0,0,3.1122763582436304,0.2342155279211093,0.11342565817412026,1.15736846084928,0.27960139833049397,29.68979232863103,29.29317544773407,0.34701857282502413,data/SYNTHETIC/03565.csv,40.52549297502217
27.087261108466254,15.855478745137324,11.23178236332893,0.48388371692343046,0,0,1.9525999672106007,0.1138009201566542,0.02909218449066968,0.7285829112354819,0.09729246417535464,23.567006896386605,23.24777036857557,0.22971652003910048,data/SYNTHETIC/03566.csv,26.603377391542825
55.85619283194995,38.39544118780683,17.460751644143116,5.866276269951017,0,0,3.1122763582436304,0.5338372722335379,0.13609658380307238,2.1451144114924,0.33080183814211267,24.316836497360068,23.21089693395902,0.5131964809384169,data/SYNTHETIC/03567.csv,49.98991656199893
78.72359201048928,44.5660415098154,34.15755050067389,2.088473715712212,0,0,2.8440561139053466,1.053136160717391,0.436255073544842,1.65083605205114,0.20684783880014354,33.70405726830798,32.31295067734954,1.099706744868035,data/SYNTHETIC/03568.csv,76.63511829477707
69.5362217945208,46.26320239007929,23.2730194044415,4.28438424169971,0,0,3.1122763582436304,0.9023922580496369,0.24883356416774483,2.1896938919371878,0.27774260012861623,24.210057938491246,20.784127842279663,1.304985337243402,data/SYNTHETIC/03569.csv,65.25183755282109
35.48281862642138,21.51373834384191,13.969080282579469,5.338863350616128,0,0,3.1122763582436304,1.838876707657727,0.23328584371785585,1.9412325702611066,0.29398713552934663,24.203181141854753,23.97107660524216,1.7839687194525906,data/SYNTHETIC/03570.csv,30.143955275805247
58.06241863224682,32.207765669667054,25.854652962579767,1.3406753517932983,0,0,2.8809276095779364,0.244084129118291,0.05884668578649349,1.080813918941236,0.15644014545146945,33.55665382561752,33.08762906876886,0.27859237536656867,data/SYNTHETIC/03571.csv,56.721743280453516
84.63874572089557,48.062410532170006,36.576335188725565,12.144064259666425,0,0,3.1122763582436304,2.183471224838839,0.25761592953071466,3.0610385053703113,0.44206757616344167,33.15931387976787,30.33790850913987,2.2140762463343107,data/SYNTHETIC/03572.csv,72.49468146122915
72.51654208427915,59.9484410517098,12.568101032569349,5.0560193803492535,0,0,3.1122763582436304,2.2292453096997,0.5618406839175478,1.5132542620758915,0.27376205450876545,20.95500251623696,20.194505460241075,2.3326519089345195,data/SYNTHETIC/03573.csv,67.4605227039299
39.56996594032971,23.704175288505756,15.86579065182395,3.0539339581892424,0,0,2.2932732581725417,0.6994998141053798,0.15542587619980158,1.9169361325727978,0.21901768222143236,27.463697875484915,26.025641055666583,0.7771260997067451,data/SYNTHETIC/03574.csv,36.51603198214047
49.1424518015988,33.20960573268038,15.93284606891842,6.517247095168965,0,0,2.104798663902975,1.730320253311407,0.22125838994876382,2.465470106654921,0.34049407274956633,27.97059144116684,27.484803741355044,1.8035190615835779,data/SYNTHETIC/03575.csv,42.62520470642984
86.21297860029584,59.85817604546244,26.354802554833395,6.935431961454606,1,1,3.1122763582436304,1.5471521140357318,0.5510207360074386,2.297556060580248,0.3391867799614846,27.40983831000955,26.51578042526936,1.5561254227830508,data/SYNTHETIC/03576.csv,79.27754663884123
9.239290296619222,6.274482926512354,2.9648073701068682,0.9661461881167799,0,0,2.372770729395218,0.5175095498693807,0.16758442640642343,1.2522154994729366,0.12850332973951206,10.563892450327831,2.232285133211033,0.48387096774193505,data/SYNTHETIC/03577.csv,8.273144108502443
48.43420542339704,28.61693483564717,19.817270587749867,6.185704699600753,0,0,3.1122763582436304,0.4085315002579016,0.12092111508886984,1.8797513869755111,0.3482147129731256,27.155870239508126,23.88553912050592,0.40566959921798595,data/SYNTHETIC/03578.csv,42.24850072379628
38.508388077072986,21.351780646179915,17.15660743089307,12.2193811944612,0,0,3.1122763582436304,1.801057337821519,0.5362428072137314,3.8956952886097223,0.4499732225739656,22.09023417134479,19.59343669571236,1.7253176930596288,data/SYNTHETIC/03579.csv,26.289006882611787
16.549926475187252,11.39863354053469,5.151292934652564,0.5814471778961192,0,0,1.7094758540032053,0.216189812547225,0.04312698495979135,0.644866547424649,0.09431638350782388,8.936217806891204,-0.0656546455997186,0.29814271749755594,data/SYNTHETIC/03580.csv,15.968479297291132
30.030315869318336,19.84986665257818,10.180449216740156,3.805053836136736,0,0,2.830136813710974,1.1078739839764922,0.26546889193715717,2.1398745906542715,0.25801210006737446,19.371996792621793,9.78404231056987,1.1681329423264906,data/SYNTHETIC/03581.csv,26.2252620331816
41.45739242299605,24.650431095524304,16.806961327471747,6.815547474712017,0,0,3.1122763582436304,1.344242239293272,0.2266474883088456,1.9601681054847298,0.3295004404293286,26.94338885126016,26.79913963769524,1.4516129032258065,data/SYNTHETIC/03582.csv,34.64184494828403
44.09054397179021,24.797742539172322,19.292801432617885,4.322476019961298,0,0,2.464643196343424,0.8802247367532494,0.08175403541758888,1.798139338351551,0.2685936492106449,26.17403329879583,21.946739445280205,0.9237536656891496,data/SYNTHETIC/03583.csv,39.76806795182891
81.07382630639012,48.85130355615752,32.2225227502326,20.983161910316582,0,0,2.406429634264203,1.0600404826976615,0.10145103039052172,4.418629853623741,0.5605614385362694,33.34297723869546,33.23492726431159,0.7966764418377323,data/SYNTHETIC/03584.csv,60.090664396073535
235.60588961789995,138.70717176513202,96.89871785276792,50.442812851670745,6,5,3.1122763582436304,4.063937578469797,0.5259012708148906,5.0602752933918005,0.8299951268371945,13.681153679974173,10.480629690647133,5.0,data/SYNTHETIC/03585.csv,185.1630767662292
53.93626511706378,34.15001963390172,19.786245483162066,12.932575705375681,1,1,2.8453147556292544,1.7166015566801458,0.5277663754383839,2.7864996067364443,0.4564673493304712,13.377598047411873,12.440423559915503,1.7644183773216033,data/SYNTHETIC/03586.csv,41.0036894116881
33.54854607088,21.600707646434792,11.947838424445207,1.4687868515572917,0,0,2.7711367184777194,0.1576585902210419,0.03485027704374146,1.2076789995757609,0.1893099430564999,26.30389209431478,25.861263511639823,0.32746823069403685,data/SYNTHETIC/03587.csv,32.07975921932271
41.13560015779446,22.137363593127397,18.99823656466706,2.918643577574322,0,0,3.1122763582436304,0.5552280442197773,0.17891482961328198,2.1290665992687017,0.24648055596266044,30.781278129938414,30.4451836896855,0.6207233626588469,data/SYNTHETIC/03588.csv,38.216956580220135
74.96868336767074,48.975129898252355,25.99355346941838,3.0824678034414594,0,0,2.235338538081222,0.2683301410160251,0.06501429669765306,1.509039805088787,0.24292781050658566,30.978410431861548,30.579467526936064,0.6652209564159203,data/SYNTHETIC/03589.csv,71.88621556422927
75.3018323295984,48.46529647384911,26.83653585574929,18.744734615622068,0,0,3.1122763582436304,2.84208343586987,0.3107891929188515,2.7099168291677134,0.4583315112270535,7.71154289894813,0.0,3.0254154447702835,data/SYNTHETIC/03590.csv,56.55709771397633
74.55775857903348,40.63969171083992,33.91806686819356,8.24035429625246,0,0,2.7986094337013836,0.964967307392068,0.31138839619230646,2.2350488939176087,0.3711690289233486,34.949543342199,34.557202306178446,1.021505376344086,data/SYNTHETIC/03591.csv,66.31740428278101
8.60128400417928,5.586185071251536,3.0150989329277444,1.475482357247141,0,0,1.1201013588165571,0.3828331452855751,0.04858770733454401,1.2494271920635758,0.15245078022295852,10.370922190536966,7.75097795209098,0.3861192570869987,data/SYNTHETIC/03592.csv,7.12580164693214
51.49392786381282,31.50422906067709,19.98969880313573,5.71284466213044,0,0,1.864263167893404,1.201536087627359,0.7248214708870558,2.791231400259524,0.3126570418812588,31.08427205870587,30.33080742402061,1.2170087976539588,data/SYNTHETIC/03593.csv,45.78108320168238
31.817701001389544,17.690561521373034,14.12713948001651,1.3963405316510724,0,0,3.0310349453233862,0.5241962676355788,0.1259554643086,1.182350910841431,0.15320900753089645,25.377375696020472,24.12352871575112,0.8748778103616814,data/SYNTHETIC/03594.csv,30.42136046973847
44.3769642206963,25.10092664235203,19.276037578344273,5.291230354476269,0,0,3.1122763582436304,1.3101009892157796,0.6517612079532928,1.6066893677265186,0.2793746590680867,27.543722695113615,27.14392380163738,1.3929618768328447,data/SYNTHETIC/03595.csv,39.08573386622003
37.832752668365885,22.572855606717276,15.259897061648605,4.539568111124886,0,0,2.748737572133045,0.7865558764032372,0.1273657643958815,1.550433431937035,0.2618099369969403,26.37917109661344,25.85800756020734,0.8553274682306942,data/SYNTHETIC/03596.csv,33.293184557241
21.162745487357263,13.47771572106247,7.685029766294791,5.227018748195101,0,0,1.525540634877217,0.8251392591719833,0.12594060995235484,2.4420366241491553,0.2882308806121947,14.073708471128514,-3.326325923299321e-06,0.6793743890518087,data/SYNTHETIC/03597.csv,15.935726739162163
37.25147411691814,24.8174839185378,12.43399019838034,1.5944219276355747,0,0,2.4591647702105055,0.209845826303507,0.07151067196258955,1.268794548398271,0.17183632010292046,19.563703786049494,12.44346885397056,0.3372434017595305,data/SYNTHETIC/03598.csv,35.65705218928257
40.62900786775255,23.996869591991462,16.632138275761083,1.9821826200429742,0,0,3.032046220653147,1.2323053821481682,0.4766826443468595,0.972891897815561,0.1767004185471161,23.74402102431249,17.990936494526014,1.3343108504398828,data/SYNTHETIC/03599.csv,38.64682524770957
39.35282271519751,20.780867016345503,18.57195569885201,4.047828770891515,0,0,2.9710880163952478,0.9393468211240652,0.32158314883924255,1.3527225702539647,0.2671136686126543,27.839768747959752,25.91596229522702,0.9530791788856305,data/SYNTHETIC/03600.csv,35.304993944306
49.02787323855718,35.20487797179073,13.82299526676645,12.672102109967112,0,0,3.1122763582436304,0.9095672547744252,0.2768303124127276,3.1707066991358843,0.49189593770861917,22.85899100973573,22.55282349781968,1.2658846529814274,data/SYNTHETIC/03601.csv,36.355771128590064
57.66905783274984,32.27660828085717,25.392449551892675,3.65242756442181,0,0,2.9933493944146283,0.3394454160682066,0.08041906817531107,2.1316628384095417,0.2740155340856968,30.67163516896606,29.584364406672343,0.5304596391088072,data/SYNTHETIC/03602.csv,54.01663026832803
36.31849906637005,22.991234918837954,13.3272641475321,8.487537973219407,0,0,2.3849943432455345,0.8446984279324075,0.20777995034884136,3.4992818109931725,0.4154908868840192,20.432186385674804,14.51187122159357,0.913978494623656,data/SYNTHETIC/03603.csv,27.830961093150645
69.1422708328146,47.75398761599355,21.388283216821055,5.381376632960665,0,0,3.1122763582436304,1.5725595468899691,0.4913951467301318,2.120489467105191,0.3142079025741467,32.4692870865661,31.5945974260717,1.7155425219941352,data/SYNTHETIC/03604.csv,63.76089419985394
19.668627015498593,15.992553256925051,3.6760737585735406,0.42817882565146326,0,0,3.1122763582436304,0.2533387677075794,0.024224546300538944,0.6809980600403799,0.0862842418055777,3.031141476363108,0.4639802591328194,0.40566959921798595,data/SYNTHETIC/03605.csv,19.24044818984713
50.96463121306418,33.48711571464735,17.477515498416825,10.767771207352911,0,0,3.1122763582436304,1.3149346425082604,0.4334537933607227,4.136334993430162,0.455622105976766,27.780406989575184,26.227785147571268,1.2463343108504397,data/SYNTHETIC/03606.csv,40.19686000571127
21.11164638737928,12.339360929623657,8.772285457755622,0.722088551254782,0,0,1.7795866547678219,0.4102781839145413,0.09478753707881911,0.801796725794052,0.11396658633088323,19.038327493383736,11.695828196626769,0.4447702834799605,data/SYNTHETIC/03607.csv,20.3895578361245
55.2639032068646,33.9905721336341,21.273331073230494,19.74832147218592,0,0,2.913820399666995,2.0559608149089645,1.043334140194291,2.543258293301698,0.5360002978008437,15.151854190410349,13.560902179940388,2.0869990224828934,data/SYNTHETIC/03608.csv,35.515581734678676
36.76419799432464,22.273043392937986,14.491154601386652,8.681100536655826,0,0,3.1122763582436304,1.07392333501917,0.3706055101493183,2.292342298296211,0.35119105117378563,20.35076359130095,10.338522093042377,2.794304578132231,data/SYNTHETIC/03609.csv,28.083097457668813
55.85324565051113,27.467250692613938,28.385994957897193,5.8853879994529095,0,0,2.644927811503488,0.5551908330280538,0.0659054563774589,2.134289522866297,0.3331404307698268,30.780712760385832,30.67216064899452,0.5425219941348978,data/SYNTHETIC/03610.csv,49.96785765105822
52.20952354941562,32.248562782177515,19.960960767238102,2.423285972895794,0,0,3.1122763582436304,1.1576562176014082,0.2597649676037817,0.9207181392829056,0.18929449509305077,27.7962022698716,27.37809701593985,1.1192570869990224,data/SYNTHETIC/03611.csv,49.786237576519824
77.1946173569159,50.5496684071509,26.644948949764995,30.644477447932314,0,0,3.1122763582436304,2.065785881264396,0.4879301869111755,5.1186083793317145,0.6612739233172183,20.645793810533522,20.22096334099216,2.038123167155425,data/SYNTHETIC/03612.csv,46.55013990898358
20.312012135219966,12.82814862020868,7.4838635150112855,3.141756211672078,0,0,2.1369997998347263,1.0266652087976889,0.23607532327349184,1.815448419275128,0.2265727441685206,16.385803797929583,9.75287152520132,1.0117302052785924,data/SYNTHETIC/03613.csv,17.170255923547888
32.022422962433964,19.126229353366515,12.89619360906745,3.220303132738735,0,0,1.6045619449507929,0.5783740929614037,0.14761558389965185,2.163925434428235,0.24818518644816298,25.71082986266456,24.600428764018595,0.5425219941348978,data/SYNTHETIC/03614.csv,28.80211982969523
69.46610668530565,43.695272994094,25.77083369121165,2.060496086435954,0,0,2.957231731842561,0.4917846853199621,0.10518920298053469,0.8271903053330054,0.20155214287857912,32.484307798707675,32.33555746802849,0.698924731182796,data/SYNTHETIC/03615.csv,67.40561059886969
42.85421889526492,26.62201828574604,16.23220060951888,2.1668476663996423,0,0,2.5012643210506624,0.7379340748290197,0.15991360072867206,1.129749132124248,0.18863628082972844,27.7684240790529,27.535701858846817,0.806451612903226,data/SYNTHETIC/03616.csv,40.68737122886528
54.77683156586326,28.22767606909043,26.549155496772837,10.977454003507845,0,0,3.1122763582436304,1.6919479182426014,0.7506317637611363,1.8952075102880506,0.4049764262513564,31.73007244262261,30.50184331563612,1.6862170087976538,data/SYNTHETIC/03617.csv,43.79937756235542
44.6131219952659,29.947144342168592,14.665977653097311,1.7461104245898391,0,0,3.1122763582436304,0.3994708257811973,0.1382594775566483,1.211207168838531,0.18247340032569054,26.12484438613413,24.48686848320365,1.4740108640586376,data/SYNTHETIC/03618.csv,42.86701157067606
59.32051671525828,34.301661630034914,25.018855085223368,3.496222210591638,0,0,2.532842500201077,0.908280839612485,0.44265034357051364,1.4330788005140076,0.24898677876171993,34.66990555780388,34.26091253525198,1.0117302052785924,data/SYNTHETIC/03619.csv,55.82429450466664
40.008556898772056,23.508134620875182,16.500422277896874,1.079324500150283,0,0,3.1122763582436304,0.5017821569454476,0.18132919709302378,0.972713659905737,0.1485481385467475,29.74214500804016,28.017809800069728,0.5718475073313787,data/SYNTHETIC/03620.csv,38.92923239862177
30.5864867574194,18.447061426989887,12.139425330429512,3.815871900959329,0,0,3.1122763582436304,1.804208957399401,0.4770321832174165,2.310602128784902,0.24971718868157053,25.371559268172582,20.92875500447779,1.7921220914875535,data/SYNTHETIC/03621.csv,26.77061485646007
0.8880115911660571,0.6341589407368744,0.25385265042918265,0.00024175438494160765,0,0,0.8346777629622925,0.0117540253561289,0.0024208537003879826,0.026172818707938007,0.0021996818270428172,1.96162682333221,-0.0464393489330517,0.08308895405669592,data/SYNTHETIC/03622.csv,0.8877698367811155
62.455127783817666,33.86317690198736,28.591950881830307,6.341413657574017,0,0,2.902190249617654,0.7242972139289384,0.13447774014023345,1.9339947494752978,0.3338463158054159,34.95852739752444,32.413642197612525,0.8944281524926687,data/SYNTHETIC/03623.csv,56.11371412624365
55.29437853622649,30.337789195448067,24.956589340778425,3.5146881129896537,0,0,2.7329124616596525,0.5523182391906462,0.07888960380433695,1.7804854622188049,0.25633110160834865,32.85858326728827,32.1614964619232,0.5816226783968723,data/SYNTHETIC/03624.csv,51.779690423236836
40.17303638540342,23.933651266910147,16.239385118493274,5.917022378053167,0,0,2.0852908811152706,0.4255522960877814,0.14002696874994428,1.8982178664754608,0.34406625292239956,25.86763996775185,23.332950142480563,1.2756598240469206,data/SYNTHETIC/03625.csv,34.25601400735025
61.842517758060815,36.71350020189653,25.129017556164285,14.107525781400078,0,0,3.1122763582436304,1.7266853593453455,0.1402014566235552,2.9704968523381203,0.47061211275775694,25.931914264597452,25.338307784886823,1.4729400481240191,data/SYNTHETIC/03626.csv,47.73499197666074
34.35569195182512,25.154730791929648,9.200961159895476,9.416523346833532,0,0,1.9747774256288995,1.136883477936704,0.17199403645525854,3.2034411644159566,0.45031412080773225,17.76855554394004,16.166421309003933,1.158357771260997,data/SYNTHETIC/03627.csv,24.93916860499159
51.35079090706787,28.240620372712975,23.110170534354893,6.944943380583364,0,0,3.1122763582436304,1.0590982556408228,0.3118122316601881,2.599287488875247,0.3710275574057421,30.391417406780555,29.642791120294795,1.099706744868035,data/SYNTHETIC/03628.csv,44.40584752648451
77.95960348336321,50.69439192547408,27.265211557889135,27.64415962253136,0,0,3.1122763582436304,2.5866353781129523,0.5651533120895421,3.9542867470021514,0.6505717376693159,15.800401476189947,9.46475891672126,2.5562072336265884,data/SYNTHETIC/03629.csv,50.31544386083185
67.56889200350054,35.279313836173465,32.28957816732708,2.222306956211445,0,0,3.1122763582436304,0.3940252524637985,0.1280221948479981,1.037051541189318,0.19746856978740301,34.72200148932905,34.63734628714616,0.562072336265885,data/SYNTHETIC/03630.csv,65.3465850472891
65.6417987185583,38.63522948374795,27.00656923481035,26.063047750654917,0,0,2.61452833744561,1.5111991849584774,0.5104701601620024,5.357681161982293,0.6710424687684042,25.749263955864134,23.27690517617868,1.412512218963832,data/SYNTHETIC/03631.csv,39.57875096790339
2.774414326623838,1.8907197227713062,0.8836946038525318,0.010712351161721825,0,0,1.6843808063664218,0.0484793003671149,0.008237850215451998,0.08774602098571799,0.0134608899752343,5.417946849943437,1.908183029732018,0.15151515151515138,data/SYNTHETIC/03632.csv,2.763701975462116
27.885015627198804,14.931345946336059,12.953669680862747,2.9589018895709454,0,0,2.681561184324303,0.7964411947041106,0.4597504850776999,1.6623991905530604,0.2269733701682013,23.174043653996005,20.67983273219993,1.4288428927458958,data/SYNTHETIC/03633.csv,24.92611373762786
38.559913565337425,25.46255370498647,13.09735986035096,14.671624731838824,0,0,3.1122763582436304,1.759090405273375,0.9136433240345326,2.1758086774593175,0.48684704825282543,13.950745287682675,11.366865976821554,2.5307716910210214,data/SYNTHETIC/03634.csv,23.8882888334986
49.04028939529925,32.23093323150268,16.809356163796565,7.608699842683484,0,0,3.1122763582436304,0.7204577175807299,0.3179868940502451,2.6974541052319387,0.38452990516423824,26.688433044562363,25.633929270890683,0.8162267839687196,data/SYNTHETIC/03635.csv,41.43158955261576
46.05762625736882,26.14935188927639,19.908274368092428,4.6374841777415305,0,0,2.2025779576145696,1.2539419698984176,0.32202628315341236,2.664714271480838,0.26901098417553587,28.026498805977802,27.14853523474582,1.1485826001955033,data/SYNTHETIC/03636.csv,41.42014207962728
34.877162345825084,21.55947754359221,13.317684802232879,4.7296092347520755,0,0,2.637103260613742,0.8976720598391853,0.22566702874339925,1.7120123009264079,0.28502183945656173,20.848840329896735,20.30899832520825,0.8644283420309324,data/SYNTHETIC/03637.csv,30.14755311107301
5.140474331673792,3.6365171196971255,1.5039572119766667,0.11156959624224762,0,0,1.2922595490999425,0.0588955145448724,0.027515503063273918,0.424834702927483,0.04429830889912912,9.659742132900545,5.9625192501079205,0.20039100684261957,data/SYNTHETIC/03638.csv,5.028904735431544
67.81326180312558,39.429661681553185,28.383600121572393,3.5197243330457857,0,0,2.8980418205531087,1.231573509791132,0.20003229812989098,2.100084880163924,0.2503329547204304,32.50640214522687,31.585574738690426,1.3734115347018574,data/SYNTHETIC/03639.csv,64.2935374700798
75.90756606549425,41.397974625074184,34.509591440420074,3.5409587827102795,0,0,3.1122763582436304,0.6172291252592039,0.2594775931693043,1.731336253836915,0.25630542208661733,33.43869980229778,31.65075306676897,0.7816550688169445,data/SYNTHETIC/03640.csv,72.36660728278397
30.047344830775963,19.11012733539788,10.937217495378084,1.2200758218718075,0,0,2.3383914511279693,0.2098249364444989,0.06549889823548564,1.3560777880401669,0.1586427917649446,25.665754793494298,25.47255332502284,0.27859237536656867,data/SYNTHETIC/03641.csv,28.827269008904153
36.6081739781375,21.415332333583372,15.192841644554129,3.4044654060599475,0,0,2.5603112506595975,0.7468732139703205,0.21913982070252458,1.6171529719020776,0.2478934811319651,25.664982206145986,24.794194124830483,0.6891495601173023,data/SYNTHETIC/03642.csv,33.20370857207755
36.079964343829,23.028106373649315,13.05185797017968,1.8550335157688782,0,0,2.1588300425763673,0.4912554133362714,0.10835748618011802,1.500426877385839,0.18817194793939113,24.653522488624077,21.28439094810016,0.6207233626588469,data/SYNTHETIC/03643.csv,34.22493082806012
11.913876687343187,9.071205969801303,2.842670717541884,0.012683938592815336,0,0,2.2313316240203225,0.035433826552718,0.009098497892414532,0.136388454324825,0.015245085212839408,6.382028914224295,1.88085131114288,0.29814271749755594,data/SYNTHETIC/03644.csv,11.901192748750372
30.512071327457818,18.080475965402236,12.43159536205558,1.9877243845634938,0,0,3.1122763582436304,0.6519181706929755,0.3462326909568305,1.4644419340052566,0.18900105748404486,24.999429984820658,24.75848961638317,0.7575757575757578,data/SYNTHETIC/03645.csv,28.524346942894326
88.71204649635425,49.57563127641365,39.13641521994059,1.1655254314007768,0,0,3.1122763582436304,0.1486129477995026,0.04463334860190323,0.714143026681486,0.14788331156256537,34.69400859596972,34.57297697953586,0.37634408602150504,data/SYNTHETIC/03646.csv,87.54652106495347
58.63778888324211,34.08353204503069,24.554256838211426,7.979436047850029,0,0,1.9828904065136588,1.763961928690698,0.5241162813194784,2.977249993200881,0.35557407322115364,32.32419145567188,30.980210767356933,1.7546432062561097,data/SYNTHETIC/03647.csv,50.65835283539208
39.959074995618955,14.983326964242075,24.97574803137688,17.983495467995937,0,0,3.1122763582436304,2.831314329115652,0.24297370654959632,2.421626233721197,0.4529277154677049,13.731328496569564,-0.0673545580983149,2.90811339198436,data/SYNTHETIC/03648.csv,21.97557952762302
26.397427356428167,20.077454295271444,6.319973061156725,3.6827212649081655,0,0,2.6116984961113703,0.3887418319060532,0.07943679084753456,1.22659764216609,0.26978755138363625,11.45037311367434,7.400253670082954,0.6891495601173023,data/SYNTHETIC/03649.csv,22.71470609152
41.91111981438748,24.198910356139987,17.712209458247496,1.4312782274526934,0,0,1.9427595704052447,0.2939461157539215,0.09499759302922162,1.4458533417230328,0.1602789747139415,26.47934160600681,26.178974764055965,0.3958944281524923,data/SYNTHETIC/03650.csv,40.47984158693479
49.72888105339371,28.16337994853717,21.565501104856533,13.23413540476826,0,0,2.808710872318625,1.330371118443243,0.6038073280153249,3.0042516928622063,0.46944173241835835,26.20445829655318,23.543588462124408,1.3929618768328442,data/SYNTHETIC/03651.csv,36.49474564862545
96.73842247901618,68.57993697197533,28.158485507040858,13.558727074360576,0,0,3.1122763582436304,0.9064356175962056,0.14907604780620567,2.8385852713189346,0.48592257563912844,29.526965901430227,26.808683837685923,0.8944281524926687,data/SYNTHETIC/03652.csv,83.1796954046556
15.977462337355565,10.263382866374151,5.714079470981413,0.46495714667540794,0,0,2.412103716068545,0.1589016049667674,0.034963245317002685,0.5417595095457408,0.08756457128602446,16.866317610779987,10.417643524400397,0.2585855216461352,data/SYNTHETIC/03653.csv,15.512505190680157
21.19894004945088,14.26588888914443,6.93305116030645,2.820293308295671,0,0,2.1957672954996474,0.4589961262233297,0.09357835623240332,3.0298851519020955,0.25126630129980804,16.77850495900234,15.458970229315996,0.4127554801827972,data/SYNTHETIC/03654.csv,18.378646741155208
55.0373604155378,30.516631285873576,24.520729129664222,2.47651537476638,0,0,3.1122763582436304,0.8876081184270874,0.49937301068685697,1.5766479599177068,0.21264063390887614,33.60329231867333,33.43443648766669,0.9042033235581624,data/SYNTHETIC/03655.csv,52.56084504077142
54.95536817176643,32.563648534852675,22.391719636913756,2.809234759755204,0,0,2.8856008689021047,0.8409718569999072,0.15635793722305433,1.120832439076253,0.22126261677158476,31.96305469411932,31.64084145475227,1.129032258064516,data/SYNTHETIC/03656.csv,52.146133412011224
50.68887038246693,26.89856633186787,23.790304050599065,2.037285225077486,0,0,3.1122763582436304,0.530589246179549,0.17356137859334417,1.7703023178582278,0.19749790509956494,31.863732226452758,28.833793790182124,1.0878577218979764,data/SYNTHETIC/03657.csv,48.65158515738945
20.32561435276847,12.540001460831935,7.785612891936535,0.9819978755783807,0,0,1.429429591476758,0.2396129456803591,0.05136908423661864,1.097973459021,0.13968671369031702,18.90977195660503,12.464765609256728,0.23949169110459412,data/SYNTHETIC/03658.csv,19.34361647719009
176.73216607913875,110.46465013549795,66.2675159436408,66.84047386833421,0,0,3.1122763582436304,1.9038822655855672,0.7268536169035591,8.348326015150713,1.1735962751356894,34.51406929782883,34.17471147153979,1.8328445747800588,data/SYNTHETIC/03659.csv,109.89169221080454
22.712665238032365,16.39987668585005,6.3127885521823135,0.9670888058638791,0,0,2.074531197616429,0.3145426377261083,0.046917851492933434,0.9568109638867961,0.14231897613990568,18.970541542195857,16.451356483339517,0.27859237536656867,data/SYNTHETIC/03660.csv,21.745576432168484
72.39782689760375,44.943423270055106,27.454403627548647,17.362954554173882,0,0,3.1122763582436304,2.060512870020521,0.5513194070992925,3.270974008174324,0.5236637733487142,24.17579194742905,7.067941181903181,1.9696969696969697,data/SYNTHETIC/03661.csv,55.03487234342987
46.64339694485619,25.68857910282461,20.954817842031584,1.5390913653987734,0,0,3.1122763582436304,0.4142503586620989,0.11830392088889419,1.5607572994350998,0.17528306418988523,30.276685283275583,29.357704227092448,0.4740957966764414,data/SYNTHETIC/03662.csv,45.10430557945742
13.307606883818409,7.490549450870441,5.817057432947967,1.7984175804740152,0,0,3.1055717867187744,0.1886493821610665,0.0858555974168412,0.995738756901756,0.17683627859653805,15.830223512395028,13.294619313546374,0.6402737047898341,data/SYNTHETIC/03663.csv,11.509189303344392
74.11369237727394,43.53163250953175,30.582059867742196,10.507499417413644,0,0,3.1122763582436304,2.1085626342284347,0.8123161284911236,2.5998182141682213,0.4354007693894111,33.14514084625821,31.498438272867208,1.8719452590420333,data/SYNTHETIC/03664.csv,63.606192959860294
59.73927322994767,38.78445538791608,20.954817842031584,7.080747289715747,0,0,2.4662918468112376,0.6856638545703944,0.07513494728638624,6.867643241151213,0.5476116399698876,33.116966816166865,30.96056610247808,0.9254735603225004,data/SYNTHETIC/03665.csv,52.658525940231925
58.51261869260174,34.17868679627225,24.33393189632949,6.538907444052956,0,0,3.1122763582436304,0.78411225490892,0.11543930547717317,2.287075348746113,0.3363897493016399,34.11261008747843,33.761707041581154,0.591397849462366,data/SYNTHETIC/03666.csv,51.97371124854878
46.63835194745527,36.6470948003746,9.991257147080667,13.713213885368507,0,0,2.70989273567718,1.1341756688321634,0.10564482638731984,3.4985174918766035,0.47516985623804514,12.01362516791018,8.743525201196782,0.8553274682306942,data/SYNTHETIC/03667.csv,32.92513806208676
73.06122166972489,40.8578576100907,32.20336405963419,11.089821357271681,0,0,3.1122763582436304,1.9810657790915256,0.5369627165425889,2.361389118897566,0.4045903278311357,30.725035455257412,29.953958729699902,1.9501466275659824,data/SYNTHETIC/03668.csv,61.971400312453206
68.53412827373126,41.37668435045833,27.15744392327293,2.4047092453634775,0,0,3.1122763582436304,0.2059216006864533,0.080533610467736,1.101614571787758,0.2035228912145503,33.316411131299986,31.48087772880921,0.4154447702834796,data/SYNTHETIC/03669.csv,66.12941902836778
59.920579115409566,30.86163515024255,29.05894396516702,3.458807222199384,0,0,2.902636863004534,1.3183525381710024,0.219685607358046,2.055972239477397,0.25211288119089376,33.39590032989856,33.18465949500567,1.5395894428152492,data/SYNTHETIC/03670.csv,56.461771893210184
24.844631188177217,15.464057303921482,9.380573884255737,0.493737661045455,0,0,2.0380645079195827,0.2840542479500086,0.13253302273530557,0.859176224792797,0.09201291360712419,19.4793390758903,17.43994998250797,0.3372434017595305,data/SYNTHETIC/03671.csv,24.350893527131763
131.77556909265286,52.444220997208376,79.3313480954445,42.423332449484974,0,0,3.1122763582436304,3.332646841215738,0.3641912554986462,5.334536884050155,0.7207922436270955,7.671369086444264,3.522163619332418,3.484848484848485,data/SYNTHETIC/03672.csv,89.35223664316788
17.88448229635749,10.091684895446539,7.792797400910952,3.627088221071252,0,0,2.088873843782144,1.351019777841013,0.4814154689959176,1.4984508535860763,0.23343263866013486,15.698274278785734,12.853963938268596,1.4661615920934117,data/SYNTHETIC/03673.csv,14.257394075286237
39.55194383957235,25.259560653144398,14.292383186427953,4.461577851250664,0,0,2.4433275091184075,1.292989655992449,0.4065097706374903,1.909826521301482,0.271390502067509,20.94643177376757,18.372318746930933,1.3343108504398828,data/SYNTHETIC/03674.csv,35.090365988321686
10.76314762701782,7.388823245369533,3.3743243816482873,3.1903553434810865,0,0,1.357750988249186,0.5999233121334394,0.06160558345954871,2.2667629303961165,0.21906083780343094,7.246869350119181,-0.0529061363277808,0.5882780881891401,data/SYNTHETIC/03675.csv,7.572792283536734
48.460081088484586,26.307845084051184,22.152236004433398,3.203578365773561,0,0,2.9663372730043447,1.0758032322845512,0.40078568454451036,1.3165985907785471,0.2291159087220458,30.626720602039914,30.030763781335207,1.129032258064516,data/SYNTHETIC/03676.csv,45.256502722711026
58.00533383941944,36.55478487815351,21.45054896126593,0.9782208243748625,0,0,3.1122763582436304,0.1434519549150312,0.048603941306088715,0.8148501440312219,0.1411231172773715,33.002036430067804,32.76743383363848,0.3816992681014048,data/SYNTHETIC/03677.csv,57.02711301504458
30.01855486170649,16.17640090434161,13.84215395736488,0.5955503244052889,0,0,2.1860109726962627,0.4580482470468017,0.1597267264473164,0.5633009624881946,0.10497461073636855,25.80177981669417,24.214016904289583,0.5229716520039105,data/SYNTHETIC/03678.csv,29.423004537301203
21.170227747451754,13.030179079444284,8.140048668007468,0.40386569556915597,0,0,2.9495524870727383,0.2552878282510599,0.11031210562622654,0.520657344025553,0.09490533751639696,19.786927088717846,19.438686254391943,0.3176930596285432,data/SYNTHETIC/03679.csv,20.7663620518826
50.79612316602757,26.198759273969653,24.597363892057913,27.57010001408097,0,0,3.1122763582436304,2.4241374510996048,0.49207907233020093,3.8103407840912396,0.563416760113106,8.00908716704518,1.8109092553922403,2.3900293255131966,data/SYNTHETIC/03680.csv,23.2260231519466
41.793583233544155,26.81148718557276,14.982096047971394,4.729783160054598,0,0,2.671449564377719,0.6975035086269683,0.13654407082735698,1.9119608260727887,0.2843403186333213,22.58088925472232,19.45682555594011,0.7282502443792769,data/SYNTHETIC/03681.csv,37.06380007348956
60.91389046295073,37.090058703804395,23.823831759146334,4.892861880573985,0,0,2.6209556475457956,0.8673583915081697,0.28348985961194423,2.371972917223507,0.2883342056384765,29.386696201452192,26.88999321139024,1.423780974554269,data/SYNTHETIC/03682.csv,56.02102858237674
43.93183669736928,26.485454071174985,17.446382626194293,1.905024377676832,4,2,3.1122763582436304,0.3042947187367579,0.05051996649304103,1.6067924548193449,0.1899061382196557,30.1123511008084,26.149283517196658,3.8367546432062554,data/SYNTHETIC/03683.csv,42.026812319692446
44.59557427047159,31.282679140888312,13.312895129583271,2.8334105484611722,0,0,3.1122763582436304,0.3752608723707422,0.08450981741959072,1.9968475576220759,0.23656646608545523,21.010774724898006,14.19860953302678,0.5718475073313787,data/SYNTHETIC/03684.csv,41.76216372201041
50.670858963413465,32.55152732994935,18.11933163346411,1.0196088009474864,0,0,2.7880431034289197,0.1316403086285724,0.042699438050239145,0.5405213963497089,0.1355502103112024,31.104358775598474,30.812845382925342,0.29814271749755594,data/SYNTHETIC/03685.csv,49.65125016246598
65.98924539383421,36.78900608550381,29.20023930833041,1.7342112261244154,0,0,2.529326400480798,0.1768565072348517,0.03990693747655234,1.1967299841493668,0.21162481227944943,29.62420891262723,29.153392817465377,0.2590420332355814,data/SYNTHETIC/03686.csv,64.2550341677098
5.907065276326868,3.4739115703264005,2.4331537060004673,0.3600237474568023,0,0,1.416234335926909,0.2484250650518884,0.053674575868276925,0.699559559251794,0.07054594318145088,8.17349608911879,3.4329748264271585,0.27859237536656867,data/SYNTHETIC/03687.csv,5.547041528870066
69.33431450133605,49.58888900333024,19.74542549800581,11.686424459014091,0,0,3.1122763582436304,1.6768055514248097,0.45275985374104893,3.2406007755590673,0.43244212277982974,7.761425372729452,1.8833078364660671,1.5786901270772238,data/SYNTHETIC/03688.csv,57.64789004232196
39.90544280215542,24.34140152725676,15.564041274898658,2.4216417539330584,0,0,1.783258766513794,0.2158317060382371,0.07262117392014424,1.4121294505175859,0.21726646697090274,26.174989353523728,25.989884036269203,0.29814271749755594,data/SYNTHETIC/03689.csv,37.48380104822236
0.3340729668199391,0.25743820442622356,0.07663476239371551,0.0004232486962639913,0,0,1.46866855682029,0.0077850787600759,0.0019347375102944531,0.024266337134447997,0.0026740926599505468,1.3758881449503195,-0.0502554310894662,0.03421309872922773,data/SYNTHETIC/03690.csv,0.3336497181236751
27.119631011127055,17.731872617896904,9.387758393230149,0.4931106825020725,0,0,2.4552868372683747,0.176754862270839,0.047759912273875306,0.614399385277856,0.09800330043348997,20.242694691167554,16.562646100811936,0.35679374389051777,data/SYNTHETIC/03691.csv,26.62652032862498
8.513031688394879,6.338520305473201,2.1745113829216773,1.6705996261802107,0,0,2.717367819912728,0.3539419072489916,0.025187261378013935,1.6452031152513702,0.15445093836230803,3.182761927030916,-0.0499068715434502,0.48387096774193505,data/SYNTHETIC/03692.csv,6.842432062214668
72.07074338113623,49.396433057895614,22.674310323240608,8.20165182492553,0,0,2.8244066713402125,0.917625127058824,0.37105897786236897,1.8039470638324389,0.35715530691932135,22.97769373236649,12.390968382210511,1.638974097173231,data/SYNTHETIC/03693.csv,63.86909155621069
19.094843280234137,11.773828635309505,7.321014644924634,0.33622349341733637,0,0,1.982355003255773,0.1528670514969428,0.04789479522021676,0.583945305130338,0.08038727882556788,19.46918960597703,9.370459134386596,0.23949169110459412,data/SYNTHETIC/03694.csv,18.7586197868168
17.2768101696694,11.795029822193937,5.481780347475461,1.3564263420474387,0,0,3.1122763582436304,0.4703494288899129,0.073921024041887,1.3599803978351037,0.15495808001791847,15.744071101411397,13.310695271313753,1.744868035190616,data/SYNTHETIC/03695.csv,15.920383827621961
51.925991282679135,30.16890327183829,21.757088010840846,4.686203824547576,0,0,3.1122763582436304,1.3823443713453816,0.5500350445929265,1.569687229694865,0.2740937708443705,30.34124211634901,28.71246480371804,1.5102639296187688,data/SYNTHETIC/03696.csv,47.23978745813156
43.48987906449719,25.39928546693072,18.090593597566468,2.2822982567523127,0,0,2.5767602163763494,0.2522023949989347,0.07122969818901137,1.720095130459657,0.21663510215997386,31.79415672551001,29.944127733649143,1.0597525112038808,data/SYNTHETIC/03697.csv,41.207580807744876
56.95388745804384,40.85340284638917,16.10048461165466,11.878500392259667,0,0,2.4406245530719737,0.7414979198992732,0.08753756986526483,4.4508174166581105,0.4413450713560568,21.6099448705357,19.69432219077145,0.7809901208418392,data/SYNTHETIC/03698.csv,45.07538706578417
28.834575124403663,13.871637767030698,14.962937357372965,4.465570617505469,0,0,2.673851706142073,1.1813906373019318,0.2508869431385269,1.5205441976395309,0.2762476299830734,25.766309550803456,25.21991785243025,1.265884652981427,data/SYNTHETIC/03699.csv,24.369004506898193
41.99291378239019,26.555798832706103,15.437114949684089,3.9577736344647336,0,0,2.846692179153072,0.7511234692233537,0.29155953651239275,1.758936087751749,0.25686471777165465,23.15374372450685,19.895948878876208,0.7575757575757578,data/SYNTHETIC/03700.csv,38.03514014792545
47.35408612611411,29.091064313161763,18.263021812952353,17.997808507676627,0,0,2.2224802245802477,1.2266419037207863,0.14910900815401343,3.0554833476887233,0.508730267187211,17.948721849762197,7.357401858255445,1.1094819159335287,data/SYNTHETIC/03701.csv,29.356277618437485
30.97862631384003,17.658546675282356,13.320079638557674,1.4803367755511123,0,0,1.8605200076378976,0.2123119428339782,0.04836169571451862,0.9292266486674589,0.17591728468736195,28.680934277286426,27.091092143236207,0.3097099419720015,data/SYNTHETIC/03702.csv,29.49828953828892
15.374427269225013,8.077360987548403,7.29706628167661,4.797544641247145,0,0,3.1122763582436304,0.9947621180284048,0.2435163651092179,1.557965478668627,0.27330361251109064,12.60224358226201,10.051718715817527,1.744868035190616,data/SYNTHETIC/03703.csv,10.576882627977866
41.53187460598027,27.122144439636926,14.409730166343342,6.093098380573172,0,0,1.9928131120363708,0.8633408490300434,0.3745302915282538,2.9280257367212967,0.30331858772204295,27.14383370532936,25.99486794456546,0.9042033235581624,data/SYNTHETIC/03704.csv,35.438776225407096
48.68866212988192,26.179595513052767,22.509066616829152,13.539119838918657,0,0,2.7119315072165397,1.5584306314937406,0.719952082784697,3.871435234368377,0.48030747934568374,23.67942623972549,21.756196197163646,1.5395894428152492,data/SYNTHETIC/03705.csv,35.14954229096326
86.91947755943276,47.40707303649795,39.512404522934816,18.02973504977414,0,0,3.1122763582436304,2.914076857309692,0.7729654021105375,2.903373097349662,0.4863415863819832,30.18743022620696,29.79777336598104,3.0254154447702835,data/SYNTHETIC/03706.csv,68.88974250965862
92.39307011907262,56.518421973514485,35.87464814555813,27.038417666195695,0,0,3.1122763582436304,1.419993432935729,0.44406278272728433,3.862763288493465,0.6421453389050915,25.788914367485255,12.781580996249936,1.8328445747800588,data/SYNTHETIC/03707.csv,65.35465245287692
66.18272960523662,52.295073757700465,13.887655847536157,13.977944100272715,0,0,3.1122763582436304,2.1058138651060387,0.7037521685030186,3.8882044553364024,0.48106787072731266,11.543246917442342,10.439985846002765,1.8132942326490715,data/SYNTHETIC/03708.csv,52.2047855049639
52.09081513859874,29.466796378178984,22.624018760419755,5.868521034863647,0,0,2.9822337420664407,0.7965045280700024,0.43142858629136405,2.7172123408660807,0.33574170382667295,32.23286967470177,29.173207165966943,0.8553274682306942,data/SYNTHETIC/03709.csv,46.222294103735095
38.236213892933165,20.99578719067193,17.24042670226124,2.151587183140447,0,0,2.975714956538018,0.797687461755443,0.3073737202535425,1.243036142229761,0.19198220104338426,29.341351131379884,27.352242239252924,0.8455522971652005,data/SYNTHETIC/03710.csv,36.084626709792715
10.894114756778308,7.447945285385914,3.4461694713923943,0.628089099954899,0,0,1.907162836554202,0.2055699091180555,0.04504007426419605,0.8537823204253179,0.1005174372122518,10.554680267305743,5.2628471599239575,0.3861192570869987,data/SYNTHETIC/03711.csv,10.266025656823409
210.57024924426588,136.5985448437319,73.971704400534,102.1783469094477,0,0,2.9976009695923214,2.7469692300197885,0.18207636164198904,11.55172747340558,1.2358485356880962,34.54453847335216,33.25268795667306,1.7546432062561097,data/SYNTHETIC/03712.csv,108.39190233481818
32.70487874504824,22.55316756420573,10.15171118084251,7.320561994605162,0,0,3.1122763582436304,1.4610477677324685,0.16683922845676985,2.8983023664000718,0.34489240427749457,13.826404683233177,13.490432217993746,1.3831867057673506,data/SYNTHETIC/03713.csv,25.384316750443077
77.21425338951286,40.28827209736597,36.92598129214689,5.719660382285629,0,0,2.979378142246891,1.6128355610501115,0.5478314510528569,2.2322659235798756,0.30811733010504555,34.72759906194477,34.05317612120344,1.7155425219941352,data/SYNTHETIC/03714.csv,71.49459300722724
50.49965143334435,32.0234891874845,18.476162245859847,1.7851541114764222,0,0,3.1122763582436304,0.2826524481983545,0.11492809571057429,0.928590360673613,0.18261274014721743,31.580917083915125,31.130727419200227,0.45454545454545414,data/SYNTHETIC/03715.csv,48.714497321867924
19.795301387220352,16.157545009843666,3.6377563773766872,3.2962469433208343,0,0,3.1122763582436304,1.808153725878534,0.13776019579228638,1.2266428446516797,0.23007918633407898,4.472269636211314,-0.0637661812592482,2.5562072336265884,data/SYNTHETIC/03716.csv,16.499054443899517
51.02254895901561,31.988389849476494,19.034159109539114,27.959183711735996,0,0,2.9870110006851927,2.390296890303148,0.46606040401091975,7.705344466927608,0.6870356023823495,17.848457058957514,12.441063256882272,2.3313782991202348,data/SYNTHETIC/03717.csv,23.063365247279613
34.24282775671832,17.36402133950247,16.87880641721585,3.663937002613916,0,0,2.589776651359593,1.3688642429560125,0.3932233395014215,2.0258551763433075,0.24720559365120742,26.288522695331423,25.978189336456293,1.4711632453567933,data/SYNTHETIC/03718.csv,30.578890754104403
53.08252015328682,28.00618899626821,25.07633115701861,7.243028837794135,0,0,2.6737535068195446,1.0682520455151658,0.34817697352062466,2.3167185185093784,0.3938426955672254,32.06416410160751,31.07269959405474,1.129032258064516,data/SYNTHETIC/03719.csv,45.83949131549269
65.45609769005469,37.953797336010034,27.50230035404465,2.465277730093774,0,0,2.9383879092616345,0.1807945741103042,0.05920983722907762,1.4363307041818147,0.22708860804998499,33.38016202518655,32.2473639916505,0.3079178885630496,data/SYNTHETIC/03720.csv,62.990819959960916
58.26751426794884,38.562800987464726,19.704713280484114,7.255850518565213,0,0,2.6980510872429435,1.2039774090366062,0.2962003978434652,2.8012992348366565,0.3412056620677565,28.86776584906494,26.48150043838765,1.3343108504398828,data/SYNTHETIC/03721.csv,51.01166374938363
29.506511979322674,18.605217028816647,10.90129495050603,1.0913555640983106,0,0,2.674737861330809,0.2996698366763954,0.06051996153100414,1.077521669679127,0.14337961153916298,20.45742136408626,7.550285112830926,0.3665689149560114,data/SYNTHETIC/03722.csv,28.415156415224363
43.756663195078886,21.97083714834045,21.78582604673844,4.092046250716978,0,0,3.1122763582436304,1.399216948800408,0.8178087982029618,1.6662242083256396,0.25165899747493053,31.195354722708256,30.97637813450164,1.3831867057673506,data/SYNTHETIC/03723.csv,39.66461694436191
37.89795201742402,23.0954686938129,14.802483323611115,2.9180148778342883,0,0,3.1122763582436304,1.0593297774087986,0.15693983560590882,1.3340062913413975,0.22271152416701218,24.70921936901652,23.938010275587203,1.6237963183095372,data/SYNTHETIC/03724.csv,34.97993713958973
52.909752690842815,30.280944257773484,22.62880843306933,5.585843557697055,0,0,2.688391248448579,1.3745658816296449,0.35718571313683967,1.7486207059478343,0.326234362144154,30.262424586046826,29.87711587019294,1.2756598240469206,data/SYNTHETIC/03725.csv,47.32390913314576
56.071832524674704,33.74477346853063,22.32705905614407,9.669803909097087,0,0,3.1122763582436304,1.840083227183028,0.5239176313410437,2.8880937423680697,0.3922782774553274,27.428536079675165,25.908756768053287,1.6080156402737051,data/SYNTHETIC/03726.csv,46.40202861557762
107.00511168011536,62.070797717825165,44.93431396229019,28.65652380047927,0,0,2.9693208700331537,1.8737433933130148,0.6420928975767456,4.940238769988821,0.6669451313851738,32.35368782702342,28.742859335733208,1.7057673509286415,data/SYNTHETIC/03727.csv,78.34858787963609
46.03113767370154,26.573092534672192,19.458045139029345,6.562321612989999,0,0,2.6380628563244786,1.0476689077068977,0.36402671346651927,3.3580324071055965,0.34117238012792545,26.94410105307018,26.823432637078565,1.1192570869990224,data/SYNTHETIC/03728.csv,39.46881606071154
32.50900577477075,19.95287892382542,12.55612685094533,3.277850799441554,0,0,2.918994012537822,1.233549078318942,0.21567690532503103,1.7750855800559073,0.24167585644986106,19.308288971971983,17.255218067018177,1.487391125450903,data/SYNTHETIC/03729.csv,29.231154975329193
31.50617550423668,18.27470480969672,13.231470694539963,4.1050666852219475,0,0,2.0899425878694156,0.9314076399124503,0.25809388299851405,1.6390948536793153,0.2644720260914952,23.415456520677427,21.71462984084244,0.9530791788856305,data/SYNTHETIC/03730.csv,27.40110881901473
83.4448736297252,47.747443372202525,35.69743025752267,2.248347873211542,0,0,2.771297866852181,0.7296249602098714,0.34033205755352797,0.9295095859940539,0.1858410113165335,33.62911444909133,33.017356065495555,0.8944281524926687,data/SYNTHETIC/03731.csv,81.19652575651365
62.95272029283184,37.28965423623634,25.663066056595508,5.6577404332112256,0,0,3.1122763582436304,1.369129870114822,0.6938359213838424,2.3792492289964606,0.32085050469657034,28.838847835002703,27.6650542514532,1.559139784946237,data/SYNTHETIC/03732.csv,57.29497985962062
24.2489156650548,17.36376123124442,6.885154433810378,0.16627702111834414,0,0,2.4271025561692396,0.0658449344562393,0.022534387743530164,0.427442790444049,0.05904419425770243,12.82602732145806,12.073556688159512,0.32746823069403685,data/SYNTHETIC/03733.csv,24.082638643936455
41.60085177288981,21.08428897829729,20.51656279459252,3.3300463807086924,0,0,2.895469427252696,0.4838565832854922,0.12017807146110972,1.246091012084523,0.23729350479095543,30.427039025148062,27.814829984512507,0.6109481915933532,data/SYNTHETIC/03734.csv,38.27080539218112
29.844224013743094,20.087660826493188,9.756563187249904,0.3970730089213022,0,0,1.9940041377678723,0.1322880265251624,0.026669623392751744,0.666290428054761,0.08510140342398086,11.143465417477818,-0.0579293111711132,2.6441659528258605,data/SYNTHETIC/03735.csv,29.44715100482179
47.578787757888634,25.309204773539797,22.26958298434884,1.825856685934148,0,0,2.1995985346429707,0.7096643857862488,0.4656013195187198,0.9447458105660134,0.1853589894711233,31.33621174117182,28.566059459348875,0.8162267839687196,data/SYNTHETIC/03736.csv,45.752931071954485
44.763411727589414,22.718943357772183,22.044468369817228,0.7494805157800122,0,0,2.136782871562788,0.2210452849125496,0.08619542986198848,0.6372320065718599,0.11804571148642257,31.078443130120345,30.41846486122381,0.32746823069403685,data/SYNTHETIC/03737.csv,44.0139312118094
66.22745003574835,37.68818555306373,28.53926448268461,1.2249908492183266,0,0,2.630912680445536,0.1977023111394949,0.06575238976849947,0.9613023948085638,0.15132601064102075,29.056016028076783,28.50738352723257,0.4936461388074287,data/SYNTHETIC/03738.csv,65.00245918653002
28.215302778740007,17.963008472255737,10.25229430648427,12.237069999797631,0,0,3.1122763582436304,1.4620808220469226,0.3171175425850562,3.7613545064607243,0.45982090916985413,9.31342148576,0.0,1.490713587487781,data/SYNTHETIC/03739.csv,15.978232778942376
50.61303063531722,32.211108315526275,18.40192231979095,6.221534008653807,0,0,2.9467521930154454,0.6719258754316826,0.22361003140138,3.644936119013178,0.3765467958831398,28.23990865260396,27.899312607368948,0.5425219941348978,data/SYNTHETIC/03740.csv,44.39149662666342
62.638246771351355,37.64094521305121,24.997301558300144,6.404658525330381,0,0,3.1122763582436304,1.1051660108637282,0.27594616658287646,1.9811477953720624,0.3205868016278524,32.12852915848284,29.582208310720407,1.0312805474095796,data/SYNTHETIC/03741.csv,56.23358824602097
43.590076477087166,26.22990795858577,17.3601685185014,11.755664296135526,0,0,3.1122763582436304,1.7119817377980042,0.36013077850229364,2.5806501420786208,0.45095784065743705,20.84780683579719,14.28693735006611,1.6568914956011733,data/SYNTHETIC/03742.csv,31.834412180951638
54.793283212393234,34.42759510626334,20.36568810612989,4.250099546604012,0,0,3.1122763582436304,0.2504367346047346,0.07707008403102533,1.645204342625732,0.27685384395799584,31.959455771622398,31.17086182485,0.32746823069403685,data/SYNTHETIC/03743.csv,50.54318366578922
62.802090938343596,42.84591984375511,19.956171094588484,17.23052794804005,0,0,3.1122763582436304,1.0550247672332562,0.2096035701592421,4.094905576581191,0.5728093113096926,25.632185863336957,16.754803517691414,4.026519317421462,data/SYNTHETIC/03744.csv,45.57156299030355
71.31116039248371,42.96108797945858,28.350072413025135,8.713827085203512,0,0,2.912222982192553,1.0670343990529048,0.1419344762536803,3.3534892739609865,0.3765932597783655,32.656287858704054,30.223447920603103,1.2561094819159337,data/SYNTHETIC/03745.csv,62.5973333072802
9.662474291384266,5.873843225544955,3.7886310658393105,0.552692509995742,0,0,1.2254339687069074,0.1800017645953327,0.05435071388811166,1.021566965203279,0.1002549315311836,12.561938159028907,3.738015989789821,0.7586950987881412,data/SYNTHETIC/03746.csv,9.109781781388524
67.5150590384258,55.35647501739787,12.15858402102794,39.956538443739575,0,0,2.681253944869524,1.1941909195422098,0.15705573861302638,6.221729376913654,0.9821173226363107,13.31430811295925,4.886431553334428,0.9237536656891496,data/SYNTHETIC/03747.csv,27.55852059468623
43.4083686853633,26.20386452797417,17.204504157389128,0.9334510941251191,0,0,2.3451858400589134,0.3851954962245022,0.11857095883117098,0.81431621124704,0.13917959628105941,30.366654523881476,29.22129763534073,0.42521994134897323,data/SYNTHETIC/03748.csv,42.47491759123818
33.030275419264775,20.423857005498565,12.606418413766212,7.029973780376208,0,0,3.1122763582436304,1.0707387856186648,0.18140349739523567,3.6055158301907633,0.38226189376632563,21.807024376509425,14.513657507311326,0.9628543499511242,data/SYNTHETIC/03749.csv,26.000301638888565
49.726004056860006,30.021290776375903,19.704713280484103,2.8421096694997114,0,0,2.2664253919880895,0.9171110794971226,0.06988905800027714,2.130931835564017,0.23007817811072967,29.103121761203138,27.626405231254413,0.9042033235581624,data/SYNTHETIC/03750.csv,46.88389438736029
29.355858809011856,18.514434766625914,10.841424042385944,4.4537180597642685,0,0,2.195315321764945,0.738419729907342,0.07344937354788234,2.0300485183256356,0.25026259873590684,19.84908226297884,16.057804854998192,0.6402737047898341,data/SYNTHETIC/03751.csv,24.902140749247586
43.38089657784727,23.604338207619044,19.77655837022822,7.254578506211778,0,0,2.999664167671259,1.2679350292254838,0.15265798297145344,2.4668885797081868,0.34489527099753364,25.822500718647337,24.844438771238966,1.1779081133919842,data/SYNTHETIC/03752.csv,36.12631807163549
51.75874799668122,30.119006965755812,21.639741030925414,1.209284445454266,0,0,1.9565927701461518,0.1333471788568476,0.03412316657231829,2.260927872599472,0.19937440688105518,32.21501403616348,32.06603387044686,0.45454545454545414,data/SYNTHETIC/03753.csv,50.54946355122696
51.000809932229714,28.731226947880955,22.269582984348762,1.8513772522019374,0,0,1.2823256108282692,0.183236325486002,0.049875470318780014,1.480661905885448,0.22579980301540237,30.808231441460585,28.651896663205704,0.6623780514865144,data/SYNTHETIC/03754.csv,49.14943268002778
44.212646111242954,30.818326546616344,13.394319564626608,7.148197959249642,0,0,3.1122763582436304,1.4333391425836812,0.207979745165286,1.646123566438446,0.3096884689504836,18.41582599231703,1.735799139362605,1.7937438905180842,data/SYNTHETIC/03755.csv,37.06444815199331
81.50853928776267,58.304970136740465,23.203569151022208,19.574006171773206,0,0,3.1122763582436304,2.324670664656268,0.8231362839011865,2.8231607493644484,0.5407050986215325,23.89474259504428,21.731882914031544,2.1847507331378297,data/SYNTHETIC/03756.csv,61.93453311598947
25.349776062832802,16.02907308669714,9.320702976135665,2.5619791330839083,0,0,1.7122544461334863,0.7742201002634117,0.13156462185106535,1.62687297763277,0.22288691487229406,18.33571433540284,16.330828969314858,0.669599217986315,data/SYNTHETIC/03757.csv,22.787796929748893
21.357737763602536,13.47393658234905,7.883801181253489,2.758153840694139,0,0,1.9483173194867665,0.7685026674062939,0.21471587677686998,1.5798794476843596,0.21193742645050587,14.63965919010031,4.494025013966205,0.7184750733137832,data/SYNTHETIC/03758.csv,18.599583922908398
52.587229761925414,28.00423488781635,24.582994874109065,4.737936913539325,0,0,2.0838269125552804,1.1550380995204403,0.3695873577457223,2.0569093153073226,0.2849035604488221,33.44686370719598,31.261065975487263,1.3695893143629754,data/SYNTHETIC/03759.csv,47.84929284838609
29.65558189307126,18.038230881448943,11.617351011622318,1.1106565204468384,0,0,2.88449244465309,0.7985336533455643,0.16320192817227366,0.9234112718263521,0.1477321273906156,26.167075792031373,24.642019811200903,1.0117302052785924,data/SYNTHETIC/03760.csv,28.544925372624423
173.0414878884083,96.6294452728994,76.4120426155089,51.66556958615368,0,0,3.1122763582436304,2.7223035121931494,1.2335980886665707,5.683764838234335,0.8870467745182036,29.146537496056734,17.02507305737257,3.3773216031280544,data/SYNTHETIC/03761.csv,121.37591830225463
79.10622502896524,42.937012015456254,36.16921301350898,4.839497204185499,0,0,2.521281589355334,0.8090489118847798,0.39604909754722667,1.412052265859775,0.30102114505408223,37.118543487021654,34.57036438403195,0.8455522971652005,data/SYNTHETIC/03762.csv,74.26672782477974
77.12191686671267,42.380026302786646,34.74189056392603,13.47383392052798,0,0,3.1122763582436304,1.8174819078285784,0.8496912819817947,3.804569436141605,0.4911173590947871,33.37402144095126,33.085619243014584,1.911045943304008,data/SYNTHETIC/03763.csv,63.64808294618469
7.804000311398747,5.0930455917210615,2.7109547196776855,0.4116411333921357,0,0,1.2656642473022848,0.1400138918846461,0.04740603245493728,0.542346046886395,0.0868594410311252,11.390703265900639,6.0603337072245065,0.4643206256109478,data/SYNTHETIC/03764.csv,7.392359178006611
53.1636318316034,29.129054475874373,24.034577355729027,0.8954400477018907,0,0,1.8351382100342433,0.188982466894222,0.047061597743569925,0.6464419181917841,0.13856157073976133,30.371501821867238,29.76465847707012,0.7869012707722387,data/SYNTHETIC/03765.csv,52.26819178390151
27.305067497064755,15.697295830741625,11.607771666323128,2.6256792040477013,0,0,3.080540376855917,0.7768546262333195,0.29950053902452733,1.2186621409026333,0.21862921634087043,22.643823016252956,20.315814411242087,0.7575757575757578,data/SYNTHETIC/03766.csv,24.679388293017055
23.427540964037387,15.735326688768172,7.692214275269214,7.254058278201054,0,0,3.1122763582436304,1.2434916849625703,0.43029265471024297,3.5569809205316902,0.3731313580588319,15.504414985010131,8.79112898414847,3.250244379276637,data/SYNTHETIC/03767.csv,16.173482685836333
77.65903025639746,53.617268391694004,24.041761864703453,19.552233203500947,0,0,3.1122763582436304,1.5203849757922572,0.3065622572833683,7.2941448000561175,0.6652930624018126,28.09108342935232,25.32150892175887,1.6811805919985905,data/SYNTHETIC/03768.csv,58.10679705289651
62.863452225730796,35.88083135416853,26.98262087156227,0.7576206752493462,0,0,2.8366672512140236,0.1227782079299887,0.04322584284982426,0.8235178781702069,0.13587326695414448,32.74254656189933,32.169416465589315,0.29814271749755594,data/SYNTHETIC/03769.csv,62.10583155048145
62.34186418972587,40.66859545025318,21.67326873947269,15.182193491279092,0,0,1.8635789351980043,2.177402861995545,0.4776067876922109,2.7221716037165034,0.49563923303289564,28.323942549321444,27.865691129870367,1.8230694037145652,data/SYNTHETIC/03770.csv,47.159670698446774
67.85879168830883,39.997265885543584,27.861525802765247,3.4253552658910627,0,0,3.1122763582436304,0.8931893387210936,0.381626336588214,1.4984553495070418,0.2531973336366289,34.239648883140326,34.01937353306545,0.9433040078201369,data/SYNTHETIC/03771.csv,64.43343642241777
57.60637767957584,31.15062079947033,26.455756880105508,4.584181258225734,0,0,2.994223977212897,0.5976502746258184,0.23704707902059885,1.7020659086012149,0.27951784008577507,30.546404390469515,29.140152623909703,0.6891495601173023,data/SYNTHETIC/03772.csv,53.02219642135011
53.43065306430995,27.853801115407396,25.576851948902558,1.9126956955211245,0,0,1.870793814127244,0.3635862678166645,0.10242369100730675,1.4689066997909,0.1995591214973672,29.114045671991594,28.24311487214848,0.5425219941348978,data/SYNTHETIC/03773.csv,51.51795736878883
54.03241195236188,31.204832104333864,22.82757984802802,10.226543593654009,0,0,3.1122763582436304,1.940524081380227,0.3962974638718007,3.605923634295405,0.451395288846394,27.594768556455794,22.544711993565297,1.8230694037145652,data/SYNTHETIC/03774.csv,43.805868358707876
4.909224351608884,3.098728090057355,1.8104962615515294,0.010992266876957748,0,0,1.2804575305640404,0.0292427732958608,0.004975431541300787,0.160275476924909,0.017018153103644462,4.996618385413252,-0.0425453848566239,0.19061583577712593,data/SYNTHETIC/03775.csv,4.8982320847319265
60.09627639069954,31.863550957589794,28.23272543310975,1.1826965779871303,0,0,2.7780442808306653,0.1546105170709784,0.05942692099024144,1.080800236802008,0.1496223924862759,33.86839764685501,33.048701697592335,0.3372434017595305,data/SYNTHETIC/03776.csv,58.91357981271241
44.58136218221685,24.938914646177636,19.642447536039217,4.078380916567799,0,0,2.2811468681862515,0.5568840908229703,0.08953579398269508,1.9440030998281725,0.2610732240905412,27.928949907567013,26.70329767090208,0.562072336265885,data/SYNTHETIC/03777.csv,40.502981265649055
46.25198623223469,28.25239641501075,17.999589817223942,3.3234682418148154,0,0,2.5031690564653126,0.7791054884292702,0.26633676094274544,2.000036580834715,0.26041879393192574,27.214404228627536,24.353846339250303,0.9530791788856305,data/SYNTHETIC/03778.csv,42.92851799041988
29.265079031967716,18.023717323339568,11.241361708628146,4.962698198190922,0,0,2.0840655608113505,0.6800177018910186,0.0908838565999854,2.8143094083365394,0.2868337085936471,22.755665039205322,22.436645576134385,0.6207233626588469,data/SYNTHETIC/03779.csv,24.302380833776795
44.558797222309444,32.6732245423091,11.885572680000344,13.35877494260111,0,0,3.1122763582436304,1.8279947344033336,0.3806941351572486,3.3624799200700872,0.4698233233408145,11.440725060961299,1.149430853847474,1.5884652981427179,data/SYNTHETIC/03780.csv,31.200022279708335
33.29404422773548,20.843290175081513,12.450754052653966,2.0500339085961237,0,0,2.974168724689246,0.2365163198067841,0.0631981923870484,1.118167601703341,0.2023973560006418,25.821180773127566,25.301687987568208,0.3079178885630496,data/SYNTHETIC/03781.csv,31.24401031913936
52.50151467437008,29.49911177463137,23.00240289973871,7.817949427130837,0,0,3.1122763582436304,1.587153249536138,0.6459556087840588,2.773622702592112,0.3599102749157444,28.968995422750584,27.783224288094537,1.7839687194525906,data/SYNTHETIC/03782.csv,44.683565247239244
46.55733379904905,29.23069298909491,17.32664080995414,1.4123506796045617,0,0,3.1122763582436304,0.7381498921555164,0.40868950447218844,0.6854460607346868,0.16698050808735515,29.288109330032135,28.9562587726298,0.806451612903226,data/SYNTHETIC/03783.csv,45.14498311944448
32.6748647510054,20.02773411971754,12.647130631287862,1.4053956402011036,0,0,1.5789426561001392,0.178949315326842,0.049040960326361634,1.142622080013135,0.16807417434892793,25.944338281342624,25.82076825571871,0.26881720430107503,data/SYNTHETIC/03784.csv,31.269469110804298
64.59114132723823,38.257521099697726,26.3336202275405,2.6156913456569804,0,0,3.1122763582436304,0.3333266734415324,0.07773388001524684,1.420019327954651,0.23118353455959947,31.679961512309372,31.539027395988253,0.5522971652003914,data/SYNTHETIC/03785.csv,61.97544998158125
51.647956836921935,26.82787316665727,24.820083670264665,4.415451893780299,0,0,3.1122763582436304,0.831426464996161,0.29832506072417053,1.3037032589474489,0.27591121451860856,31.402655334319935,30.606668696709296,0.8651026392961878,data/SYNTHETIC/03786.csv,47.232504943141635
56.291452066522496,38.24875519545209,18.0426968710704,6.04966573161818,0,0,3.1122763582436304,1.244854131470366,0.49458950212371017,2.4438378693601877,0.3202199451086851,25.573171132195444,25.36515463637157,1.265884652981427,data/SYNTHETIC/03787.csv,50.24178633490432
70.58983987249087,40.68551868466817,29.904321187822706,21.083944018545257,0,0,3.1122763582436304,0.8047702406031465,0.20830530113332366,6.82445965902537,0.7209285818307307,31.054227864735076,27.989838011002416,0.7380254154447705,data/SYNTHETIC/03788.csv,49.50589585394562
46.559515462273495,25.707675582208456,20.851839880065043,6.389555632289246,0,0,3.1122763582436304,0.9932263154264338,0.2694452352160506,1.7734639334573599,0.3498556297862477,31.193209398906493,30.55744286127604,1.0410557184750733,data/SYNTHETIC/03789.csv,40.16995982998425
44.10401741948567,26.17148301935624,17.93253440012943,2.1051098767595464,0,0,2.474169277888798,0.4621078251349826,0.11360757692479441,1.493235090748151,0.1954477631548757,30.383143831715564,29.79320698194517,0.5718475073313787,data/SYNTHETIC/03790.csv,41.99890754272612
16.67992442507418,10.70241295836437,5.977511466709809,2.095208145214081,0,0,1.9976484996316648,0.4760137358234947,0.06179455703770956,1.5946333702366529,0.16456651905576297,10.778585992789862,-0.0545379424789367,0.40566959921798595,data/SYNTHETIC/03791.csv,14.5847162798601
54.58544818450128,34.578985527091916,20.006462657409365,8.94492569388305,0,0,1.893340822574935,0.7238663191538862,0.15199117118452413,2.928441086932995,0.4093130926245926,26.344277628028202,23.048383833076443,0.7478005865102642,data/SYNTHETIC/03792.csv,45.64052249061823
46.71439632987054,30.374428085735484,16.339968244135054,12.666578908675422,0,0,3.1122763582436304,1.167125160422165,0.3384862609533943,2.50624243629183,0.46183300371170366,18.911328897111176,14.149819590124183,3.813929197766372,data/SYNTHETIC/03793.csv,34.04781742119512
41.89556799183826,25.831005925055646,16.064562066782614,2.7500176861996417,0,0,3.1122763582436304,0.2180867077165885,0.0818118082376248,1.1632781198513449,0.22955468003055415,29.86064935540345,29.356814758600308,0.6304985337243405,data/SYNTHETIC/03794.csv,39.14555030563862
60.66969938406282,30.861171649232276,29.80852773483054,11.851242193788524,3,3,3.1122763582436304,1.2509792462455656,0.1508592386155182,2.789244844632877,0.44697137929708247,33.327807053908025,31.87497929970033,5.0,data/SYNTHETIC/03795.csv,48.818457190274295
15.808332340925372,10.673803260546432,5.134529080378939,1.4119792876949517,0,0,1.5369967285418178,0.2470083838490634,0.04365295559004165,1.2749694876963606,0.1702384521167603,12.900182661061075,-0.056584628332786,0.2590420332355814,data/SYNTHETIC/03796.csv,14.39635305323042
47.88334056896003,28.209760160698348,19.67358040826168,14.548313098816562,0,0,2.2304767157663616,2.2658532287507698,0.9730056457456051,2.9387474086915755,0.502775930823376,25.86484109242705,24.76384802400192,2.067448680351906,data/SYNTHETIC/03797.csv,33.335027470143466
39.83353428086974,22.365598127752197,17.467936153117545,8.808005026713971,1,1,3.1122763582436304,1.2064926524899957,0.30629743151106537,2.967687151182512,0.3831131637231245,26.6246047022741,18.98808316282615,3.7194525904203317,data/SYNTHETIC/03798.csv,31.02552925415577
29.35826088996202,18.50965233860167,10.84860855136035,1.5901608045268758,0,0,1.4205383929571413,0.3087352695662949,0.05191588359677869,1.5685250124976469,0.17463133800828504,16.196767710141838,13.633799157439542,0.6826872626589869,data/SYNTHETIC/03799.csv,27.768100085435144
