seg,total,lat,jerk,jstar,floor,excess
data/SYNTHETIC/05000.csv,5.621741448753497,4.0076217658358635,1.6141196829176327,0.08941591975382697,31.329415919753824,-25.707674471000328
data/SYNTHETIC/05001.csv,93.83813677353152,56.114674985225044,37.72346178830648,3.8681046039870752,35.10810460398707,58.730032169544444
data/SYNTHETIC/05002.csv,42.78698576335789,24.227004246129887,18.559981517228003,20.80480573028108,52.04480573028108,-9.257819966923186
data/SYNTHETIC/05003.csv,55.192497419626456,32.03921983142515,23.153277588201306,1.0464519210711647,32.28645192107116,22.906045498555294
data/SYNTHETIC/05004.csv,62.856291680416234,37.02079740843489,25.835494271981347,6.7753690518580605,38.01536905185806,24.840922628558175
data/SYNTHETIC/05005.csv,44.43512346562734,20.285593966307687,24.149529499319655,24.431736819866785,55.67173681986678,-11.236613354239438
data/SYNTHETIC/05006.csv,50.15832466427256,24.389885809385696,25.768438854886867,1.619018926624503,32.8590189266245,17.299305737648062
data/SYNTHETIC/05007.csv,16.249306974325307,9.433602793934234,6.815704180391073,2.1737737935833947,33.413773793583395,-17.164466819258088
data/SYNTHETIC/05008.csv,49.88672953943244,29.188159184154834,20.6985703552776,1.9005544078028005,33.140554407802796,16.74617513162964
data/SYNTHETIC/05009.csv,14.551316816502881,8.897108253641557,5.654208562861324,2.7011479820912365,33.94114798209124,-19.389831165588355
data/SYNTHETIC/05010.csv,62.03415269136059,30.06308775523231,31.971064936128275,17.72152764114561,48.96152764114561,13.072625050214981
data/SYNTHETIC/05011.csv,19.325621870513096,11.573536687123813,7.752085183389283,1.6153230925544373,32.855323092554436,-13.52970122204134
data/SYNTHETIC/05012.csv,59.342621264100174,27.024305060875363,32.31831620322481,16.0612029850398,47.301202985039794,12.04141827906038
data/SYNTHETIC/05013.csv,44.68988136329452,23.157907966985242,21.531973396309272,15.066043328198523,46.30604332819852,-1.616161964904002
data/SYNTHETIC/05014.csv,22.067668039301353,13.534866214026092,8.53280182527526,0.6266165167046878,31.866616516704685,-9.798948477403332
data/SYNTHETIC/05015.csv,30.903562140130397,17.08056687336396,13.822995266766435,1.0150211754107463,32.25502117541075,-1.3514590352803495
data/SYNTHETIC/05016.csv,42.5232522420443,19.30291923674843,23.22033300529587,4.648790762228683,35.88879076222868,6.63446147981562
data/SYNTHETIC/05017.csv,23.422963866655103,13.208986941367703,10.2139769252874,11.866347411084043,43.106347411084045,-19.683383544428942
data/SYNTHETIC/05018.csv,31.7486949449532,14.965681980729483,16.78301296422372,8.774456302337049,40.014456302337045,-8.265761357383845
data/SYNTHETIC/05019.csv,59.59874686673716,31.057087547727747,28.541659319009415,0.8169788124074342,32.05697881240743,27.54176805432973
data/SYNTHETIC/05020.csv,36.319447079170246,20.65961235127942,15.659834727890823,8.317600242461156,39.557600242461156,-3.23815316329091
data/SYNTHETIC/05021.csv,103.6558816633069,60.745204395475774,42.91067726783113,66.10875921055353,97.34875921055352,6.307122452753376
data/SYNTHETIC/05022.csv,246.59300899963648,188.647429542872,57.94557945676446,83.32607326430114,114.56607326430114,132.02693573533534
data/SYNTHETIC/05023.csv,38.886046620942494,23.039414659717007,15.84663196122549,2.7640150598726936,34.00401505987269,4.882031561069802
data/SYNTHETIC/05024.csv,20.101564651518302,9.339170207850865,10.762394443667436,4.709991106736901,35.9499911067369,-15.8484264552186
data/SYNTHETIC/05025.csv,44.03479462092366,24.540826937022278,19.49396768390138,1.0033080171942423,32.24330801719424,11.791486603729425
data/SYNTHETIC/05026.csv,42.45658197307789,20.369006549414173,22.087575423663715,11.24522980249728,42.48522980249728,-0.028647829419391257
data/SYNTHETIC/05027.csv,110.14151867945188,50.69449658885188,59.4470220906,2.5560215588999298,33.79602155889993,76.34549712055195
data/SYNTHETIC/05028.csv,13.217393231730059,8.74623381332172,4.471159418408339,0.12825146544110214,31.3682514654411,-18.15085823371104
data/SYNTHETIC/05029.csv,115.91678805411222,47.85952710567432,68.0572609484379,69.78273265446958,101.02273265446958,14.894055399642639
data/SYNTHETIC/05030.csv,20.58883179384539,12.05602996857013,8.53280182527526,2.7188749203033087,33.95887492030331,-13.370043126457919
data/SYNTHETIC/05031.csv,32.65034446513445,19.59369682230517,13.056647642829287,0.9626973286214268,32.202697328621426,0.44764713651302657
data/SYNTHETIC/05032.csv,50.23541300150856,29.73321922486486,20.502193776643697,2.512087500817117,33.75208750081711,16.48332550069145
data/SYNTHETIC/05033.csv,47.68769652693264,28.890626213549115,18.79707031338353,1.9131864120410333,33.15318641204103,14.53451011489161
data/SYNTHETIC/05034.csv,34.18067708055824,17.914948762492106,16.265728318066135,3.221481248455715,34.46148124845571,-0.28080416789747176
data/SYNTHETIC/05035.csv,47.400347167300424,28.17939082442664,19.220956342873784,1.92956631187672,33.16956631187672,14.230780855423703
data/SYNTHETIC/05036.csv,87.51553363383368,47.02364105405418,40.4918925797795,29.97636996461948,61.216369964619474,26.29916366921421
data/SYNTHETIC/05037.csv,38.74123297748736,21.146370499155232,17.594862478332125,1.5400073630529434,32.780007363052945,5.961225614434412
data/SYNTHETIC/05038.csv,16.789919822921526,11.344062020318107,5.445857802603417,4.537244448651213,35.77724444865121,-18.987324625729684
data/SYNTHETIC/05039.csv,50.53857637710734,30.580010446194052,19.958565930913288,2.492532001223827,33.732532001223824,16.806044375883516
data/SYNTHETIC/05040.csv,39.97997846956315,27.050257151948465,12.929721317614687,2.374998300768435,33.614998300768434,6.364980168794716
data/SYNTHETIC/05041.csv,131.0799070521325,74.85393981839334,56.22596723373916,7.280907612166887,38.52090761216689,92.55899943996562
data/SYNTHETIC/05042.csv,28.41580472009037,15.890810741367488,12.524993978722884,4.040223454936895,35.280223454936895,-6.864418734846524
data/SYNTHETIC/05043.csv,65.6013976077029,33.939266557474326,31.662131050228577,4.940796176401779,36.18079617640178,29.42060143130113
data/SYNTHETIC/05044.csv,42.068476990541726,25.754851945979507,16.31362504456222,2.0529956868433166,33.29299568684331,8.775481303698413
data/SYNTHETIC/05045.csv,24.29529612718667,13.590377755314526,10.704918371872145,5.135619748194206,36.375619748194204,-12.080323621007533
data/SYNTHETIC/05046.csv,80.14895682116034,57.21360933851612,22.935347482644225,17.515980924301346,48.75598092430134,31.392975896859
data/SYNTHETIC/05047.csv,20.931477815814596,10.501965621294875,10.42951219451972,2.6434905752718825,33.88349057527188,-12.952012759457283
data/SYNTHETIC/05048.csv,47.5676176738815,28.092808680578518,19.474808993302986,2.3064898778318184,33.54648987783182,14.021127796049683
data/SYNTHETIC/05049.csv,13.919167676354416,7.134596368185775,6.78457130816864,1.2072721407563352,32.44727214075633,-18.528104464401917
data/SYNTHETIC/05050.csv,46.64869719969133,26.376407710228776,20.272289489462555,0.7879648085474905,32.02796480854749,14.62073239114384
data/SYNTHETIC/05051.csv,60.12728288358395,32.859676489370024,27.267606394213928,5.6567270201481445,36.89672702014814,23.23055586343581
data/SYNTHETIC/05052.csv,60.08314813798555,30.18361662281247,29.899531515173084,6.02805009076896,37.26805009076896,22.815098047216594
data/SYNTHETIC/05053.csv,47.68864765689236,23.390638305434926,24.29800935145743,5.1540133212144035,36.3940133212144,11.294634335677955
data/SYNTHETIC/05054.csv,50.461067464401026,28.3567281864637,22.104339277937324,5.864024099359673,37.10402409935967,13.357043365041356
data/SYNTHETIC/05055.csv,62.94475492267341,25.97566657668004,36.96908834599337,28.598117357230784,59.838117357230786,3.1066375654426253
data/SYNTHETIC/05056.csv,53.75393299340793,24.70456837354013,29.049364619867795,3.46335460022676,34.70335460022676,19.05057839318117
data/SYNTHETIC/05057.csv,57.59873252730683,32.13204304934525,25.46668947796158,0.813486397228911,32.05348639722891,25.54524613007792
data/SYNTHETIC/05058.csv,50.068506132089254,28.390447719966982,21.678058412122272,1.3713093664641596,32.611309366464155,17.4571967656251
data/SYNTHETIC/05059.csv,69.80299736233937,24.155022175257677,45.6479751870817,50.880621985698326,82.12062198569832,-12.317624623358952
data/SYNTHETIC/05060.csv,86.88790873557677,57.96547044092358,28.92243829465319,3.330311875417627,34.57031187541762,52.31759686015915
data/SYNTHETIC/05061.csv,22.25446724808203,11.14961120996768,11.104856038114349,9.08598177293719,40.32598177293719,-18.07151452485516
data/SYNTHETIC/05062.csv,67.736776970139,35.11671138998904,32.62006558014996,2.728148453676851,33.96814845367685,33.76862851646216
data/SYNTHETIC/05063.csv,32.1279327124775,19.286820338880535,12.84111237359697,2.5173020442993326,33.75730204429933,-1.6293693318218274
data/SYNTHETIC/05064.csv,6.305110968732628,2.7368048447752495,3.568306123957379,0.011585606275936399,31.251585606275935,-24.946474637543307
data/SYNTHETIC/05065.csv,81.7204288902015,38.663666606557356,43.056762283644154,31.187325723535338,62.42732572353533,19.29310316666617
data/SYNTHETIC/05066.csv,17.830717332125158,10.298957090617805,7.531760241507353,0.7671167821641339,32.00711678216413,-14.176399450038975
data/SYNTHETIC/05067.csv,27.844431265736173,14.057358543841792,13.787072721894381,2.940795343607041,34.18079534360704,-6.336364077870865
data/SYNTHETIC/05068.csv,42.307904992105684,30.836638996296394,11.471265995809288,1.062729208979889,32.30272920897989,10.005175783125793
data/SYNTHETIC/05069.csv,14.051263751550112,7.321773678851969,6.729490072698143,0.5761424512500926,31.81614245125009,-17.764878699699977
data/SYNTHETIC/05070.csv,19.125273570877276,10.82716570543276,8.298107865444514,1.2820008439741932,32.52200084397419,-13.396727273096914
data/SYNTHETIC/05071.csv,17.21820940156735,10.265999550662471,6.952209850904878,2.224173912056847,33.46417391205684,-16.245964510489493
data/SYNTHETIC/05072.csv,12.558059233192093,9.413639138724953,3.14442009446714,0.5351006341022477,31.775100634102245,-19.21704140091015
data/SYNTHETIC/05073.csv,22.66410479205004,12.926700295398563,9.737404496651477,1.5257594052584627,32.765759405258464,-10.101654613208424
data/SYNTHETIC/05074.csv,67.52303891633005,36.97929642978481,30.543742486545234,2.0971049081772484,33.337104908177245,34.185934008152806
data/SYNTHETIC/05075.csv,26.677559082863564,12.56957829344548,14.107980789418084,4.154512344450819,35.39451234445082,-8.716953261587253
data/SYNTHETIC/05076.csv,54.501860262369405,31.31984463827047,23.182015624098938,1.2098758857661183,32.44987588576612,22.051984376603286
data/SYNTHETIC/05077.csv,13.02321049931005,6.983433288155346,6.0397772111547035,0.461331599897975,31.701331599897973,-18.678121100587923
data/SYNTHETIC/05078.csv,85.58771789533752,45.390042932241755,40.197674963095764,25.416336931402192,56.656336931402194,28.931380963935325
data/SYNTHETIC/05079.csv,4.530664467251308,3.1632129257884465,1.3674515414628607,0.10513701267071353,31.345137012670712,-26.814472545419406
data/SYNTHETIC/05080.csv,36.38989969332649,21.271297974841303,15.118601718485186,2.5090304095698164,33.74903040956981,2.640869283756679
data/SYNTHETIC/05081.csv,48.941145564472414,23.83368153523137,25.107464029241044,2.0845256883118117,33.32452568831181,15.616619876160605
data/SYNTHETIC/05082.csv,2.997718031696726,1.694927071003562,1.3027909606931638,0.021249562993645266,31.261249562993644,-28.26353153129692
data/SYNTHETIC/05083.csv,35.30468538496737,25.727734922077726,9.576950462889641,5.9947503176248755,37.23475031762487,-1.9300649326575012
data/SYNTHETIC/05084.csv,29.42374892824263,17.708209627303372,11.715539300939257,0.4922279955422841,31.73222799554228,-2.3084790672996505
data/SYNTHETIC/05085.csv,0.98926029544902,0.7306179723702302,0.25864232307878987,0.00658497774766027,31.24658497774766,-30.257324682298638
data/SYNTHETIC/05086.csv,45.014596324220655,26.152865430067408,18.861730894153247,0.7078058597458449,31.947805859745845,13.06679046447481
data/SYNTHETIC/05087.csv,13.063230935068354,7.545528042720839,5.517702892347516,0.7662744318538562,32.00627443185385,-18.9430434967855
data/SYNTHETIC/05088.csv,43.87264582949665,16.5212201639146,27.351425665582052,25.50363494951147,56.74363494951147,-12.87098912001482
data/SYNTHETIC/05089.csv,50.833574223323495,26.58825127101176,24.24532295231174,1.545815538709732,32.78581553870973,18.04775868461377
data/SYNTHETIC/05090.csv,30.851833298926493,15.390769985994371,15.461063312932124,14.778604529190428,46.018604529190426,-15.166771230263933
data/SYNTHETIC/05091.csv,44.18271777854112,25.414385501055232,18.768332277485886,1.3892572859833239,32.62925728598332,11.553460492557797
data/SYNTHETIC/05092.csv,83.14891258112058,45.96428896589495,37.18462361522564,4.915026596367652,36.15502659636765,46.993885984752936
data/SYNTHETIC/05093.csv,11.325576126558653,6.291630171821461,5.0339459547371925,1.6286737476622992,32.8686737476623,-21.543097621103648
data/SYNTHETIC/05094.csv,1333.7490282141516,1017.278867806506,316.47016040764566,97.3267967551674,128.5667967551674,1205.1822314589842
data/SYNTHETIC/05095.csv,71.93370442739548,38.104246503219706,33.82945792417578,2.017359845370767,33.257359845370765,38.67634458202472
data/SYNTHETIC/05096.csv,42.866753286736866,22.098732678039962,20.7680206086969,0.765110332830671,32.00511033283067,10.861642953906198
data/SYNTHETIC/05097.csv,41.75986916020124,23.484873165624883,18.274995994576358,3.372889469110424,34.61288946911042,7.14697969109082
data/SYNTHETIC/05098.csv,41.35978684515538,21.887372688177198,19.47241415697818,12.326909556064946,43.56690955606494,-2.207122710909566
data/SYNTHETIC/05099.csv,60.5389433188429,27.257902913047094,33.28104040579581,14.750674833952884,45.99067483395288,14.548268484890016
data/SYNTHETIC/05100.csv,62.21999576783438,32.71561224625389,29.50438352158049,4.997399985053041,36.23739998505304,25.98259578278134
data/SYNTHETIC/05101.csv,23.65217152457045,15.564809255708662,8.087362268861789,6.6025043644103425,37.84250436441034,-14.19033283983989
data/SYNTHETIC/05102.csv,62.133747587764006,32.102500074726706,30.031247513037297,7.214032230391176,38.45403223039118,23.679715357372828
data/SYNTHETIC/05103.csv,0.6859782904305418,0.5710261468399686,0.11495214359057326,0.022623783938548293,31.262623783938547,-30.576645493508007
data/SYNTHETIC/05104.csv,30.672174677414183,9.746094871280214,20.92607980613397,16.610124840835287,47.850124840835285,-17.1779501634211
data/SYNTHETIC/05105.csv,13.057460947611336,8.959895995872362,4.097564951738975,0.10652796657206318,31.34652796657206,-18.289067018960726
data/SYNTHETIC/05106.csv,1.925856656867511,1.4684429188300219,0.4574137380374893,0.025800101727384783,31.265800101727383,-29.33994344485987
data/SYNTHETIC/05107.csv,19.266526514951494,12.321501173021025,6.945025341930469,0.21998464400348278,31.45998464400348,-12.193458129051987
data/SYNTHETIC/05108.csv,40.627640555486224,21.17917476175609,19.448465793730136,7.187016461170314,38.42701646117031,2.2006240943159128
data/SYNTHETIC/05109.csv,76.61277708164546,39.368282558299704,37.24449452334576,4.76440508903428,36.00440508903428,40.60837199261118
data/SYNTHETIC/05110.csv,19.272498795469655,12.380159852684866,6.8923389427847885,1.0230289007890896,32.26302890078909,-12.990530105319433
data/SYNTHETIC/05111.csv,23.37616469174894,13.562125432703748,9.814039259045192,0.703743427916546,31.943743427916544,-8.567578736167604
data/SYNTHETIC/05112.csv,75.2910702893821,39.92412744468239,35.36694284469971,3.0943752203013037,34.334375220301304,40.9566950690808
data/SYNTHETIC/05113.csv,59.49982107690937,31.15214350020903,28.34767757670034,5.825497406843586,37.06549740684358,22.434323670065787
data/SYNTHETIC/05114.csv,81.18342169126416,44.183200473048366,37.00022121821579,5.551586177985309,36.79158617798531,44.39183551327885
data/SYNTHETIC/05115.csv,66.44071444902619,33.02795804536613,33.412756403660055,30.252738539180683,61.49273853918068,4.9479759098455105
data/SYNTHETIC/05116.csv,9.112505875455046,5.901030363893406,3.2114755115616407,0.04033227648723581,31.280332276487233,-22.167826401032187
data/SYNTHETIC/05117.csv,14.960001629904646,9.772786150380028,5.187215479524618,0.8776544476799623,32.11765444767996,-17.157652817775315
data/SYNTHETIC/05118.csv,67.73124463128062,37.388668396018886,30.34257623526174,4.85305432033593,36.09305432033593,31.638190310944687
data/SYNTHETIC/05119.csv,30.006810285474018,18.06615637000322,11.940653915470795,1.0048178975376176,32.244817897537615,-2.2380076120635977
data/SYNTHETIC/05120.csv,28.280925666441696,12.786334644962324,15.494591021479373,14.653278391694437,45.89327839169444,-17.61235272525274
data/SYNTHETIC/05121.csv,42.98955298000228,26.690296953388888,16.299256026613392,11.0771960225741,42.317196022574095,0.6723569574281854
data/SYNTHETIC/05122.csv,11.564779699540914,6.830188285404177,4.734591414136736,0.4578682255257153,31.697868225525713,-20.1330885259848
data/SYNTHETIC/05123.csv,3.263019566163628,2.0919446033346625,1.1710749628289652,0.024191426045043273,31.26419142604504,-28.001171859881413
data/SYNTHETIC/05124.csv,30.568028309680525,17.056361765138533,13.511666544541992,4.480742142396089,35.72074214239609,-5.152713832715566
data/SYNTHETIC/05125.csv,41.85837823821843,23.094835633382143,18.763542604836285,1.5187046815566152,32.758704681556615,9.099673556661813
data/SYNTHETIC/05126.csv,38.841705106029806,20.63136969222312,18.210335413806686,4.775767677869433,36.015767677869434,2.8259374281603726
data/SYNTHETIC/05127.csv,40.202847465616514,21.515939623173953,18.68690784244256,1.8841584489988867,33.124158448998884,7.078689016617631
data/SYNTHETIC/05128.csv,30.86104791562596,18.051068414251432,12.809979501374528,6.292188905822147,37.532188905822146,-6.671140990196186
data/SYNTHETIC/05129.csv,6.871736877314977,4.793018947385444,2.0787179299295335,0.3657249044795378,31.605724904479537,-24.73398802716456
data/SYNTHETIC/05130.csv,66.9770830828713,35.360453922814024,31.616629160057286,3.526481970891131,34.76648197089113,32.210601111980175
data/SYNTHETIC/05131.csv,57.157097200787504,32.1454266245386,25.011670576248907,1.3041296353681675,32.544129635368165,24.61296756541934
data/SYNTHETIC/05132.csv,48.442952109166164,28.73105431970762,19.711897789458543,1.4256312614715312,32.66563126147153,15.777320847694632
data/SYNTHETIC/05133.csv,76.59155214867435,40.96117730824624,35.63037484042811,7.9767636023434765,39.21676360234348,37.374788546330876
data/SYNTHETIC/05134.csv,1.26727831829282,0.8122594165801342,0.4550189017126858,0.0013895599820257516,31.241389559982025,-29.974111241689204
data/SYNTHETIC/05135.csv,7.854909388435255,4.712884130292919,3.142025258142336,0.08942596915883026,31.32942596915883,-23.474516580723574
data/SYNTHETIC/05136.csv,10.518772653688556,6.141011851947555,4.377760801741001,3.8088053991064763,35.04880539910648,-24.53003274541792
data/SYNTHETIC/05137.csv,40.32214416490548,21.889088972892097,18.43305519201338,0.5595642495771894,31.799564249577188,8.522579915328294
data/SYNTHETIC/05138.csv,24.10088004075382,8.43386080388859,15.66701923686523,9.202967494308893,40.44296749430889,-16.342087453555067
data/SYNTHETIC/05139.csv,35.68621183677794,25.436312366618495,10.249899470159448,0.2079128076212815,31.44791280762128,4.238299029156664
data/SYNTHETIC/05140.csv,75.55808328674362,34.09628199541867,41.46180129132496,16.897857150007066,48.137857150007065,27.42022613673656
data/SYNTHETIC/05141.csv,68.55406208416923,43.48970510877464,25.06435697539458,0.8362127542786113,32.07621275427861,36.477849329890624
data/SYNTHETIC/05142.csv,251.2236081468686,111.73678550503894,139.48682264182966,133.50040312239446,164.74040312239447,86.48320502447413
data/SYNTHETIC/05143.csv,29.823143949695627,18.21537228337253,11.607771666323096,1.3959222941715668,32.635922294171564,-2.8127783444759373
data/SYNTHETIC/05144.csv,62.74750387182693,38.37285975797576,24.37464411385117,3.5632286861068874,34.803228686106884,27.944275185720045
data/SYNTHETIC/05145.csv,0.5314133100450216,0.36377476730876895,0.16763854273625264,0.0005478609022888608,31.240547860902286,-30.709134550857264
data/SYNTHETIC/05146.csv,20.3401304964692,11.752247435723444,8.587883060745757,2.3689907718355148,33.608990771835515,-13.268860275366315
data/SYNTHETIC/05147.csv,88.58915508659175,41.57612319437203,47.01303189221972,45.011102876738825,76.25110287673883,12.338052209852918
data/SYNTHETIC/05148.csv,23.82885411487284,16.395282162682417,7.433571952190424,1.239788616787202,32.479788616787204,-8.650934501914364
data/SYNTHETIC/05149.csv,49.188804582725254,31.131738693706023,18.057065889019228,0.9263029474656665,32.16630294746567,17.022501635259587
data/SYNTHETIC/05150.csv,50.59956900434348,29.11309749820548,21.486471506138002,5.2501937787767,36.4901937787767,14.10937522556678
data/SYNTHETIC/05151.csv,13.698271947292046,8.518240976741835,5.18003097055021,1.5951699445526795,32.835169944552675,-19.13689799726063
data/SYNTHETIC/05152.csv,66.49176629151039,35.51695326650049,30.9748130250099,2.9866234247166252,34.22662342471662,32.26514286679377
data/SYNTHETIC/05153.csv,66.38971669350212,29.593056562894652,36.79666013060748,7.265892188542965,38.505892188542965,27.883824504959158
data/SYNTHETIC/05154.csv,71.62907134614612,30.457045250122388,41.17202609602373,25.852457206128076,57.092457206128074,14.536614140018045
data/SYNTHETIC/05155.csv,61.283548068289036,27.070916332144623,34.21263173614442,33.60552493590921,64.84552493590921,-3.5619768676201744
data/SYNTHETIC/05156.csv,45.639196924610964,22.44520711888798,23.193989805722985,18.174299689178085,49.41429968917808,-3.775102764567116
data/SYNTHETIC/05157.csv,37.88091196775535,22.3072913475574,15.573620620197955,4.9522802039680585,36.19228020396805,1.6886317637872992
data/SYNTHETIC/05158.csv,27.46686851838254,11.751952555021244,15.714915963361298,8.749813367922712,39.98981336792271,-12.522944849540167
data/SYNTHETIC/05159.csv,43.33690774368637,21.668428676863314,21.668479066823057,0.5064244391800586,31.746424439180057,11.59048330450631
data/SYNTHETIC/05160.csv,51.260175456302505,28.485282007420142,22.77489344888236,2.558882845925772,33.79888284592577,17.461292610376738
data/SYNTHETIC/05161.csv,31.36306110741206,17.30297704449006,14.060084062922002,2.2475946082475433,33.48759460824754,-2.1245335008354793
data/SYNTHETIC/05162.csv,24.7361470755635,13.427729949840858,11.308417125722645,1.9787521611259202,33.21875216112592,-8.482605085562419
data/SYNTHETIC/05163.csv,49.914794050340234,20.93248484756691,28.982309202773322,13.617580477516587,44.857580477516585,5.057213572823649
data/SYNTHETIC/05164.csv,148.0428028135596,89.12982922339074,58.91297359016886,12.61145461658647,43.851454616586466,104.19134819697314
data/SYNTHETIC/05165.csv,59.21285256008332,32.72356797143058,26.489284588652733,4.251286790802299,35.4912867908023,23.72156576928102
data/SYNTHETIC/05166.csv,42.207772721616834,25.625926008676636,16.581846712940195,0.7821926125134375,32.022192612513436,10.185580109103398
data/SYNTHETIC/05167.csv,53.356280670420134,30.454460896323216,22.901819774096918,2.532785714264196,33.772785714264195,19.58349495615594
data/SYNTHETIC/05168.csv,65.19161867532466,28.9529554083964,36.238663266928256,18.746638266894,49.986638266894,15.204980408430664
data/SYNTHETIC/05169.csv,46.73234337071615,28.419029994942946,18.313313375773202,1.2450714467076525,32.48507144670765,14.247271924008501
data/SYNTHETIC/05170.csv,30.191670083224892,17.142206949370024,13.04946313385487,3.259086675864753,34.49908667586475,-4.307416592639861
data/SYNTHETIC/05171.csv,61.881651561085704,31.72347772283384,30.158173838251866,3.8777700966390403,35.11777009663904,26.763881464446662
data/SYNTHETIC/05172.csv,63.45808837079052,34.243480044511266,29.214608326279258,8.139030778798494,39.379030778798494,24.079057591992026
data/SYNTHETIC/05173.csv,81.2653460403952,43.357481855078824,37.907864185316384,39.281412839135974,70.52141283913598,10.743933201259225
data/SYNTHETIC/05174.csv,32.211658930223564,19.181354486967127,13.030304443256439,0.21256525720740627,31.452565257207404,0.7590936730161602
data/SYNTHETIC/05175.csv,37.43132724707,20.710580027291197,16.720747219778808,1.1250560604425195,32.36505606044252,5.066271186627482
data/SYNTHETIC/05176.csv,77.84094218661416,51.306155707790126,26.534786478824028,15.43676616628206,46.67676616628206,31.1641760203321
data/SYNTHETIC/05177.csv,58.16885611168538,26.25526724735245,31.91358886433293,4.891450240026838,36.13145024002684,22.037405871658542
data/SYNTHETIC/05178.csv,62.66612144506814,31.99784746963309,30.66827397543505,16.976059158926144,48.21605915892614,14.450062286142
data/SYNTHETIC/05179.csv,50.50368191880365,25.997321807088287,24.50636011171536,1.1918051866140325,32.43180518661403,18.071876732189622
data/SYNTHETIC/05180.csv,48.016670798034326,24.736466884618437,23.28020391341589,4.588178597365407,35.82817859736541,12.188492200668918
data/SYNTHETIC/05181.csv,32.23314234822569,17.84975538145521,14.383386966770479,2.7089054759497975,33.94890547594979,-1.7157631277241023
data/SYNTHETIC/05182.csv,68.47437282369329,40.320676989302044,28.153695834391247,10.692008165530236,41.932008165530235,26.542364658163052
data/SYNTHETIC/05183.csv,3.975933747004553,3.0682907799039847,0.9076429671005682,0.07495825284908011,31.314958252849078,-27.339024505844524
data/SYNTHETIC/05184.csv,23.93020109036866,16.082322453987228,7.847878636381431,4.1204838986521874,35.360483898652184,-11.430282808283525
data/SYNTHETIC/05185.csv,68.72875781470935,36.88222436747094,31.846533447238418,2.8970852925590536,34.13708529255905,34.591672522150304
data/SYNTHETIC/05186.csv,17.96493168233996,11.98263054298054,5.982301139359417,0.8673351813794357,32.10733518137943,-14.142403499039474
data/SYNTHETIC/05187.csv,32.025769153536686,16.679657984195135,15.346111169341553,2.9949683437929617,34.23496834379296,-2.209199190256271
data/SYNTHETIC/05188.csv,33.97275488115727,18.957131124638643,15.015623756518629,0.5027759334497774,31.742775933449774,2.2299789477074974
data/SYNTHETIC/05189.csv,48.15373589794304,27.95568633454937,20.19804956339367,8.700594249025416,39.940594249025416,8.21314164891762
data/SYNTHETIC/05190.csv,59.28891801722186,23.842945573803593,35.44597244341827,21.751692971122456,52.991692971122454,6.297225046099406
data/SYNTHETIC/05191.csv,2.7656709950312544,1.671230794596005,1.0944402004352494,0.05615380196416735,31.296153801964167,-28.530482806932913
data/SYNTHETIC/05192.csv,33.01100760713398,17.329619352319952,15.681388254814033,1.6378575708855831,32.87785757088558,0.13315003624840216
data/SYNTHETIC/05193.csv,45.17418777125383,24.24092345614547,20.933264315108353,7.5743171783827234,38.81431717838272,6.359870592871104
data/SYNTHETIC/05194.csv,70.96922102921101,35.43942931442462,35.5297917147864,13.533069182801121,44.77306918280112,26.19615184640989
data/SYNTHETIC/05195.csv,46.323417300722134,28.977617800169593,17.34579950055254,2.522990083671949,33.762990083671944,12.56042721705019
data/SYNTHETIC/05196.csv,44.75321649323229,27.910332620888497,16.842883872343787,1.1763251444958214,32.41632514449582,12.336891348736465
data/SYNTHETIC/05197.csv,67.60081535202232,40.352367648406826,27.24844770361549,2.6114230819167314,33.85142308191673,33.749392270105595
data/SYNTHETIC/05198.csv,69.37327217477412,34.92594647879893,34.44732569597518,12.421241908777034,43.66124190877703,25.712030265997086
data/SYNTHETIC/05199.csv,51.87743798903817,37.443759459446795,14.433678529591374,11.004970660880767,42.24497066088077,9.632467328157404
data/SYNTHETIC/05200.csv,3.639441616204509,2.695876104231887,0.9435655119726222,0.2089010015764204,31.44890100157642,-27.809459385371913
data/SYNTHETIC/05201.csv,87.12609819632624,45.72177297679657,41.40432521952967,4.271001884433236,35.511001884433234,51.615096311893005
data/SYNTHETIC/05202.csv,41.13239921953995,23.19028547411131,17.94211374542864,2.3130269634563363,33.55302696345633,7.579372256083616
data/SYNTHETIC/05203.csv,41.15336631095359,22.09286400184166,19.060502309111925,2.631667657299525,33.871667657299525,7.281698653654061
data/SYNTHETIC/05204.csv,20.208733712300088,12.868560376777022,7.340173335523064,3.4950252422308417,34.73502524223084,-14.526291529930752
data/SYNTHETIC/05205.csv,18.12378968289437,14.25852385466134,3.8652658282330283,0.28430256995625564,31.524302569956255,-13.400512887061886
data/SYNTHETIC/05206.csv,23.18230600777892,12.973118755141133,10.209187252637786,0.7421534835646896,31.982153483564687,-8.799847475785768
data/SYNTHETIC/05207.csv,125.61181998493899,68.56442389179213,57.047396093146865,37.16786266060194,68.40786266060194,57.203957324337054
data/SYNTHETIC/05208.csv,32.03825088705962,17.12321025618274,14.915040630876877,1.5372360517899883,32.777236051789984,-0.7389851647303658
data/SYNTHETIC/05209.csv,35.27748780447135,19.43564551589547,15.84184228857588,1.716264255201214,32.95626425520121,2.3212235492701367
data/SYNTHETIC/05210.csv,12.286487439365596,6.287422445732547,5.9990649936330485,1.4478917662198478,32.68789176621985,-20.401404326854255
data/SYNTHETIC/05211.csv,47.16103959913674,27.17373563232579,19.987303966810956,16.053970282105357,47.293970282105356,-0.1329306829686132
data/SYNTHETIC/05212.csv,70.19745076978124,35.93692230714078,34.26052846264046,4.821200150055948,36.061200150055946,34.136250619725296
data/SYNTHETIC/05213.csv,23.168712918473418,11.383723364114854,11.784989554358564,6.599011136193188,37.839011136193186,-14.670298217719768
data/SYNTHETIC/05214.csv,59.26886190772119,35.31570898703548,23.95315292068571,3.8810755906723657,35.12107559067236,24.147786317048826
data/SYNTHETIC/05215.csv,33.95124327809081,15.657088592916029,18.294154685174778,2.1341245522713157,33.37412455227131,0.5771187258194956
data/SYNTHETIC/05216.csv,75.63379000561557,47.51362187977154,28.120168125844025,20.72333121513568,51.96333121513568,23.670458790479884
data/SYNTHETIC/05217.csv,60.148204406532585,28.725556988784394,31.422647417748195,11.797345154555586,43.03734515455558,17.110859251977004
data/SYNTHETIC/05218.csv,38.80694472847827,21.39169497450642,17.41524975397185,0.8624010159095692,32.10240101590957,6.7045437125687
data/SYNTHETIC/05219.csv,34.95036548649335,22.693593176148454,12.256772310344891,1.3558496919756997,32.5958496919757,2.3545157945176456
data/SYNTHETIC/05220.csv,47.488592816223836,28.147894657109884,19.340698159113952,1.7536119733270537,32.99361197332705,14.494980842896787
data/SYNTHETIC/05221.csv,49.65525212301894,28.731567153209784,20.923684969809155,3.0730166010828306,34.31301660108283,15.34223552193611
data/SYNTHETIC/05222.csv,36.28321810929292,18.662012431387915,17.621205677905007,4.680895681819282,35.92089568181928,0.36232242747363586
data/SYNTHETIC/05223.csv,53.754878922302616,28.78152572725053,24.973353195052088,2.100111546917906,33.3401115469179,20.414767375384713
data/SYNTHETIC/05224.csv,22.08565585977867,12.573365977658716,9.512289882119953,1.607727963739476,32.84772796373947,-10.762072103960804
data/SYNTHETIC/05225.csv,18.66804736446472,9.912525760982724,8.755521603481995,0.7205185058565704,31.96051850585657,-13.29247114139185
data/SYNTHETIC/05226.csv,24.533378793526012,14.989956039183628,9.543422754342384,2.065807623265614,33.305807623265615,-8.772428829739603
data/SYNTHETIC/05227.csv,39.73431933995501,21.811364285124743,17.92295505483026,17.256470690188095,48.49647069018809,-8.762151350233083
data/SYNTHETIC/05228.csv,48.37441437937724,24.07640502791982,24.298009351457424,10.75148482677888,41.99148482677888,6.3829295525983625
data/SYNTHETIC/05229.csv,23.142134789874795,15.239174918022877,7.90295987185192,1.768122826363155,33.008122826363156,-9.86598803648836
data/SYNTHETIC/05230.csv,34.01598226117808,22.587823319215243,11.428158941962838,4.688432879100223,35.92843287910022,-1.9124506179221399
data/SYNTHETIC/05231.csv,13.82682673800761,9.844213929859201,3.982612808148408,1.841626984939363,33.08162698493936,-19.25480024693175
data/SYNTHETIC/05232.csv,26.72048770028811,15.450387955762315,11.270099744525794,1.3054168510517312,32.545416851051726,-5.824929150763616
data/SYNTHETIC/05233.csv,43.80974273590336,23.860756150289294,19.94898658561407,1.0426966137299902,32.28269661372999,11.527046122173374
data/SYNTHETIC/05234.csv,62.97014586488835,34.55780770741833,28.412338157470028,5.116918284096042,36.35691828409604,26.613227580792312
data/SYNTHETIC/05235.csv,5.735334490850823,3.4793986728858224,2.255935817965,0.05524389500381732,31.295243895003814,-25.55990940415299
data/SYNTHETIC/05236.csv,29.11170761674675,17.606913912390187,11.504793704356564,9.998301735392621,41.23830173539262,-12.126594118645869
data/SYNTHETIC/05237.csv,52.170333124574995,28.37044972867672,23.79988339589827,1.2214172675176673,32.46141726751767,19.708915857057328
data/SYNTHETIC/05238.csv,23.824789111696113,14.437030718465966,9.387758393230149,1.0659448460223369,32.305944846022335,-8.481155734326222
data/SYNTHETIC/05239.csv,48.4692735823801,22.470930440312088,25.99834314206801,10.296742119601307,41.53674211960131,6.93253146277879
data/SYNTHETIC/05240.csv,63.09542211355441,32.489413882564286,30.606008230990128,1.9336679224389135,33.17366792243891,29.921754191115504
data/SYNTHETIC/05241.csv,44.98599767911661,22.5775141879292,22.40848349118741,12.31808134276907,43.55808134276907,1.4279163363475362
data/SYNTHETIC/05242.csv,21.866771845516816,12.100629312967698,9.76614253254912,1.7198902022238443,32.959890202223846,-11.09311835670703
data/SYNTHETIC/05243.csv,45.05286979650874,21.62179119463021,23.43107860187853,10.350999409105908,41.590999409105905,3.4618703874028327
data/SYNTHETIC/05244.csv,54.21675570220509,29.14281938151124,25.073936320693846,7.363300616861718,38.603300616861716,15.613455085343375
data/SYNTHETIC/05245.csv,57.140790551395156,33.29540526532558,23.845385286069583,1.5174182329642498,32.75741823296425,24.383372318430908
data/SYNTHETIC/05246.csv,31.734513910112412,16.881739023680392,14.852774886432021,1.6951865299234465,32.93518652992344,-1.20067261981103
data/SYNTHETIC/05247.csv,5.410022285266097,3.628264059612211,1.7817582256538858,0.8698581795995882,32.109858179599584,-26.69983589433349
data/SYNTHETIC/05248.csv,46.767092084443966,28.829768011664925,17.93732407277904,6.746460036270494,37.98646003627049,8.780632048173473
data/SYNTHETIC/05249.csv,40.73955084732215,32.31691149298784,8.42263935433431,8.616878152492982,39.85687815249298,0.8826726948291679
data/SYNTHETIC/05250.csv,20.248244006392554,13.389432772155017,6.858811234237537,0.4037198988687148,31.643719898868714,-11.39547589247616
data/SYNTHETIC/05251.csv,24.338176565981637,14.991130390273149,9.347046175708488,0.14318866360316215,31.38318866360316,-7.045012097621523
data/SYNTHETIC/05252.csv,49.07659558328653,24.419360783108544,24.657234800177985,20.173163359266503,51.413163359266505,-2.3365677759799723
data/SYNTHETIC/05253.csv,16.929967963908688,9.807724733942747,7.122243229965941,4.389038572049229,35.629038572049225,-18.699070608140538
data/SYNTHETIC/05254.csv,52.54916513216786,21.461794799892147,31.087370332275714,26.17250028926704,57.412500289267044,-4.863335157099186
data/SYNTHETIC/05255.csv,36.64061772270561,18.200378021717817,18.440239700987796,0.9572004135622882,32.197200413562285,4.443417309143328
data/SYNTHETIC/05256.csv,78.8706077016137,48.04427452874162,30.826333172872083,7.407820088237109,38.64782008823711,40.22278761337658
data/SYNTHETIC/05257.csv,59.20381580963319,31.050119975241962,28.15369583439123,1.9470227014222576,33.18702270142226,26.016793108210933
data/SYNTHETIC/05258.csv,51.94582102760744,24.88656539365146,27.05925563395598,3.0916873235477285,34.331687323547726,17.61413370405971
data/SYNTHETIC/05259.csv,74.09048523539475,37.68178858940548,36.408696645989274,4.3686363283382885,35.608636328338285,38.48184890705647
data/SYNTHETIC/05260.csv,19.13121096463579,11.673690649197354,7.457520315438439,0.9828225972314873,32.222822597231485,-13.091611632595693
data/SYNTHETIC/05261.csv,26.499506205671896,17.978678562020615,8.52082764365128,3.0195687508366333,34.259568750836635,-7.76006254516474
data/SYNTHETIC/05262.csv,45.485786288018794,25.766703989585853,19.71908229843294,4.538059733057714,35.77805973305771,9.707726554961084
data/SYNTHETIC/05263.csv,11.05392371572204,6.149298922524247,4.904624793197793,0.5708309031242701,31.81083090312427,-20.75690718740223
data/SYNTHETIC/05264.csv,73.5989168839088,38.126601240917694,35.4723156429911,2.883645495588511,34.12364549558851,39.47527138832029
data/SYNTHETIC/05265.csv,22.168823276094535,12.26378023670681,9.905043039387728,0.7684315251383402,32.00843152513834,-9.839608249043806
data/SYNTHETIC/05266.csv,28.916913480624594,15.002914433515613,13.913999047108982,5.223644902847877,36.463644902847875,-7.5467314222232815
data/SYNTHETIC/05267.csv,61.02239310344535,29.52790059595307,31.494492507492282,8.692551086164862,39.932551086164864,21.08984201728049
data/SYNTHETIC/05268.csv,11.831112058994325,6.378069747416506,5.453042311577819,1.2677718083998828,32.50777180839988,-20.676659749405555
data/SYNTHETIC/05269.csv,44.76023591704558,23.031885942102395,21.72834997494318,24.15931631489238,55.399316314892374,-10.639080397846797
data/SYNTHETIC/05270.csv,540.2878839507612,402.7609953571509,137.52688859361035,31.471926935295137,62.71192693529514,477.57595701546603
data/SYNTHETIC/05271.csv,53.9810303851382,27.328896926398805,26.652133458739392,4.502406145321748,35.742406145321745,18.238624239816453
data/SYNTHETIC/05272.csv,45.141388530776794,23.808186549426242,21.333201981350552,1.7992413344319402,33.039241334431935,12.102147196344859
data/SYNTHETIC/05273.csv,76.68350571750094,42.06854147878954,34.6149642387114,20.829692750689567,52.06969275068957,24.613812966811366
data/SYNTHETIC/05274.csv,75.33289975993083,42.403900293881186,32.928999466049646,5.4243936999822635,36.66439369998226,38.66850605994856
data/SYNTHETIC/05275.csv,39.24421300187368,22.5857315265397,16.658481475333982,1.9233430941442233,33.163343094144224,6.080869907729458
data/SYNTHETIC/05276.csv,50.723316610682346,27.668227311798,23.05508929888435,4.398400612557647,35.638400612557646,15.0849159981247
data/SYNTHETIC/05277.csv,35.33319629577521,19.49135400719933,15.841842288575878,2.840544973377166,34.080544973377165,1.2526513223980444
data/SYNTHETIC/05278.csv,51.49095576557323,32.4256637838117,19.065291981761533,1.7825118730196121,33.02251187301961,18.468443892553623
data/SYNTHETIC/05279.csv,15.52941446966102,7.782118958921328,7.747295510739692,3.7633859715316733,35.00338597153167,-19.47397150187065
data/SYNTHETIC/05280.csv,46.28040078962633,27.26300553436083,19.017395255265495,9.253984263293209,40.49398426329321,5.78641652633312
data/SYNTHETIC/05281.csv,92.85385923256041,42.018668565954094,50.83519066660631,39.33556156512932,70.57556156512932,22.27829766743109
data/SYNTHETIC/05282.csv,53.84855003809783,27.45266406611243,26.3958859719854,8.006914174791362,39.24691417479136,14.60163586330647
data/SYNTHETIC/05283.csv,49.02987859266939,25.919708058314555,23.110170534354832,4.153499591981836,35.393499591981836,13.636379000687555
data/SYNTHETIC/05284.csv,66.12252205581427,28.842104987596407,37.28041706821786,30.663896608191862,61.90389660819186,4.218625447622415
data/SYNTHETIC/05285.csv,51.5970277639138,31.75820364924067,19.838824114673127,16.72319900601451,47.963199006014506,3.6338287578992947
data/SYNTHETIC/05286.csv,2.1736751163727868,1.5007261091029724,0.6729490072698143,0.11563335442089495,31.355633354420892,-29.181958238048104
data/SYNTHETIC/05287.csv,52.62675847767426,27.94318047792344,24.683577999750813,2.903295951195622,34.14329595119562,18.48346252647864
data/SYNTHETIC/05288.csv,59.12348449851932,31.860667776955005,27.26281672156431,12.146772695336452,43.38677269533645,15.736711803182871
data/SYNTHETIC/05289.csv,10.170980711413558,7.412129265239793,2.758851446173764,2.2091319100817692,33.44913191008177,-23.278151198668212
data/SYNTHETIC/05290.csv,43.163740804847876,22.85073909786366,20.313001706984217,1.816387428974823,33.05638742897482,10.107353375873053
data/SYNTHETIC/05291.csv,47.7672079848061,27.353623152180127,20.413584832625972,1.229410716815193,32.46941071681519,15.297797267990909
data/SYNTHETIC/05292.csv,6.775134293699535,5.151435265482688,1.6236990282168473,0.01998429699399713,31.259984296993995,-24.48485000329446
data/SYNTHETIC/05293.csv,32.70877053667187,19.08215184853933,13.626618688132544,10.115244337670045,41.355244337670044,-8.646473800998173
data/SYNTHETIC/05294.csv,13.078241548355123,8.482550641056996,4.595690907298127,1.9468958980896927,33.18689589808969,-20.108654349734564
data/SYNTHETIC/05295.csv,24.32788304956991,14.439603864455789,9.88827918511412,11.862501246115343,43.10250124611534,-18.77461819654543
data/SYNTHETIC/05296.csv,54.81176978336506,28.693684825056863,26.118084958308195,4.527735630311926,35.767735630311925,19.044034153053133
data/SYNTHETIC/05297.csv,5.175674323136535,3.0227164671380895,2.1529578559984452,0.5924464638067555,31.832446463806754,-26.65677214067022
data/SYNTHETIC/05298.csv,26.426793530882662,14.337659763274024,12.089133767608637,8.173188573346208,39.413188573346204,-12.986395042463542
data/SYNTHETIC/05299.csv,132.27441806500315,72.20822301680673,60.066195048196434,36.895808425430424,68.13580842543043,64.13860963957272
data/SYNTHETIC/05300.csv,57.938841083946315,31.1047000645218,26.83414101942451,2.5371786821623545,33.77717868216235,24.161662401783964
data/SYNTHETIC/05301.csv,6.047643003850398,3.473193954686518,2.5744490491638805,0.4858557713253108,31.72585577132531,-25.67821276747491
data/SYNTHETIC/05302.csv,15.275234236308483,8.222441259761853,7.05279297654663,0.9403376848113597,32.180337684811356,-16.90510344850287
data/SYNTHETIC/05303.csv,54.0184977209071,27.77827611003393,26.24022161087317,1.5409482556824363,32.78094825568243,21.237549465224667
data/SYNTHETIC/05304.csv,42.33443005045374,23.942087075962004,18.392342974491736,3.6665100715775525,34.90651007157755,7.42791997887619
data/SYNTHETIC/05305.csv,55.01873485267963,29.710104572155043,25.308630280524586,2.735788465220519,33.97578846522052,21.04294638745911
data/SYNTHETIC/05306.csv,50.88384436629781,24.40174428661948,26.482100079678332,6.171219307968973,37.41121930796897,13.472625058328838
data/SYNTHETIC/05307.csv,62.55179973315764,41.11801462616533,21.4337851069923,1.8190364014330958,33.0590364014331,29.49276333172454
data/SYNTHETIC/05308.csv,17.990534813588646,9.754692692589032,8.235842120999612,1.9537976909664823,33.193797690966484,-15.203262877377838
data/SYNTHETIC/05309.csv,78.28454978839079,38.61887574066852,39.66567404772226,29.800945439838213,61.04094543983821,17.24360434855258
data/SYNTHETIC/05310.csv,27.924119723198288,15.70326995772547,12.22084976547282,1.4029653601498577,32.64296536014986,-4.7188456369515706
data/SYNTHETIC/05311.csv,55.578476053528675,31.754644294382317,23.823831759146355,2.8655336946961603,34.105533694696156,21.47294235883252
data/SYNTHETIC/05312.csv,57.89106300249123,30.762357115115858,27.12870588737537,20.82333216401311,52.063332164013104,5.827730838478125
data/SYNTHETIC/05313.csv,11.201973307811961,6.888873086840662,4.3131002209713,0.6823297286016603,31.92232972860166,-20.7203564207897
data/SYNTHETIC/05314.csv,55.19917710633844,29.579218103589422,25.619959002749017,2.9048427857673316,34.14484278576733,21.054334320571108
data/SYNTHETIC/05315.csv,40.39608127933163,22.70303051168256,17.693050767649073,1.6975270607491304,32.937527060749126,7.458554218582506
data/SYNTHETIC/05316.csv,73.51445221966009,43.583787832264505,29.930664387395574,11.302046108202187,42.542046108202186,30.9724061114579
data/SYNTHETIC/05317.csv,6.552679214488083,4.263215687975832,2.289463526512251,0.5962732941762423,31.83627329417624,-25.283594079688157
data/SYNTHETIC/05318.csv,57.124021598017,33.34569172904196,23.778329868975042,3.489227095273807,34.72922709527381,22.394794502743196
data/SYNTHETIC/05319.csv,86.19589307283171,45.15318813834739,41.04270493448432,46.92507610235462,78.16507610235462,8.03081697047709
data/SYNTHETIC/05320.csv,56.83008237981129,28.660951825306647,28.16913055450464,7.992007919890618,39.23200791989062,17.598074459920667
data/SYNTHETIC/05321.csv,36.40559996307351,20.300325678769244,16.105274284304272,2.4190976906468316,33.65909769064683,2.7465022724266817
data/SYNTHETIC/05322.csv,51.060093238845965,24.786343919425537,26.273749319420425,4.180963473134547,35.42096347313455,15.639129765711417
data/SYNTHETIC/05323.csv,38.787273201074456,13.572041537217228,25.215231663857228,25.552914262451658,56.79291426245166,-18.005641061377204
data/SYNTHETIC/05324.csv,32.80977450159554,20.390153321164014,12.419621180431523,6.396507218115909,37.63650721811591,-4.826732716520368
data/SYNTHETIC/05325.csv,52.423237084410786,27.428330362435503,24.994906721975283,4.456100221175673,35.69610022117567,16.727136863235117
data/SYNTHETIC/05326.csv,15.802994320714749,9.147744174085513,6.655250146629236,4.4452040361362,35.6852040361362,-19.88220971542145
data/SYNTHETIC/05327.csv,52.94765642810636,27.744398945873154,25.20325748223321,2.8688556502968754,34.108855650296874,18.83880077780949
data/SYNTHETIC/05328.csv,34.75260338924671,20.208762388714387,14.543841000532321,2.607653991816508,33.84765399181651,0.904949397430201
data/SYNTHETIC/05329.csv,68.15832043556361,37.53794318662466,30.62037724893895,5.5739013846477174,36.813901384647714,31.344419050915896
data/SYNTHETIC/05330.csv,50.41777857142304,30.823227761879824,19.59455080954322,4.138139450459949,35.37813945045995,15.039639120963095
data/SYNTHETIC/05331.csv,15.046587433918752,11.598023126201554,3.448564307717198,1.3923911796625208,32.63239117966252,-17.585803745743767
data/SYNTHETIC/05332.csv,10.406251581016102,6.174575795088124,4.231675785927978,0.40465715133668273,31.64465715133668,-21.23840557032058
data/SYNTHETIC/05333.csv,21.369069442505968,8.070543330871505,13.298526111634464,13.332629877571769,44.57262987757177,-23.203560435065803
data/SYNTHETIC/05334.csv,47.41572681146431,28.115740869871935,19.29998594159238,1.8904449504616907,33.13044495046169,14.285281861002623
data/SYNTHETIC/05335.csv,49.514753151259725,30.207582700693024,19.307170450566698,0.7901846676848573,32.03018466768486,17.48456848357487
data/SYNTHETIC/05336.csv,53.44711983197497,29.66878996299993,23.77832986897504,0.5835153115098677,31.823515311509865,21.623604520465108
data/SYNTHETIC/05337.csv,28.483810644892678,16.193510626000553,12.290300018892124,0.5142190320308315,31.75421903203083,-3.2704083871381506
data/SYNTHETIC/05338.csv,10.564987262371872,8.000117558507206,2.5648697038646655,0.018299108784757108,31.258299108784755,-20.693311846412882
data/SYNTHETIC/05339.csv,84.47752518437758,45.72907344905513,38.74845173532245,32.56589592517675,63.80589592517674,20.67162925920084
data/SYNTHETIC/05340.csv,67.3797454587933,35.01592736539728,32.36381809339601,14.268283490971811,45.508283490971806,21.87146196782149
data/SYNTHETIC/05341.csv,23.26116417996701,14.575092829904317,8.686071350062692,0.8183538331743482,32.058353833174344,-8.797189653207333
data/SYNTHETIC/05342.csv,111.32521144671651,54.353623897431305,56.97158754928521,74.37539082238125,105.61539082238124,5.709820624335265
data/SYNTHETIC/05343.csv,18.138143989734512,12.27079499396567,5.867348995768843,0.45718303507195873,31.69718303507196,-13.559039045337446
data/SYNTHETIC/05344.csv,44.18914646347655,21.414253014594205,22.774893448882345,13.292789918970813,44.53278991897081,-0.34364345549426645
data/SYNTHETIC/05345.csv,23.081745287880977,12.78873876387506,10.29300652400592,1.1232189095759535,32.36321890957595,-9.281473621694971
data/SYNTHETIC/05346.csv,10.831883743679402,8.020345898359952,2.8115378453194504,1.6212842758152595,32.86128427581526,-22.029400532135856
data/SYNTHETIC/05347.csv,39.18971779159063,20.191481226923578,18.998236564667053,8.341917924267452,39.58191792426745,-0.39220013267681963
data/SYNTHETIC/05348.csv,30.945779828127073,19.869661825910356,11.076118002216715,6.431148814066065,37.671148814066065,-6.725368985938992
data/SYNTHETIC/05349.csv,53.8923001204523,27.678421709151902,26.213878411300396,1.1886755099228863,32.42867550992288,21.463624610529415
data/SYNTHETIC/05350.csv,39.678379634409566,23.54436731420765,16.13401232020192,1.5119900761644018,32.751990076164404,6.9263895582451624
data/SYNTHETIC/05351.csv,12.511198140835074,8.001721341229876,4.5094767996051965,0.961333468932037,32.201333468932035,-19.69013532809696
data/SYNTHETIC/05352.csv,6.438344002546691,4.982283517066096,1.4560604854805947,0.7376742873446485,31.977674287344648,-25.539330284797956
data/SYNTHETIC/05353.csv,150.55476156111015,79.8232707080355,70.73149085307466,5.015319885631431,36.25531988563143,114.29944167547873
data/SYNTHETIC/05354.csv,34.529531464859964,20.35928493099701,14.170246533862956,1.4292206918558705,32.66922069185587,1.8603107730040946
data/SYNTHETIC/05355.csv,36.354791304266264,21.772632922537028,14.582158381729235,2.318957138287286,33.55895713828728,2.795834165978981
data/SYNTHETIC/05356.csv,14.806779091788073,7.598321754129208,7.2084573376588645,2.0588202208622954,33.2988202208623,-18.492041129074224
data/SYNTHETIC/05357.csv,75.57256846070828,35.2099970424682,40.36257141824009,33.126856005727966,64.36685600572797,11.205712454980315
data/SYNTHETIC/05358.csv,161.59607598576935,98.9184196930092,62.67765629276016,37.78001505977307,69.02001505977307,92.57606092599627
data/SYNTHETIC/05359.csv,31.79249491158979,18.49396879995532,13.298526111634473,1.8392414202128546,33.07924142021285,-1.286746508623061
data/SYNTHETIC/05360.csv,33.924844272993866,17.896204751083307,16.02863952191056,1.956884028459491,33.196884028459486,0.7279602445343798
data/SYNTHETIC/05361.csv,17.072907134181875,9.58185911019618,7.491048023985695,1.1359140950085116,32.37591409500851,-15.303006960826636
data/SYNTHETIC/05362.csv,45.795037829503435,25.194655763542773,20.600382065960662,4.08388338143496,35.32388338143496,10.471154448068475
data/SYNTHETIC/05363.csv,41.52138395918692,17.232953953028677,24.288430006158244,28.942295979229144,60.18229597922914,-18.66091202004222
data/SYNTHETIC/05364.csv,59.84836249361801,30.660097366911586,29.188265126706426,9.887621700619,41.127621700619,18.72074079299901
data/SYNTHETIC/05365.csv,48.06678967158254,19.5371045341971,28.529685137385446,22.20947999738137,53.44947999738137,-5.382690325798826
data/SYNTHETIC/05366.csv,50.66478868954462,32.62209181847421,18.04269687107041,7.342315288645537,38.58231528864553,12.08247340089909
data/SYNTHETIC/05367.csv,3.809953672109932,2.655642563554592,1.1543111085553397,0.022567762506855583,31.262567762506855,-27.452614090396924
data/SYNTHETIC/05368.csv,42.902710698957605,22.996831167190006,19.9058795317676,2.246886941193429,33.486886941193426,9.41582375776418
data/SYNTHETIC/05369.csv,15.404822553222047,8.385557285222662,7.019265267999386,2.469523341972451,33.70952334197245,-18.304700788750402
data/SYNTHETIC/05370.csv,96.16246957242389,27.890475624922473,68.27199394750141,61.03528368702035,92.27528368702035,3.8871858854035395
data/SYNTHETIC/05371.csv,29.55976266342794,13.868795063314654,15.690967600113284,7.427064537664771,38.66706453766477,-9.107301874236832
data/SYNTHETIC/05372.csv,57.03289984269105,29.501861452748752,27.531038389942296,6.450223228116025,37.690223228116025,19.342676614575026
data/SYNTHETIC/05373.csv,45.22374257274444,25.325047549951226,19.898695022793216,1.6537240192873626,32.89372401928736,12.33001855345708
data/SYNTHETIC/05374.csv,67.11048350758904,39.72792496978455,27.38255853780448,4.761006162770307,36.0010061627703,31.109477344818735
data/SYNTHETIC/05375.csv,30.697016182794844,17.97085595278845,12.726160230006393,6.8620484035358125,38.10204840353581,-7.405032220740967
data/SYNTHETIC/05376.csv,45.283931186795094,19.07723728446916,26.206693902325934,23.356875774313835,54.59687577431383,-9.312944587518736
data/SYNTHETIC/05377.csv,50.98048296933681,15.726097431902824,35.25438553743399,30.196344320270054,61.43634432027005,-10.45586135093324
data/SYNTHETIC/05378.csv,4.519182166903461,3.151730625440599,1.3674515414628612,0.06453146814390032,31.3045314681439,-26.785349301240437
data/SYNTHETIC/05379.csv,102.96390951152284,59.42099545394357,43.542914057579274,24.3692431900991,55.60924319009909,47.35466632142375
data/SYNTHETIC/05380.csv,50.217603277219084,27.61992771637222,22.59767556084686,2.3228824808381203,33.56288248083812,16.654720796380964
data/SYNTHETIC/05381.csv,52.411445892491926,26.410707914099145,26.000737978392785,3.6358765014279717,34.87587650142797,17.53556939106396
data/SYNTHETIC/05382.csv,8.764724269171749,6.139983657186993,2.6247406119847563,0.5091534532508881,31.749153453250887,-22.98442918407914
data/SYNTHETIC/05383.csv,62.71648262652295,35.628488956669315,27.08799366985363,3.028336983849785,34.268336983849785,28.44814564267316
data/SYNTHETIC/05384.csv,66.34240562798254,33.209845074324576,33.13256055365796,3.5478802676049037,34.787880267604905,31.55452536037764
data/SYNTHETIC/05385.csv,40.78704121466221,22.768292706839848,18.01874850782236,1.7432499078964316,32.98324990789643,7.803791306765781
data/SYNTHETIC/05386.csv,57.09119643783251,30.96353213422508,26.12766430360743,2.1519089538548086,33.39190895385481,23.6992874839777
data/SYNTHETIC/05387.csv,73.40664522078222,44.49618110775305,28.91046411302917,1.3684473183894497,32.60844731838945,40.79819790239277
data/SYNTHETIC/05388.csv,49.969466422855376,31.672916901355773,18.296549521499607,15.139684262252647,46.379684262252646,3.5897821606027307
data/SYNTHETIC/05389.csv,45.095190565008906,20.555302744746278,24.539887820262628,17.68060314080375,48.92060314080375,-3.825412575794843
data/SYNTHETIC/05390.csv,132.96124690952576,64.4331611396315,68.52808576989428,37.13639637893052,68.37639637893052,64.58485053059523
data/SYNTHETIC/05391.csv,15.743938540655993,9.483836387619357,6.2601021530366365,0.4219727958308914,31.66197279583089,-15.918034255174899
data/SYNTHETIC/05392.csv,19.701613965082696,13.537305265038205,6.164308700044492,0.2993890608129741,31.539389060812972,-11.837775095730276
data/SYNTHETIC/05393.csv,50.62847763149014,29.94667113048616,20.68180650100398,0.9668060538441074,32.206806053844105,18.421671577646038
data/SYNTHETIC/05394.csv,65.08276579801301,35.49216816873961,29.5905976292734,2.042708539238867,33.28270853923887,31.800057258774146
data/SYNTHETIC/05395.csv,60.4146765885681,37.845739063618886,22.568937524949213,3.73165681584668,34.97165681584668,25.44301977272142
data/SYNTHETIC/05396.csv,26.367421948890698,13.36346070520708,13.003961243683618,3.7255093272134876,34.96550932721349,-8.598087378322791
data/SYNTHETIC/05397.csv,52.024069424253696,32.48220501385624,19.541864410397462,1.8824131439096736,33.122413143909675,18.90165628034402
data/SYNTHETIC/05398.csv,30.877506255052076,16.23068729255318,14.646818962498893,10.21944128558808,41.45944128558808,-10.581935030536002
data/SYNTHETIC/05399.csv,27.28158500340833,14.078852344766021,13.20273265864231,6.01186270380525,37.25186270380525,-9.97027770039692
data/SYNTHETIC/05400.csv,27.597861946588104,15.199794293079819,12.398067653508287,2.0662802525648085,33.306280252564804,-5.7084183059767
data/SYNTHETIC/05401.csv,26.58818393508862,13.641698763200294,12.946485171888325,4.6915306822087555,35.93153068220875,-9.343346747120133
data/SYNTHETIC/05402.csv,15.08753813803558,10.784017262363488,4.303520875672092,0.7637119848217575,32.003711984821756,-16.916173846786176
data/SYNTHETIC/05403.csv,68.40755382075301,39.49230003507418,28.91525378567883,3.936871734190592,35.17687173419059,33.23068208656242
data/SYNTHETIC/05404.csv,50.38823573857489,25.084395130699928,25.30384060787496,6.78450662631872,38.02450662631872,12.363729112256173
data/SYNTHETIC/05405.csv,49.31880985245014,24.70707694244343,24.611732910006708,8.226564331346957,39.46656433134696,9.852245521103178
data/SYNTHETIC/05406.csv,10.304873061032039,5.761868552879587,4.5430045081524515,0.6427490560143271,31.882749056014326,-21.577875994982286
data/SYNTHETIC/05407.csv,44.08354760301732,24.836248060570714,19.24729954244661,1.423038532841225,32.66303853284122,11.420509070176102
data/SYNTHETIC/05408.csv,59.38765184585188,29.06423430118854,30.32341754466334,13.995468052893637,45.23546805289364,14.15218379295824
data/SYNTHETIC/05409.csv,14.162141405755648,8.48398447964629,5.678156926109358,1.025345615686417,32.265345615686414,-18.103204209930766
data/SYNTHETIC/05410.csv,26.826596786456754,14.112410738074379,12.714186048382373,5.989869517570463,37.229869517570464,-10.40327273111371
data/SYNTHETIC/05411.csv,42.43074552248959,24.263517162529403,18.167228359960184,0.9236067024927772,32.16360670249278,10.26713881999681
data/SYNTHETIC/05412.csv,52.10915711528135,28.00512950613302,24.10402760914833,1.9481053571425784,33.188105357142575,18.921051758138773
data/SYNTHETIC/05413.csv,47.96289711975673,26.64645899267979,21.316438127076943,4.980929961174405,36.220929961174406,11.741967158582327
data/SYNTHETIC/05414.csv,21.001456256244936,8.591414421112615,12.41004183513232,13.318447581277514,44.55844758127751,-23.556991325032577
data/SYNTHETIC/05415.csv,7.31094419291882,4.010859737339438,3.300084455579381,0.7045313559695472,31.944531355969545,-24.633587163050727
data/SYNTHETIC/05416.csv,41.072559960482444,24.323074704806,16.749485255676444,1.4570357520037334,32.69703575200373,8.375524208478716
data/SYNTHETIC/05417.csv,26.466698364858612,17.478877637870667,8.987820726987945,1.7037031758453607,32.94370317584536,-6.477004810986745
data/SYNTHETIC/05418.csv,29.75257313285671,15.031514244288916,14.721058888567795,3.7465618011779647,34.98656180117796,-5.233988668321253
data/SYNTHETIC/05419.csv,2.9720442620001046,1.6692533013069408,1.3027909606931638,0.11994974552484365,31.35994974552484,-28.387905483524737
data/SYNTHETIC/05420.csv,2.902228820452097,2.521449844808323,0.3807789756437739,0.0003240908763206223,31.240324090876317,-28.33809527042422
data/SYNTHETIC/05421.csv,47.096345753482396,28.58186612642569,18.51447962705671,1.163825693166451,32.403825693166446,14.69252006031595
data/SYNTHETIC/05422.csv,18.49353874322196,12.664507128649975,5.829031614571986,4.061035023473844,35.301035023473844,-16.807496280251883
data/SYNTHETIC/05423.csv,30.23512395250551,16.531870501979256,13.703253450526256,3.917065285263843,35.15706528526384,-4.92194133275833
data/SYNTHETIC/05424.csv,63.22136428296874,31.674185376330797,31.547178906637946,1.2694629585782276,32.509462958578226,30.711901324390517
data/SYNTHETIC/05425.csv,3.575606417815335,1.7986378648110564,1.7769685530042785,0.2838038276381423,31.52380382763814,-27.948197409822804
data/SYNTHETIC/05426.csv,77.57232849481571,42.6268768432814,34.94545165153431,15.053307072180528,46.293307072180525,31.279021422635182
data/SYNTHETIC/05427.csv,51.41381800959063,27.80791635600145,23.60590165358918,1.9533791316588827,33.19337913165888,18.22043887793175
data/SYNTHETIC/05428.csv,17.398617559594612,11.33249714886707,6.066120410727542,2.445144023239792,33.68514402323979,-16.28652646364518
data/SYNTHETIC/05429.csv,48.3363058438696,28.492692056546897,19.843613787322706,1.1628289478532188,32.402828947853216,15.933476896016387
data/SYNTHETIC/05430.csv,53.8262080041816,32.12180639248648,21.704401611695125,2.2749453163601396,33.51494531636014,20.31126268782146
data/SYNTHETIC/05431.csv,64.9506458915142,36.155133922075535,28.795511969438657,8.784866788612213,40.024866788612215,24.925779102901984
data/SYNTHETIC/05432.csv,59.56359412290729,31.967895152195265,27.59569897071203,7.351659596819594,38.591659596819596,20.971934526087693
data/SYNTHETIC/05433.csv,41.51080820320181,21.075669843652562,20.43513835954925,2.62957124772611,33.86957124772611,7.641236955475705
data/SYNTHETIC/05434.csv,67.74933294968402,34.80117479303593,32.948158156648084,2.4060848091951783,33.64608480919517,34.103248140488844
data/SYNTHETIC/05435.csv,32.854636758623435,16.22728815551195,16.627348603111486,11.301986234124831,42.54198623412483,-9.687349475501392
data/SYNTHETIC/05436.csv,18.051867985078836,8.32164799740176,9.730219987677076,8.908466221407847,40.148466221407844,-22.096598236329008
data/SYNTHETIC/05437.csv,41.7950810701132,22.169397388347615,19.62568368176558,3.092040818159332,34.33204081815933,7.4630402519538706
data/SYNTHETIC/05438.csv,31.65974930670894,17.41047317412744,14.249276132581501,3.299601610414077,34.539601610414074,-2.8798523037051353
data/SYNTHETIC/05439.csv,41.20029565283847,13.008282437250335,28.192013215588137,26.078263696442857,57.318263696442855,-16.117968043604385
data/SYNTHETIC/05440.csv,18.535666856728287,10.745264292142148,7.790402564586141,0.8844488912197047,32.1244488912197,-13.588782034491413
data/SYNTHETIC/05441.csv,66.75342179825029,40.568281422847555,26.185140375402728,5.2063595376751195,36.44635953767512,30.307062260575165
data/SYNTHETIC/05442.csv,12.128662764657388,5.413541709908061,6.7151210547493285,3.838884444689376,35.07888444468937,-22.950221680031984
data/SYNTHETIC/05443.csv,19.825860419568595,10.301596355824618,9.524264063743978,1.4219114483788977,32.661911448378895,-12.8360510288103
data/SYNTHETIC/05444.csv,89.62109411149027,49.18907243983091,40.432021671659356,6.096973834370845,37.336973834370845,52.28412027711942
data/SYNTHETIC/05445.csv,36.01805820511558,23.603226697333664,12.414831507781912,1.75279177922852,32.99279177922852,3.025266425887061
data/SYNTHETIC/05446.csv,49.16387134094917,30.397933899788065,18.765937441161103,1.1137146040040373,32.35371460400403,16.81015673694514
data/SYNTHETIC/05447.csv,42.551726852957465,12.726435263853256,29.825291589104207,26.114933404602485,57.354933404602484,-14.803206551645019
data/SYNTHETIC/05448.csv,27.764484301639875,14.415666627184557,13.348817674455319,0.38932788405891244,31.62932788405891,-3.8648435824190344
data/SYNTHETIC/05449.csv,41.33305049422472,22.25338949451437,19.079660999710356,1.6270359241528254,32.86703592415282,8.466014570071899
data/SYNTHETIC/05450.csv,71.49658678032276,23.80102653553398,47.69556024478877,53.278008822266045,84.51800882226604,-13.021422041943282
data/SYNTHETIC/05451.csv,27.991789270830054,16.465442039550283,11.526347231279772,0.8613079725577842,32.101307972557784,-4.10951870172773
data/SYNTHETIC/05452.csv,52.89345090248983,28.964246345052167,23.929204557437668,2.710073153071289,33.95007315307129,18.943377749418545
data/SYNTHETIC/05453.csv,48.06232318562961,24.37020742434749,23.69211576128212,2.7545134266019873,33.99451342660198,14.067809759027625
data/SYNTHETIC/05454.csv,46.12491941276292,29.492781137001845,16.632138275761072,7.515758625242521,38.75575862524252,7.3691607875204
data/SYNTHETIC/05455.csv,23.39336909104079,12.389096178568204,11.004272912472587,2.2096226173120717,33.44962261731207,-10.056253526271284
data/SYNTHETIC/05456.csv,59.43623004839495,30.60958520673389,28.826644841661057,6.2435248740582505,37.48352487405825,21.9527051743367
data/SYNTHETIC/05457.csv,23.579351842055154,15.49198957319336,8.087362268861792,1.4121536265634824,32.65215362656348,-9.072801784508329
data/SYNTHETIC/05458.csv,53.72329362240809,28.752335263680852,24.970958358727238,1.638368765787612,32.87836876578761,20.84492485662048
data/SYNTHETIC/05459.csv,1.2075541763841102,0.7884578195434785,0.4190963568406317,0.16053186169355854,31.40053186169356,-30.192977685309447
data/SYNTHETIC/05460.csv,47.98765470249009,25.952765677972078,22.034889024518012,2.4728885201145054,33.712888520114504,14.274766182375586
data/SYNTHETIC/05461.csv,33.422837913528234,18.39284513906075,15.029992774467482,3.177025016791029,34.41702501679103,-0.9941871032627958
data/SYNTHETIC/05462.csv,55.360606769782194,35.306247385876745,20.05435938390545,2.283640742913026,33.523640742913024,21.83696602686917
data/SYNTHETIC/05463.csv,21.24890278673699,11.54023632598315,9.708666460753841,3.7370405971994987,34.9770405971995,-13.728137810462506
data/SYNTHETIC/05464.csv,16.220833311588095,9.16564549871665,7.055187812871444,4.68767261069606,35.92767261069606,-19.706839299107962
data/SYNTHETIC/05465.csv,75.97429416588946,34.13410873524556,41.840185430643906,22.08705555122566,53.327055551225655,22.647238614663806
data/SYNTHETIC/05466.csv,37.92654569700259,25.44944844477578,12.477097252226809,1.832642957161001,33.072642957161,4.853902739841587
data/SYNTHETIC/05467.csv,6.427508589601095,5.0145551579669645,1.4129534316341297,1.5888680321489174e-05,31.24001588868032,-24.812507299079222
data/SYNTHETIC/05468.csv,23.189942860959544,11.031358839931613,12.15858402102793,2.3974683864046944,33.63746838640469,-10.447525525445148
data/SYNTHETIC/05469.csv,74.81815942058881,38.01670961733169,36.801449803257114,28.12108322682509,59.36108322682509,15.457076193763726
data/SYNTHETIC/05470.csv,27.290349893353756,13.613439642400346,13.676910250953412,2.434103461821888,33.674103461821886,-6.38375356846813
data/SYNTHETIC/05471.csv,78.44959663213746,40.75247804340379,37.697118588733666,25.217741976166973,56.45774197616697,21.991854655970485
data/SYNTHETIC/05472.csv,4.72770649075248,2.845365139456843,1.8823413512956373,0.26257240428891115,31.50257240428891,-26.77486591353643
data/SYNTHETIC/05473.csv,51.99036483412611,29.378320255330415,22.612044578795697,5.696182392565715,36.93618239256571,15.0541824415604
data/SYNTHETIC/05474.csv,37.736079614182955,20.464520039699295,17.271559574483657,4.12361588524538,35.36361588524538,2.372463728937575
data/SYNTHETIC/05475.csv,45.8742366381738,23.827373432031766,22.046863206142035,4.698632927041756,35.93863292704175,9.935603711132046
data/SYNTHETIC/05476.csv,45.2345466421918,22.871565041175657,22.362981601016145,21.11650218205871,52.356502182058705,-7.121955539866903
data/SYNTHETIC/05477.csv,9.3008639237577,6.257026954932308,3.043836968825391,0.8886334355561908,32.12863343555619,-22.82776951179849
data/SYNTHETIC/05478.csv,11.119521132417534,6.765708693924571,4.353812438492962,0.8736624010841325,32.11366240108413,-20.994141268666596
data/SYNTHETIC/05479.csv,28.873748833012808,16.597817832069506,12.275931000943302,1.1281448188060197,32.368144818806016,-3.494395985793208
data/SYNTHETIC/05480.csv,37.22086596267967,22.243559587357858,14.977306375321806,6.322661056459536,37.56266105645953,-0.34179509377986506
data/SYNTHETIC/05481.csv,39.79574487604168,22.586451046002942,17.20929383003874,1.213360451964983,32.45336045196498,7.342384424076698
data/SYNTHETIC/05482.csv,44.839410329156195,25.283176900809888,19.55623342834631,11.0698618101927,42.3098618101927,2.5295485189634945
data/SYNTHETIC/05483.csv,13.055390596759676,9.20928345912508,3.846107137634596,1.1638375437810953,32.403837543781094,-19.34844694702142
data/SYNTHETIC/05484.csv,49.33135767613007,28.551362885809134,20.779994790320938,4.01713036872896,35.25713036872896,14.07422730740111
data/SYNTHETIC/05485.csv,44.21641765709287,21.0487710509427,23.167646606150168,8.202873853031026,39.442873853031024,4.773543804061845
data/SYNTHETIC/05486.csv,73.72165485430132,43.78380595793136,29.93784889636996,1.6506615871955561,32.89066158719555,40.83099326710577
data/SYNTHETIC/05487.csv,23.274344176174388,13.706973058583957,9.567371117590433,9.385336971546181,40.625336971546176,-17.350992795371788
data/SYNTHETIC/05488.csv,43.77663353292904,26.61523642938638,17.161397103542665,2.694323925572273,33.93432392557227,9.842309607356768
data/SYNTHETIC/05489.csv,72.44728855213904,39.13032560147119,33.31696295066785,7.2227105492706745,38.462710549270675,33.98457800286837
data/SYNTHETIC/05490.csv,40.19117697394721,21.868284252874794,18.322892721072414,2.5162272666646754,33.75622726666467,6.434949707282534
data/SYNTHETIC/05491.csv,11.248990547590372,5.11102504711871,6.137965500471662,4.8297936511897275,36.06979365118973,-24.820803103599353
data/SYNTHETIC/05492.csv,3.360355651391185,2.464686865914635,0.8956687854765502,0.11043993284805866,31.350439932848058,-27.990084281456873
data/SYNTHETIC/05493.csv,59.58450706491487,31.533789192490154,28.050717872424713,3.2212662058178814,34.46126620581788,25.12324085909699
data/SYNTHETIC/05494.csv,51.732902885754704,28.83108311165778,22.901819774096925,7.351810995430254,38.59181099543025,13.141091890324454
data/SYNTHETIC/05495.csv,53.302501677221876,29.766050277051953,23.536451400169923,18.472143242699325,49.71214324269933,3.5903584345225497
data/SYNTHETIC/05496.csv,29.48885584257866,13.958342276227231,15.530513566351425,10.015906854761614,41.25590685476161,-11.767051012182954
data/SYNTHETIC/05497.csv,11.15908623692578,6.9298052873226075,4.229280949603174,0.4560295338670658,31.696029533867065,-20.536943296941285
data/SYNTHETIC/05498.csv,92.94452657880545,48.19222017720038,44.75230640160507,3.0170707174965123,34.25707071749651,58.68745586130894
data/SYNTHETIC/05499.csv,49.76670778341081,32.5909416619193,17.175766121491503,5.378912512452206,36.618912512452205,13.147795270958603
data/SYNTHETIC/05500.csv,8.162668608552709,5.339156581609253,2.8235120269434555,0.14011837981675754,31.380118379816757,-23.21744977126405
data/SYNTHETIC/05501.csv,76.814685812066,35.69055644253834,41.124129369527665,49.72055724588306,80.96055724588305,-4.1458714338170495
data/SYNTHETIC/05502.csv,38.53993964222282,21.64915904338296,16.890780598839864,1.4191578982478417,32.65915789824784,5.880781743974978
data/SYNTHETIC/05503.csv,46.91465919413364,27.408717328608244,19.505941865525397,1.480281943024507,32.7202819430245,14.194377251109138
data/SYNTHETIC/05504.csv,30.653711229476162,16.65349807467426,14.000213154801902,0.6347192517030347,31.874719251703034,-1.2210080222268722
data/SYNTHETIC/05505.csv,39.39997714668607,21.932040993568545,17.467936153117527,1.696846603429531,32.93684660342953,6.46313054325654
data/SYNTHETIC/05506.csv,45.531874206711194,26.294154009563776,19.237720197147414,6.342369932989625,37.58236993298962,7.949504273721573
data/SYNTHETIC/05507.csv,58.79899448554126,30.257335166531828,28.541659319009433,19.52653800022069,50.76653800022069,8.032456485320566
data/SYNTHETIC/05508.csv,26.76723467152578,14.182369784682805,12.584864886842976,6.378331239390091,37.61833123939009,-10.851096567864307
data/SYNTHETIC/05509.csv,82.54088743921359,44.874901722702425,37.665985716511166,2.982418793691238,34.22241879369123,48.31846864552236
data/SYNTHETIC/05510.csv,40.482551744728255,21.395706236043477,19.08684550868478,6.798698697077713,38.03869869707771,2.443853047650542
data/SYNTHETIC/05511.csv,77.12853779037154,42.00107857815219,35.12745921221935,2.9627913661376377,34.20279136613764,42.9257464242339
data/SYNTHETIC/05512.csv,58.83334282011421,34.010864313524806,24.82247850658941,1.5882651906670764,32.828265190667075,26.005077629447136
data/SYNTHETIC/05513.csv,59.26250752878735,32.42597167303807,26.836535855749283,4.8159138992752375,36.05591389927524,23.206593629512113
data/SYNTHETIC/05514.csv,11.903616346295857,9.535123221065087,2.3684931252307706,0.07966301772742154,31.31966301772742,-19.416046671431566
data/SYNTHETIC/05515.csv,54.38457972048419,31.547420527156945,22.837159193327246,3.0464462942993533,34.28644629429935,20.098133426184837
data/SYNTHETIC/05516.csv,53.45623168684818,28.502037182394563,24.954194504453614,3.8557916537564347,35.095791653756436,18.36044003309174
data/SYNTHETIC/05517.csv,13.279773638169294,6.660446036412104,6.61932760175719,6.563114061638551,37.80311406163855,-24.523340423469257
data/SYNTHETIC/05518.csv,7.216712563146208,5.274500303730481,1.9422122594157272,0.7458625325175064,31.985862532517505,-24.7691499693713
data/SYNTHETIC/05519.csv,28.514108752729506,15.43351274665219,13.080596006077316,0.8566590832405152,32.09665908324051,-3.5825503305110047
data/SYNTHETIC/05520.csv,47.970029767647205,16.889843944345902,31.0801858233013,29.07332050938504,60.313320509385036,-12.343290741737832
data/SYNTHETIC/05521.csv,18.728972580334457,11.391194081136195,7.33777849919826,0.35085628848748174,31.59085628848748,-12.861883708153023
data/SYNTHETIC/05522.csv,52.3857851323921,25.72407232835352,26.661712804038583,0.9978267255028941,32.23782672550289,20.14795840688921
data/SYNTHETIC/05523.csv,77.7444721266039,47.835361266131606,29.909110860472293,6.649857015005667,37.88985701500567,39.85461511159823
data/SYNTHETIC/05524.csv,22.585474191621707,8.898984595369052,13.686489596252652,14.74186771096166,45.98186771096166,-23.396393519339952
data/SYNTHETIC/05525.csv,50.33263114794822,26.0609649960636,24.27166615188462,2.6568859212679015,33.8968859212679,16.435745226680318
data/SYNTHETIC/05526.csv,46.97209035321469,28.644407959492668,18.32768239372202,1.4485818943454745,32.688581894345475,14.283508458869214
data/SYNTHETIC/05527.csv,92.7728126902068,45.88670712320162,46.88610556700519,21.059661680726812,52.299661680726814,40.47315100947999
data/SYNTHETIC/05528.csv,57.83978232265602,31.980339687426646,25.859442635229374,0.9578773969650252,32.197877396965026,25.641904925690994
data/SYNTHETIC/05529.csv,11.784309455199054,6.728809973538633,5.05549948166042,0.6976721236130514,31.93767212361305,-20.153362668413997
data/SYNTHETIC/05530.csv,52.991668410187984,27.271126281797205,25.720542128390782,5.135453311709208,36.37545331170921,16.616215098478776
data/SYNTHETIC/05531.csv,20.76413038611724,14.343574199318764,6.4205561867984775,1.399957923018028,32.639957923018024,-11.875827536900783
data/SYNTHETIC/05532.csv,34.522883552574115,19.55515652255156,14.967727030022559,0.8223509155947611,32.06235091559476,2.4605326369793517
data/SYNTHETIC/05533.csv,40.18722914581076,23.81133835680368,16.37589078900708,1.4091563183116032,32.649156318311604,7.538072827499157
data/SYNTHETIC/05534.csv,17.16939785229056,9.697508518903295,7.471889333387267,3.3119898450001246,34.55198984500012,-17.38259199270956
data/SYNTHETIC/05535.csv,54.28241552547908,29.979616501372046,24.30279902410703,1.4194000268317732,32.65940002683177,21.623015498647312
data/SYNTHETIC/05536.csv,40.85498598411388,23.70077338954563,17.154212594568254,0.6801686331627179,31.920168633162717,8.934817350951164
data/SYNTHETIC/05537.csv,64.17359234856443,35.825914771864085,28.34767757670034,5.878803270878036,37.11880327087803,27.054789077686394
data/SYNTHETIC/05538.csv,12.729899536801462,8.67544163890895,4.054457897892512,0.31571130959656935,31.555711309596568,-18.825811772795106
data/SYNTHETIC/05539.csv,95.45126754348435,53.752377456003906,41.69889008748044,2.32562121631233,33.56562121631233,61.88564632717202
data/SYNTHETIC/05540.csv,31.9095063837674,19.250401570855523,12.659104812911878,1.0936907212448197,32.33369072124482,-0.42418433747742057
data/SYNTHETIC/05541.csv,22.616359877740496,10.721207852440955,11.895152025299542,6.158479952232637,37.398479952232634,-14.782120074492138
data/SYNTHETIC/05542.csv,88.84829579195409,32.71812201120701,56.130173780747086,35.84734608443345,67.08734608443345,21.760949707520638
data/SYNTHETIC/05543.csv,14.872229637140775,8.475621813590319,6.396607823550456,3.831722468871444,35.07172246887144,-20.199492831730666
data/SYNTHETIC/05544.csv,1.5350120275810881,1.0273067267227227,0.5077053008583653,0.0038790892412152583,31.243879089241215,-29.708867061660126
data/SYNTHETIC/05545.csv,27.951982937417526,14.969575220657156,12.982407716760369,0.5865698865536633,31.826569886553663,-3.8745869491361375
data/SYNTHETIC/05546.csv,18.72881495389403,13.259008788042584,5.469806165851445,1.2865581045393568,32.526558104539355,-13.797743150645324
data/SYNTHETIC/05547.csv,49.89868200514583,27.751235673362057,22.147446331783776,1.3000093149678416,32.54000931496784,17.35867269017799
data/SYNTHETIC/05548.csv,16.86786042509585,9.949178282738213,6.918682142357636,4.1920580794127655,35.43205807941276,-18.564197654316914
data/SYNTHETIC/05549.csv,45.15910858659327,26.05310438731002,19.106004199283248,1.5917408123745993,32.8317408123746,12.327367774218672
data/SYNTHETIC/05550.csv,29.974094333935916,17.137771632988567,12.836322700947347,0.7319509228452643,31.971950922845263,-1.9978565889093467
data/SYNTHETIC/05551.csv,41.48534703249564,18.99064943361533,22.494697598880308,4.19602283998998,35.43602283998998,6.049324192505658
data/SYNTHETIC/05552.csv,51.53904072290323,27.327245479138735,24.211795243764495,2.194402183836981,33.43440218383698,18.10463853906625
data/SYNTHETIC/05553.csv,45.047210012276224,24.643204524949454,20.404005487326774,7.099993548337264,38.33999354833726,6.707216463938963
data/SYNTHETIC/05554.csv,56.586298980946054,33.07858561667379,23.50771336427226,2.3448648475507654,33.58486484755076,23.001434133395293
data/SYNTHETIC/05555.csv,110.48463099817502,45.87673662762317,64.60789437055186,47.89750275018641,79.13750275018641,31.347128247988607
data/SYNTHETIC/05556.csv,66.64944125495282,29.701906435882712,36.947534819070114,20.50501652508392,51.74501652508392,14.9044247298689
data/SYNTHETIC/05557.csv,66.43006125238489,33.78125763633725,32.64880361604764,13.715316270199198,44.9553162701992,21.47474498218569
data/SYNTHETIC/05558.csv,32.085020643357026,17.74713556675778,14.33788507659925,1.2322057485530422,32.47220574855304,-0.3871851051960107
data/SYNTHETIC/05559.csv,8.107283925827364,3.7127592698127367,4.394524656014628,4.0388494863663364,35.27884948636633,-27.17156556053897
data/SYNTHETIC/05560.csv,36.16095234529246,12.667607998969018,23.49334434632344,21.22340136856836,52.463401368568356,-16.302449023275898
data/SYNTHETIC/05561.csv,3.669430211502208,2.962953495685143,0.7064767158170648,0.0028535878274913856,31.24285358782749,-27.57342337632528
data/SYNTHETIC/05562.csv,51.04211010794228,28.638416289404507,22.403693818537768,1.7423223432777477,32.982322343277744,18.059787764664534
data/SYNTHETIC/05563.csv,25.401111214509392,15.474514648198415,9.926596566310977,5.58915022379197,36.82915022379197,-11.428039009282578
data/SYNTHETIC/05564.csv,99.00100930617977,50.9653823032689,48.035627002910864,21.739175025355497,52.979175025355495,46.02183428082427
data/SYNTHETIC/05565.csv,28.155507424773706,14.581575135786842,13.573932288986864,2.4908939547117104,33.73089395471171,-5.5753865299380045
data/SYNTHETIC/05566.csv,26.907163102291342,14.973693695794946,11.933469406496394,6.932825260085232,38.17282526008523,-11.26566215779389
data/SYNTHETIC/05567.csv,34.52165372949971,19.925126329821712,14.596527399678,0.7441660293439989,31.984166029343996,2.5374877001557152
data/SYNTHETIC/05568.csv,14.511147025846448,10.104648188207808,4.406498837638641,2.8891510251798125,34.12915102517981,-19.61800399933336
data/SYNTHETIC/05569.csv,42.12280638507586,20.983586146034405,21.13922023904146,0.9791360570076063,32.2191360570076,9.903670328068259
data/SYNTHETIC/05570.csv,22.78214830661468,15.489871697587688,7.292276609026992,4.5327542846788695,35.77275428467887,-12.990605978064188
data/SYNTHETIC/05571.csv,49.33617441255862,25.45007690896741,23.88609750359121,4.85454691587891,36.09454691587891,13.241627496679712
data/SYNTHETIC/05572.csv,31.160151768812522,17.365894537943728,13.794257230868794,11.196883639001824,42.43688363900182,-11.276731870189298
data/SYNTHETIC/05573.csv,101.34497400700667,62.40254052937513,38.942433477631546,27.230041340984798,58.47004134098479,42.87493266602188
data/SYNTHETIC/05574.csv,71.5988782818296,39.37156585894739,32.22731242288221,6.043259344099587,37.283259344099584,34.315618937730015
data/SYNTHETIC/05575.csv,59.154742558225166,35.69492592044901,23.45981663777616,1.5857486967814154,32.82574869678142,26.32899386144375
data/SYNTHETIC/05576.csv,45.94797402957788,26.078017042682326,19.869956986895552,3.0820718897670516,34.32207188976705,11.625902139810826
data/SYNTHETIC/05577.csv,40.99835875954898,22.124653683771733,18.87370507577725,1.3356736532401439,32.575673653240145,8.422685106308833
data/SYNTHETIC/05578.csv,45.826462172775976,24.06458448928555,21.761877683490425,7.627832731009364,38.867832731009365,6.958629441766611
data/SYNTHETIC/05579.csv,11.109645891882954,7.158165955956998,3.951479935925955,1.6343043329845814,32.87430433298458,-21.764658441101624
data/SYNTHETIC/05580.csv,33.28594745290551,18.564888564337725,14.721058888567788,1.429843107919877,32.669843107919874,0.6161043449856365
data/SYNTHETIC/05581.csv,47.30136304638003,26.387257421870114,20.914105624509922,1.0681789432138962,32.308178943213896,14.993184103166136
data/SYNTHETIC/05582.csv,58.10337224068127,34.310673353757394,23.792698886923873,5.446926119202333,36.68692611920233,21.416446121478934
data/SYNTHETIC/05583.csv,43.53510508462351,20.638074983176164,22.897030101447342,18.64084302054661,49.88084302054661,-6.345737935923097
data/SYNTHETIC/05584.csv,62.702691842095206,36.848038879515435,25.854652962579767,3.3888498428274896,34.628849842827485,28.07384199926772
data/SYNTHETIC/05585.csv,74.29346548075306,34.759507430895056,39.533958049858,4.8796771008698805,36.11967710086988,38.17378837988318
data/SYNTHETIC/05586.csv,76.24167961448863,37.23219071976253,39.009488894726104,21.27716569822901,52.51716569822901,23.724513916259625
data/SYNTHETIC/05587.csv,43.743574454672185,28.325618195586543,15.417956259085638,3.0456716285473684,34.28567162854737,9.457902826124815
data/SYNTHETIC/05588.csv,64.17913097808616,33.233055988973916,30.946074989112244,2.378410246423788,33.618410246423785,30.56072073166238
data/SYNTHETIC/05589.csv,45.96825286221078,26.306646635573127,19.661606226637655,3.4823508305439557,34.72235083054395,11.24590203166683
data/SYNTHETIC/05590.csv,37.90877036087194,20.04568621416182,17.863084146710122,1.9525795139018127,33.19257951390181,4.716190846970129
data/SYNTHETIC/05591.csv,33.66497005412609,18.644556624957847,15.020413429168238,1.1588667482866086,32.39886674828661,1.2661033058394793
data/SYNTHETIC/05592.csv,64.3903031560437,34.90507832506153,29.48522483098217,2.426895700812644,33.666895700812645,30.723407455231055
data/SYNTHETIC/05593.csv,132.7481486106391,78.66555988759912,54.08258872303999,38.006296942421734,69.24629694242174,63.50185166821737
data/SYNTHETIC/05594.csv,5.298236768171797,3.9331800630337392,1.3650567051380573,0.18268723869997364,31.42268723869997,-26.124450470528174
data/SYNTHETIC/05595.csv,39.66354941553087,17.245486579044286,22.418062836486587,0.5557092038707941,31.795709203870793,7.867840211660081
data/SYNTHETIC/05596.csv,71.8796729433248,41.517938017464616,30.361734925860194,7.002591816568916,38.24259181656892,33.63708112675589
data/SYNTHETIC/05597.csv,35.18262039552414,23.124619500137953,12.058000895386185,2.20959398946577,33.44959398946577,1.7330264060583715
data/SYNTHETIC/05598.csv,65.67871738864748,37.469940318785724,28.208777069861757,6.077690840711499,37.3176908407115,28.361026547935985
data/SYNTHETIC/05599.csv,41.82036654374164,20.994869863249424,20.82549668049222,2.942786954457202,34.1827869544572,7.637579589284442
data/SYNTHETIC/05600.csv,56.45486788955073,24.136551686325976,32.318316203224754,29.599030560498772,60.83903056049877,-4.384162670948044
data/SYNTHETIC/05601.csv,5.260077375273138,3.272363225686142,1.987714149586996,0.5149792664260058,31.754979266426005,-26.494901891152868
data/SYNTHETIC/05602.csv,32.973115732071456,17.33243969477908,15.640676037292375,1.893205018533105,33.133205018533104,-0.16008928646164833
data/SYNTHETIC/05603.csv,53.7445129934156,30.01886952358624,23.72564346982936,2.6097939497768188,33.84979394977682,19.89471904363878
data/SYNTHETIC/05604.csv,35.02386351554496,19.093412282951338,15.93045123259362,1.5619779485097847,32.80197794850978,2.22188556703518
data/SYNTHETIC/05605.csv,49.593822471635754,25.130569413766825,24.46325305786893,6.08576570549763,37.32576570549763,12.268056766138123
data/SYNTHETIC/05606.csv,36.58241654732771,22.625310446372232,13.957106100955476,1.232055416943253,32.47205541694325,4.110361130384462
data/SYNTHETIC/05607.csv,51.53247102561775,26.98539869638074,24.547072329237015,6.394340420273049,37.63434042027305,13.898130605344704
data/SYNTHETIC/05608.csv,1.9590676677462135,1.6142112369744936,0.3448564307717198,0.012872888402261782,31.252872888402262,-29.293805220656047
data/SYNTHETIC/05609.csv,47.76245784577069,11.863861336964531,35.89859650880616,33.323727120968016,64.56372712096801,-16.80126927519732
data/SYNTHETIC/05610.csv,0.7467325590153073,0.5455663077318041,0.20116625128350324,0.004850604629082528,31.244850604629082,-30.498118045613776
data/SYNTHETIC/05611.csv,17.648950350317048,12.775458429341702,4.873491920975346,0.9938196516656088,32.233819651665605,-14.584869301348558
data/SYNTHETIC/05612.csv,40.27705963887036,20.610663739583067,19.666395899287295,4.44797074541671,35.687970745416706,4.589088893453656
data/SYNTHETIC/05613.csv,14.75333943495761,10.536032666978453,4.2173067679791565,0.3705352104433169,31.610535210443317,-16.857195775485707
data/SYNTHETIC/05614.csv,6.969283099169176,4.071531146156809,2.897751953012367,2.075726274741845,33.31572627474184,-26.346443175572666
data/SYNTHETIC/05615.csv,62.36316961150591,38.60878810577889,23.754381505727014,7.227621422745688,38.46762142274569,23.895548188760223
data/SYNTHETIC/05616.csv,27.493922580488356,16.815347408189062,10.678575172299293,1.187685702472355,32.42768570247235,-4.933763121983997
data/SYNTHETIC/05617.csv,43.75999773785449,23.753535080445122,20.006462657409372,2.1194378917020305,33.35943789170203,10.400559846152461
data/SYNTHETIC/05618.csv,32.024501492892405,17.439948274838425,14.58455321805398,1.6755063708873035,32.9155063708873,-0.8910048779948951
data/SYNTHETIC/05619.csv,17.75701182554868,9.885184825919216,7.871826999629464,1.502078488454503,32.7420784884545,-14.985066662905822
data/SYNTHETIC/05620.csv,60.7452916319876,36.14313806728012,24.60215356470748,2.4345981404517856,33.674598140451785,27.070693491535813
data/SYNTHETIC/05621.csv,24.448375333478985,14.014073466309657,10.434301867169326,2.402115608114223,33.642115608114224,-9.193740274635239
data/SYNTHETIC/05622.csv,20.89871948377308,12.931099031151467,7.96762045262161,3.5457288534658336,34.785728853465834,-13.887009369692755
data/SYNTHETIC/05623.csv,48.70588174296611,25.363412085105274,23.34246965786084,4.311429675584146,35.551429675584146,13.154452067381968
data/SYNTHETIC/05624.csv,29.580185123745157,16.24813130356345,13.332053820181706,3.775942959295661,35.01594295929566,-5.4357578355505005
data/SYNTHETIC/05625.csv,41.20104682095014,21.541835430637306,19.65921139031283,1.5312170277487513,32.77121702774875,8.429829793201392
data/SYNTHETIC/05626.csv,67.59519673833604,37.25741017572386,30.33778656261218,1.8315834733426808,33.07158347334268,34.523613264993365
data/SYNTHETIC/05627.csv,5.014569448556412,3.1130694066623463,1.901500041894066,0.07544574720811856,31.315445747208116,-26.300876298651705
data/SYNTHETIC/05628.csv,68.94182530714892,38.060410898806374,30.881414408342543,2.851358723549569,34.09135872354957,34.85046658359935
data/SYNTHETIC/05629.csv,54.288336066567794,31.281143494179513,23.007192572388284,6.587286675312239,37.82728667531224,16.461049391255557
data/SYNTHETIC/05630.csv,39.58923168361743,21.069962383911115,18.519269299706316,3.677811903674929,34.91781190367493,4.671419779942497
data/SYNTHETIC/05631.csv,20.59491648204972,12.179461636689803,8.415454845359918,1.6732903826679377,32.91329038266794,-12.31837390061822
data/SYNTHETIC/05632.csv,51.06085423123906,25.723485914816845,25.33736831642222,14.371626649308677,45.611626649308675,5.449227581930387
data/SYNTHETIC/05633.csv,24.982494427930455,10.723638950049743,14.258855477880712,12.004679875497287,43.24467987549728,-18.26218544756683
data/SYNTHETIC/05634.csv,45.491555856267624,24.40023234372223,21.091323512545394,2.298096157520708,33.538096157520705,11.953459698746919
data/SYNTHETIC/05635.csv,57.73887047798705,26.71605295884642,31.022817519140627,12.226017300978866,43.46601730097886,14.272853177008187
data/SYNTHETIC/05636.csv,68.52201352106377,42.7008882670312,25.821125254032566,7.851474634091899,39.091474634091895,29.430538886971874
data/SYNTHETIC/05637.csv,39.709145867000885,20.298997454467628,19.410148412533253,1.9890490095939954,33.22904900959399,6.480096857406892
data/SYNTHETIC/05638.csv,24.51481689954963,12.320310333649616,12.194506565900012,2.67708573380608,33.917085733806076,-9.402268834256446
data/SYNTHETIC/05639.csv,56.18386012418097,33.08087409880055,23.102986025380417,1.4580164304800918,32.69801643048009,23.48584369370088
data/SYNTHETIC/05640.csv,30.377595031527548,17.713700545966063,12.663894485561485,0.5599824251738797,31.799982425173877,-1.4223873936463285
data/SYNTHETIC/05641.csv,54.862542305567416,32.540272922072944,22.322269383494472,4.19954476851346,35.43954476851346,19.42299753705396
data/SYNTHETIC/05642.csv,12.699970372028293,6.291388366853824,6.40858200517447,3.8343163827622346,35.074316382762234,-22.37434601073394
data/SYNTHETIC/05643.csv,64.33378920580947,33.62240817652793,30.711381029281533,4.533426263930013,35.77342626393001,28.560362941879454
data/SYNTHETIC/05644.csv,49.12122284394094,17.396826049267478,31.724396794673464,30.219538167144012,61.45953816714401,-12.33831532320307
data/SYNTHETIC/05645.csv,33.50175585896779,17.85150047637619,15.650255382591599,4.156099991247843,35.396099991247844,-1.8943441322800538
data/SYNTHETIC/05646.csv,41.383611949674076,24.986167633743758,16.397444315930315,1.0140410543483194,32.25404105434832,9.129570895325756
data/SYNTHETIC/05647.csv,39.910664843005904,21.343498816803507,18.567166026202393,4.758126863999228,35.998126863999225,3.9125379790066788
data/SYNTHETIC/05648.csv,47.393657789228286,21.62761377066622,25.766044018562063,21.462656908838294,52.70265690883829,-5.308999119610007
data/SYNTHETIC/05649.csv,27.85405895867664,19.75951218084044,8.0945467778362,3.9263826138589755,35.16638261385897,-7.3123236551823325
data/SYNTHETIC/05650.csv,35.65535862855136,14.255101230106282,21.40025739844508,18.658110643992515,49.89811064399251,-14.242752015441148
data/SYNTHETIC/05651.csv,52.16447491189365,31.307845359179005,20.856629552714644,1.445297118610169,32.685297118610166,19.479177793283483
data/SYNTHETIC/05652.csv,32.56759008858937,16.203673481206305,16.363916607383068,5.973236901448387,37.21323690144838,-4.645646812859013
data/SYNTHETIC/05653.csv,48.273246010794566,27.620177545688172,20.65306846510639,1.3639708547549967,32.603970854755,15.669275156039568
data/SYNTHETIC/05654.csv,35.28123988521398,17.889938494490153,17.39130139072383,2.9997622281332674,34.239762228133266,1.041477657080712
data/SYNTHETIC/05655.csv,64.97747948484134,36.526823946174446,28.450655538666897,2.6821139488564425,33.92211394885644,31.055365535984897
data/SYNTHETIC/05656.csv,36.19604461140658,21.06307387497256,15.132970736434018,6.633147521388858,37.87314752138886,-1.6771029099822812
data/SYNTHETIC/05657.csv,50.283148082371724,31.500446786936976,18.782701295434745,9.71880285307272,40.95880285307272,9.324345229299006
data/SYNTHETIC/05658.csv,28.098191843390772,11.260097643696573,16.8380941996942,12.30513851858438,43.54513851858438,-15.446946675193608
data/SYNTHETIC/05659.csv,37.14947464997153,23.793472466541797,13.356002183429732,1.7498452444678143,32.989845244467816,4.159629405503715
data/SYNTHETIC/05660.csv,26.584728751153378,14.442908584399078,12.1418201667543,2.6546074381874023,33.8946074381874,-7.309878687034022
data/SYNTHETIC/05661.csv,51.05292733680275,27.44702568321356,23.60590165358919,3.267494975840169,34.50749497584017,16.545432360962586
data/SYNTHETIC/05662.csv,24.604396912432314,14.82149052560957,9.782906386822745,0.37023360130487865,31.610233601304877,-7.005836688872563
data/SYNTHETIC/05663.csv,19.11077427124289,11.605357229308378,7.505417041934511,0.6882296144693931,31.92822961446939,-12.817455343226502
data/SYNTHETIC/05664.csv,23.635049832912003,12.894208916167816,10.740840916744189,3.1581112143864907,34.39811121438649,-10.763061381474486
data/SYNTHETIC/05665.csv,43.20194354302134,19.572093526184098,23.629850016837242,14.476317467573455,45.716317467573454,-2.5143739245521104
data/SYNTHETIC/05666.csv,40.917205418015584,23.904288166610726,17.01291725140486,3.6754060451231934,34.91540604512319,6.001799372892393
data/SYNTHETIC/05667.csv,35.99356192633783,19.42847906767126,16.565082858666567,3.675394177432055,34.915394177432056,1.078167748905777
data/SYNTHETIC/05668.csv,89.81498151365338,49.9481412146477,39.86684029900569,1.4716145099226805,32.711614509922676,57.1033670037307
data/SYNTHETIC/05669.csv,45.85076417143388,20.95883541142512,24.89192876000876,10.402570817365822,41.64257081736582,4.208193354068058
data/SYNTHETIC/05670.csv,44.000279351174605,24.853562934369748,19.146716416804857,2.662674434996862,33.90267443499686,10.097604916177744
data/SYNTHETIC/05671.csv,5.327784892401461,2.8970260227257976,2.4307588696756635,0.2753427271732166,31.515342727173216,-26.187557834771756
data/SYNTHETIC/05672.csv,11.61343294482539,8.636651393094505,2.976781551730886,0.6141315053762889,31.854131505376287,-20.240698560550896
data/SYNTHETIC/05673.csv,62.16895736910068,34.00568218941022,28.163275179690462,2.671276800687048,33.91127680068705,28.257680568413633
data/SYNTHETIC/05674.csv,61.96041772446435,33.5983711298152,28.362046594649147,0.6778061385478932,31.917806138547892,30.042611585916458
data/SYNTHETIC/05675.csv,98.47882528162594,54.67726890096789,43.80155638065805,9.66315174385074,40.90315174385074,57.5756735377752
data/SYNTHETIC/05676.csv,45.73421111603689,24.26929313682212,21.46491797921477,17.144664771007466,48.384664771007465,-2.650453654970576
data/SYNTHETIC/05677.csv,41.30736060459466,22.965309192923808,18.34205141167086,3.321270189156879,34.56127018915688,6.746090415437784
data/SYNTHETIC/05678.csv,63.68422816076893,33.61945293918438,30.064775221584554,21.596174880874756,52.83617488087475,10.848053279894181
data/SYNTHETIC/05679.csv,5.77203279637366,3.4418570523397474,2.3301757440339124,0.48287738472037767,31.722877384720377,-25.95084458834672
data/SYNTHETIC/05680.csv,62.37848348583083,36.0209148950423,26.357568590788528,0.3420491682246831,31.582049168224682,30.796434317606145
data/SYNTHETIC/05681.csv,25.484135104089447,15.921553659148636,9.562581444940811,0.7253893122627754,31.965389312262772,-6.4812542081733255
data/SYNTHETIC/05682.csv,64.4777742275511,33.493381857241964,30.984392370309127,6.319418293481253,37.55941829348125,26.918355934069844
data/SYNTHETIC/05683.csv,36.758292107594805,19.38854424379422,17.369747863800583,1.81110789568083,33.05110789568083,3.707184211913976
data/SYNTHETIC/05684.csv,105.94703315710012,54.232937559290974,51.71409559780914,2.5659260188584443,33.80592601885844,72.14110713824168
data/SYNTHETIC/05685.csv,57.92895625219663,30.54400287806732,27.384953374129307,9.303206596680369,40.54320659668036,17.385749655516264
data/SYNTHETIC/05686.csv,17.33000672124177,8.806784241265706,8.523222479976063,7.154489726600389,38.39448972660038,-21.064483005358614
data/SYNTHETIC/05687.csv,19.026411413219535,12.957896166167188,6.068515247052346,0.7503674263469026,31.9903674263469,-12.963956013127365
data/SYNTHETIC/05688.csv,29.689744553040455,18.541781461079633,11.147963091960824,6.0127352396721925,37.25273523967219,-7.562990686631736
data/SYNTHETIC/05689.csv,40.643520796445586,21.53272692451278,19.110793871932806,3.169264532813556,34.40926453281355,6.234256263632034
data/SYNTHETIC/05690.csv,54.28198535222917,29.01406728922628,25.26791806300289,1.7105453202916487,32.950545320291646,21.331440031937525
data/SYNTHETIC/05691.csv,35.2482774604394,22.282633597952657,12.965643862486742,1.637695352441993,32.87769535244199,2.370582107997407
data/SYNTHETIC/05692.csv,48.77762247588983,26.345190621454407,22.43243185443542,2.380543927308715,33.62054392730872,15.157078548581111
data/SYNTHETIC/05693.csv,51.226047455051884,32.21823154508561,19.00781590996628,2.5214893741565274,33.761489374156525,17.464558080895358
data/SYNTHETIC/05694.csv,63.44820973009547,34.00609195295987,29.442117777135596,3.6977906131117004,34.9377906131117,28.51041911698377
data/SYNTHETIC/05695.csv,47.313817744704934,32.0347619924579,15.279055752247029,0.9425185371517653,32.182518537151765,15.13129920755317
data/SYNTHETIC/05696.csv,33.369271238395854,15.640297925874696,17.728973312521155,16.788517460458163,48.02851746045816,-14.659246222062308
data/SYNTHETIC/05697.csv,29.19715008258136,18.894564213276222,10.302585869305137,1.9568647577655314,33.19686475776553,-3.9997146751841726
data/SYNTHETIC/05698.csv,49.19903737003769,24.7429688211432,24.456068548894493,17.194908657053613,48.43490865705361,0.7641287129840819
data/SYNTHETIC/05699.csv,59.31171283240771,38.99871112542349,20.313001706984217,3.8086530759114114,35.04865307591141,24.263059756496297
data/SYNTHETIC/05700.csv,19.960363580538868,11.616753824923073,8.343609755615795,1.1969685273260549,32.43696852732605,-12.476604946787184
data/SYNTHETIC/05701.csv,38.71891695369359,20.87020182493229,17.8487151287613,4.072737457045455,35.31273745704545,3.406179496648143
data/SYNTHETIC/05702.csv,34.89325088070874,18.646681253241056,16.246569627467686,0.9380906889828866,32.178090688982884,2.7151601917258574
data/SYNTHETIC/05703.csv,34.56051013246774,22.581538835800057,11.978971296667687,9.156782859157891,40.39678285915789,-5.836272726690147
data/SYNTHETIC/05704.csv,35.03830027850925,17.13689875060225,17.901401527906998,7.364756195091846,38.604756195091845,-3.5664559165825978
data/SYNTHETIC/05705.csv,51.83719538900577,31.04762125338561,20.78957413562016,1.6856700587428581,32.92567005874286,18.91152533026291
data/SYNTHETIC/05706.csv,213.29326262632208,120.53125332502204,92.76200930130003,59.88136870112626,91.12136870112626,122.17189392519582
data/SYNTHETIC/05707.csv,48.35654705234352,24.18785886242545,24.168688189918072,16.116425197194097,47.3564251971941,1.0001218551494233
data/SYNTHETIC/05708.csv,46.5609265038062,21.874953667730594,24.68597283607561,1.1981263359029257,32.43812633590292,14.122800167903279
data/SYNTHETIC/05709.csv,63.89073390379634,30.437265282614668,33.45346862118167,4.244667547676596,35.484667547676594,28.406066356119744
data/SYNTHETIC/05710.csv,33.376202705181306,19.45022947644831,13.925973228732996,2.8222511851252743,34.06225118512527,-0.6860484799439632
data/SYNTHETIC/05711.csv,58.389868504750716,26.32540495195512,32.064463552795594,12.889210531421018,44.129210531421016,14.2606579733297
data/SYNTHETIC/05712.csv,65.36677783702653,35.81449758894993,29.552280248076595,8.60052855951679,39.84052855951679,25.52624927750974
data/SYNTHETIC/05713.csv,27.04826629502919,12.226624280819639,14.821642014209552,6.3179892500345245,37.557989250034524,-10.509722955005333
data/SYNTHETIC/05714.csv,24.756285911011034,13.407156567766727,11.349129343244305,2.429415455209345,33.66941545520935,-8.913129544198313
data/SYNTHETIC/05715.csv,53.45807699378997,29.7228541786614,23.735222815128573,0.896547451560685,32.13654745156068,21.321529542229293
data/SYNTHETIC/05716.csv,44.183074097449676,26.99293895800936,17.190135139440315,2.6698937327328345,33.90989373273283,10.273180364716843
data/SYNTHETIC/05717.csv,11.189257466197258,6.401979652914841,4.787277813282416,0.48962402180604586,31.729624021806043,-20.540366555608784
data/SYNTHETIC/05718.csv,48.05258002218301,25.21063115620614,22.84194886597687,5.7016756586764465,36.941675658676445,11.110904363506563
data/SYNTHETIC/05719.csv,3.6979536873962537,2.1484945852483186,1.5494591021479354,0.35446672141240354,31.594466721412402,-27.89651303401615
data/SYNTHETIC/05720.csv,64.36362801264845,40.467951163757974,23.89567684889047,2.497776660170885,33.73777666017088,30.625851352477568
data/SYNTHETIC/05721.csv,19.630272205554064,11.102260052928397,8.528012152625669,4.766724791338577,36.00672479133858,-16.376452585784513
data/SYNTHETIC/05722.csv,48.110509744463755,28.585409188339916,19.525100556123835,5.673120759297261,36.91312075929726,11.197388985166498
data/SYNTHETIC/05723.csv,86.01842933069,25.48894122127865,60.52948810941135,55.825338672005074,87.06533867200507,-1.0469093413150716
data/SYNTHETIC/05724.csv,84.6812314058773,58.7451540082542,25.9360773976231,0.7470894666996621,31.98708946669966,52.69414193917764
data/SYNTHETIC/05725.csv,66.40486791976915,32.357479890036196,34.04738802973296,6.672574881649437,37.912574881649434,28.492293038119712
data/SYNTHETIC/05726.csv,43.61015638357006,21.56808285007763,22.04207353349243,12.431693225740087,43.671693225740086,-0.061536842170028194
data/SYNTHETIC/05727.csv,60.51406907080866,32.84652501035256,27.667544060456102,1.0881558901643067,32.328155890164304,28.185913180644356
data/SYNTHETIC/05728.csv,14.059280974098026,7.801573657386195,6.257707316711832,0.6513338757198742,31.891333875719873,-17.832052901621847
data/SYNTHETIC/05729.csv,28.328392152135727,15.808187846062454,12.520204306073271,1.9031647301186125,33.14316473011861,-4.814772577982886
data/SYNTHETIC/05730.csv,82.3654697452551,40.65939514880021,41.7060745964549,11.330494806698542,42.57049480669854,39.79497493855656
data/SYNTHETIC/05731.csv,52.375153181045654,29.614628750112132,22.760524430933522,3.087202566935366,34.32720256693536,18.04795061411029
data/SYNTHETIC/05732.csv,52.032357438576895,30.138763757222286,21.89359368135461,3.4226618575571677,34.66266185755717,17.369695581019727
data/SYNTHETIC/05733.csv,28.933029706772963,15.399809635307735,13.533220071465227,6.1362713992609725,37.37627139926097,-8.443241692488009
data/SYNTHETIC/05734.csv,48.48927897701926,28.844436604655243,19.644842372364018,6.010584755438238,37.25058475543824,11.23869422158102
data/SYNTHETIC/05735.csv,34.410480944836934,18.36268273232793,16.047798212509008,3.3322908343762307,34.57229083437623,-0.16180988953929898
data/SYNTHETIC/05736.csv,34.17611950722578,16.272323142993972,17.903796364231802,16.54027279566843,47.780272795668424,-13.604153288442646
data/SYNTHETIC/05737.csv,65.59788028166518,42.65534829004661,22.942531991618576,2.2413408879118677,33.48134088791187,32.116539393753314
data/SYNTHETIC/05738.csv,2.0113097895470156,1.2138292933874135,0.797480496159602,0.008300778622663124,31.24830077862266,-29.236990989075643
data/SYNTHETIC/05739.csv,72.57421450875128,38.80941716534518,33.7647973434061,4.943539426900347,36.183539426900346,36.39067508185094
data/SYNTHETIC/05740.csv,53.41998507706578,25.022015937544527,28.397969139521255,12.325330044178271,43.56533004417827,9.854655032887514
data/SYNTHETIC/05741.csv,28.545330062193827,15.507841109962978,13.03748895223085,9.608508881156801,40.8485088811568,-12.303178818962976
data/SYNTHETIC/05742.csv,19.469258557056264,10.467068812119495,9.002189744936768,2.17961206138314,33.41961206138314,-13.950353504326877
data/SYNTHETIC/05743.csv,55.460129771018174,26.065908720378626,29.39422105063955,22.935884516589713,54.17588451658971,1.2842452544284626
data/SYNTHETIC/05744.csv,30.65189405060082,12.290683948331505,18.361210102269315,16.637552762527296,47.877552762527294,-17.225658711926474
data/SYNTHETIC/05745.csv,78.63197345860817,45.38925043400923,33.24272302459895,20.10099786299777,51.34099786299777,27.290975595610405
data/SYNTHETIC/05746.csv,63.32577111215369,31.584610463206598,31.74116064894709,11.81521163401564,43.055211634015635,20.270559478138054
data/SYNTHETIC/05747.csv,55.91543418799482,27.692288100184243,28.223146087810573,13.515655983866777,44.755655983866774,11.159778204128045
data/SYNTHETIC/05748.csv,87.83379490376953,47.28240261550029,40.55139228826924,23.944315803217474,55.18431580321747,32.64947910055206
data/SYNTHETIC/05749.csv,47.68884302929952,29.36355547190227,18.325287557397253,0.9843563350170363,32.224356335017035,15.464486694282485
data/SYNTHETIC/05750.csv,57.65477207130514,33.804597112585995,23.850174958719144,1.6435952616883998,32.8835952616884,24.77117680961674
data/SYNTHETIC/05751.csv,100.50352003121262,39.01370255555502,61.489817475657595,61.02283329158486,92.26283329158485,8.240686739627762
data/SYNTHETIC/05752.csv,45.63031288714349,27.47984838145693,18.150464505686564,15.337897864554769,46.57789786455477,-0.9475849774112817
data/SYNTHETIC/05753.csv,98.35713424343166,53.53204876591574,44.82508547751592,4.631623339764229,35.87162333976423,62.48551090366743
data/SYNTHETIC/05754.csv,48.78356678455613,22.974415712147625,25.809151072408504,2.2340121745457244,33.47401217454572,15.309554610010409
data/SYNTHETIC/05755.csv,37.3670300722875,20.24395034994169,17.123079722345807,0.42293103802585397,31.662931038025853,5.704099034261645
data/SYNTHETIC/05756.csv,26.757895768949297,15.456663152201061,11.301232616748234,1.3928485321298996,32.6328485321299,-5.874952763180602
data/SYNTHETIC/05757.csv,52.354305598754195,19.312748825438707,33.04155677331549,28.538141804530245,59.77814180453024,-7.423836205776048
data/SYNTHETIC/05758.csv,63.29446843613421,33.655974080364714,29.638494355769495,2.250613105833957,33.49061310583396,29.80385533030025
data/SYNTHETIC/05759.csv,55.150622038815456,23.105317176618296,32.045304862197156,17.704036566500132,48.94403656650013,6.206585472315325
data/SYNTHETIC/05760.csv,34.30995628052764,22.771634867623852,11.538321412903791,0.5283742589430287,31.768374258943027,2.5415820215846168
data/SYNTHETIC/05761.csv,4.388682361042273,3.4115891405224,0.9770932205198726,0.0005349994676591165,31.24053499946766,-26.851852638425385
data/SYNTHETIC/05762.csv,77.01425338315929,37.760491183303316,39.25376219985596,1.4973993628081292,32.73739936280813,44.27685402035116
data/SYNTHETIC/05763.csv,42.55712955038853,22.22975882545549,20.32737072493304,0.8795409823912278,32.11954098239123,10.437588567997302
data/SYNTHETIC/05764.csv,17.58659310817095,13.244754851301998,4.34183825686895,1.1497552315338477,32.38975523153385,-14.803162123362899
data/SYNTHETIC/05765.csv,49.02295494629224,27.93163143374685,21.091323512545387,2.710453753729566,33.95045375372956,15.072501192562676
data/SYNTHETIC/05766.csv,24.37037336303453,12.817682932181922,11.55269043085261,1.7834960514529594,33.02349605145296,-8.653122688418428
data/SYNTHETIC/05767.csv,91.27215506371746,50.21987078393396,41.05228427978351,17.610787981871244,48.85078798187124,42.42136708184622
data/SYNTHETIC/05768.csv,48.83696817142389,25.81061690843714,23.02635126298675,4.523507268125095,35.763507268125096,13.073460903298795
data/SYNTHETIC/05769.csv,51.127137551603354,29.415551430933828,21.711586120669526,2.0919931452673657,33.33199314526736,17.795144406335993
data/SYNTHETIC/05770.csv,35.095507956864004,19.620075625983077,15.475432330880928,0.9176303838556465,32.15763038385565,2.9378775730083575
data/SYNTHETIC/05771.csv,14.834055585766933,7.750129736997856,7.083925848769076,1.0006847774491923,32.24068477744919,-17.406629191682256
data/SYNTHETIC/05772.csv,49.97542502830913,25.287057355908697,24.68836767240043,2.5527669168082108,33.79276691680821,16.18265811150092
data/SYNTHETIC/05773.csv,65.21348047789607,32.56228202552361,32.65119845237246,12.032217161194021,43.27221716119402,21.94126331670205
data/SYNTHETIC/05774.csv,28.75038697932566,16.49361466898078,12.25677231034488,0.838876708506191,32.078876708506186,-3.328489729180525
data/SYNTHETIC/05775.csv,32.59801764731527,20.05147014166916,12.546547505646108,2.477193429523663,33.71719342952366,-1.1191757822083943
data/SYNTHETIC/05776.csv,52.87538630513333,27.092578432297593,25.78280787283574,4.998357023133972,36.23835702313397,16.63702928199936
data/SYNTHETIC/05777.csv,19.767971784143253,11.687794024255876,8.080177759887377,1.0425412360330313,32.282541236033026,-12.514569451889773
data/SYNTHETIC/05778.csv,30.900217001291146,18.756001998212042,12.144215003079104,1.4419586999684515,32.68195869996845,-1.7817416986773011
data/SYNTHETIC/05779.csv,58.21478681524215,34.51788138131041,23.696905433931743,11.139644069326042,42.37964406932604,15.835142745916109
data/SYNTHETIC/05780.csv,14.172883392059543,9.359262379204289,4.813621012855253,0.6312787179892769,31.871278717989277,-17.698395325929734
data/SYNTHETIC/05781.csv,48.99617416769937,28.59216868037261,20.404005487326764,5.798893692258231,37.03889369225823,11.957280475441145
data/SYNTHETIC/05782.csv,32.411093134183844,16.411191648170913,15.999901486012929,8.331442695807064,39.571442695807065,-7.160349561623221
data/SYNTHETIC/05783.csv,24.351925281978744,13.455420004122315,10.89650527785643,5.087474341563807,36.32747434156381,-11.975549059585063
data/SYNTHETIC/05784.csv,79.65583362664069,44.432580961429174,35.223252665211504,5.168342901258275,36.40834290125827,43.24749072538241
data/SYNTHETIC/05785.csv,48.824089734305694,26.233598682433247,22.590491051872448,1.643886617594842,32.88388661759484,15.940203116710855
data/SYNTHETIC/05786.csv,86.97140103205136,36.92890118895511,50.04249984309625,17.356687436787436,48.596687436787434,38.37471359526393
data/SYNTHETIC/05787.csv,35.16180434994834,18.975105630600723,16.18669871934762,4.942509475436125,36.18250947543612,-1.0207051254877797
data/SYNTHETIC/05788.csv,39.141964426587215,21.314802824749147,17.827161601838068,1.1979533121473667,32.437953312147364,6.704011114439851
data/SYNTHETIC/05789.csv,17.651488707570742,10.71604271093949,6.935445996631254,1.8267687403427804,33.06676874034278,-15.415280032772039
data/SYNTHETIC/05790.csv,33.30357510427649,19.68893059776797,13.614644506508519,0.9019678308862925,32.141967830886294,1.1616072733901959
data/SYNTHETIC/05791.csv,27.691762924937812,17.506524035548065,10.18523888938975,1.6111004391993686,32.851100439199364,-5.159337514261551
data/SYNTHETIC/05792.csv,52.82906610852769,28.183805489973746,24.645260618553944,0.7761279771351256,32.01612797713513,20.812938131392563
data/SYNTHETIC/05793.csv,20.81563187536772,12.936620366763849,7.879011508603874,1.5027477158962452,32.74274771589624,-11.927115840528522
data/SYNTHETIC/05794.csv,88.13107858003758,47.179377425895844,40.95170115414173,2.0197635023272413,33.25976350232724,54.87131507771034
data/SYNTHETIC/05795.csv,13.374680720523486,7.2151616931285885,6.159519027394897,3.582537538086142,34.82253753808614,-21.447856817562652
data/SYNTHETIC/05796.csv,24.028089443430606,16.01496710063773,8.013122342792876,0.7690388982696457,32.009038898269644,-7.980949454839038
data/SYNTHETIC/05797.csv,49.49326388121098,25.75085655710793,23.742407324103045,16.9547934577099,48.1947934577099,1.2984704235010796
data/SYNTHETIC/05798.csv,18.0181791453046,9.291395577720234,8.726783567584368,3.4188687760274603,34.65886877602746,-16.64068963072286
data/SYNTHETIC/05799.csv,43.945455789355606,23.016981146896853,20.928474642458756,3.379359763706396,34.61935976370639,9.326096025649214
data/SYNTHETIC/05800.csv,48.474196396184475,25.186807973794178,23.287388422390297,3.1359556155955843,34.375955615595586,14.098240780588888
data/SYNTHETIC/05801.csv,67.54904333261094,36.81610877640617,30.73293455620477,21.322426318032058,52.56242631803205,14.986617014578883
data/SYNTHETIC/05802.csv,12.8850849077917,7.956511751345871,4.928573156445829,0.6531514290511629,31.893151429051162,-19.00806652125946
data/SYNTHETIC/05803.csv,32.56924800879864,20.240630608709623,12.328617400089016,6.095577122243768,37.33557712224376,-4.766329113445124
data/SYNTHETIC/05804.csv,109.0384500966662,68.85788623911115,40.180563857555036,32.541576397788226,63.78157639778823,45.25687369887797
data/SYNTHETIC/05805.csv,6.577085315180058,4.610924692516295,1.9661606226637633,0.08573249433188826,31.325732494331888,-24.74864717915183
data/SYNTHETIC/05806.csv,57.421042925323775,31.755582032403495,25.665460892920283,2.316460136177673,33.55646013617767,23.864582789146105
data/SYNTHETIC/05807.csv,53.160028532675454,35.150859370152304,18.00916916252315,1.549847034384644,32.78984703438464,20.370181498290812
data/SYNTHETIC/05808.csv,45.88806976023895,26.868279668648665,19.01979009159028,2.8629649666999013,34.1029649666999,11.785104793539048
data/SYNTHETIC/05809.csv,5.10386381926533,3.393950683355552,1.7099131359097777,0.39716627344454525,31.637166273444542,-26.533302454179214
data/SYNTHETIC/05810.csv,40.168504616901565,22.85623282489626,17.312271792005305,1.2398486219477503,32.479848621947745,7.68865599495382
data/SYNTHETIC/05811.csv,35.8358361370432,16.77533382793125,19.060502309111957,10.990916347651362,42.23091634765136,-6.395080210608157
data/SYNTHETIC/05812.csv,19.184383335356742,11.020386304101228,8.163997031255516,2.1035562567095987,33.3435562567096,-14.159172921352855
data/SYNTHETIC/05813.csv,45.960949342590595,26.828601943734554,19.132347398856037,1.3497948768557773,32.58979487685578,13.371154465734818
data/SYNTHETIC/05814.csv,18.254598344104856,12.214821132950151,6.0397772111547035,0.9897231689158683,32.22972316891587,-13.975124824811012
data/SYNTHETIC/05815.csv,81.69546679839485,39.766672423733226,41.928794374661614,5.7296555308976025,36.9696555308976,44.72581126749725
data/SYNTHETIC/05816.csv,65.12777793962695,37.33330755395624,27.794470385670717,12.17024608427543,43.41024608427543,21.717531855351524
data/SYNTHETIC/05817.csv,53.24845554369745,29.194719497369853,24.0537360463276,1.9424925808838616,33.18249258088386,20.065962962813593
data/SYNTHETIC/05818.csv,45.83963596910132,22.935421358679577,22.90421461042175,10.68673378257669,41.92673378257669,3.912902186524633
data/SYNTHETIC/05819.csv,39.898123458537555,23.256405837477267,16.641717621060284,2.0021041061674634,33.24210410616746,6.656019352370095
data/SYNTHETIC/05820.csv,35.28019330874598,17.505718106053564,17.774475202692415,2.7318568452989522,33.97185684529895,1.3083364634470271
data/SYNTHETIC/05821.csv,23.10434980205119,12.535937100692859,10.568412701358328,0.734236769853412,31.97423676985341,-8.86988696780222
data/SYNTHETIC/05822.csv,95.12968642111396,25.353735261635858,69.7759511594781,71.02755434197277,102.26755434197277,-7.13786792085881
data/SYNTHETIC/05823.csv,41.84248411150219,21.93899941605939,19.903484695442796,0.9271526407004202,32.16715264070042,9.675331470801765
data/SYNTHETIC/05824.csv,47.38613216700436,32.353744556212106,15.032387610792256,0.7627932890522315,32.00279328905223,15.383338877952134
data/SYNTHETIC/05825.csv,78.53190245866026,46.97274937039828,31.559153088261965,2.5358384940151595,33.77583849401516,44.756063964645094
data/SYNTHETIC/05826.csv,53.191384190453995,30.47396681336687,22.717417377087123,1.8158664139932532,33.05586641399325,20.135517776460745
data/SYNTHETIC/05827.csv,47.078590172811445,25.690306955990405,21.388283216821037,2.504969097223972,33.74496909722397,13.333621075587473
data/SYNTHETIC/05828.csv,32.38701629533457,20.40804499866691,11.97897129666766,5.230546055430822,36.47054605543082,-4.083529760096255
data/SYNTHETIC/05829.csv,44.75985744655278,29.054520828490705,15.705336618062072,2.865331650372345,34.10533165037234,10.654525796180437
data/SYNTHETIC/05830.csv,45.851646089303564,24.8585108660751,20.993135223228464,7.779727228874481,39.01972722887448,6.831918860429084
data/SYNTHETIC/05831.csv,38.55456497691506,23.3904613682586,15.164103608656463,5.26815164468022,36.50815164468022,2.0464133322348417
data/SYNTHETIC/05832.csv,10.744807490396262,5.327687723690497,5.417119766705764,1.292819322199271,32.532819322199266,-21.788011831803004
data/SYNTHETIC/05833.csv,26.235050850697014,17.343023576701206,8.89202727399581,0.6682839617326433,31.908283961732643,-5.673233111035628
data/SYNTHETIC/05834.csv,16.86715581271701,8.957011431890688,7.910144380826322,1.2504288465096918,32.49042884650969,-15.623273033792678
data/SYNTHETIC/05835.csv,34.16109235666865,19.222103362543713,14.938988994124935,5.069194187289593,36.30919418728959,-2.148101830620945
data/SYNTHETIC/05836.csv,53.87348255264908,29.858063887518476,24.0154186651306,0.8690873392329614,32.10908733923296,21.764395213416122
data/SYNTHETIC/05837.csv,7.34285833155818,4.816306008890371,2.526552322667808,2.0018711963560127,33.24187119635601,-25.89901286479783
data/SYNTHETIC/05838.csv,74.35878235096581,44.39698509134783,29.96179725961799,4.425657113857376,35.66565711385738,38.69312523710843
data/SYNTHETIC/05839.csv,23.377305858142677,13.378864202087607,9.99844165605507,1.1594638648137745,32.399463864813775,-9.022158006671098
data/SYNTHETIC/05840.csv,40.774445598208175,22.86825439765159,17.906191200556588,0.8984300526117752,32.138430052611774,8.6360155455964
data/SYNTHETIC/05841.csv,25.543685191131395,12.999532521810073,12.54415266932132,2.935233870672589,34.175233870672585,-8.63154867954119
data/SYNTHETIC/05842.csv,42.56319049658541,25.75622916911368,16.806961327471733,1.8596675484927059,33.099667548492704,9.46352294809271
data/SYNTHETIC/05843.csv,26.70753787498431,16.910262470212743,9.797275404771568,2.158999617351945,33.39899961735194,-6.691461742367629
data/SYNTHETIC/05844.csv,43.89943190692188,25.416085152087618,18.483346754834265,1.3695522006191987,32.6095522006192,11.289879706302685
data/SYNTHETIC/05845.csv,56.948619249763574,32.71766531540056,24.230953934363015,3.340169509863587,34.58016950986359,22.368449739899987
data/SYNTHETIC/05846.csv,75.10105137491504,23.50190792069639,51.59914345421866,50.37566757154079,81.61566757154078,-6.514616196625738
data/SYNTHETIC/05847.csv,31.832915975397782,16.072498121865195,15.760417853532585,8.406661832031165,39.646661832031164,-7.813745856633382
data/SYNTHETIC/05848.csv,39.55096953524505,19.94683938040269,19.604130154842363,4.071913245216777,35.31191324521677,4.23905629002828
data/SYNTHETIC/05849.csv,38.10373699420205,19.253980281672835,18.84975671252922,3.150364563161404,34.390364563161405,3.7133724310406464
data/SYNTHETIC/05850.csv,33.689979506556135,18.21454717567521,15.475432330880926,1.872456679736332,33.11245667973633,0.577522826819802
data/SYNTHETIC/05851.csv,70.01077613250305,35.07011415361831,34.940661978884734,11.75474741155983,42.99474741155983,27.016028720943225
data/SYNTHETIC/05852.csv,2.026793945517456,1.3418707566236234,0.6849231888938323,0.022921393192750984,31.262921393192748,-29.236127447675294
data/SYNTHETIC/05853.csv,39.439912444563404,23.63638753718439,15.803524907379018,0.9746105950429311,32.21461059504293,7.225301849520477
data/SYNTHETIC/05854.csv,5.852306181648702,3.8166953055656343,2.0356108760830676,0.6709033418595199,31.91090334185952,-26.058597160210816
data/SYNTHETIC/05855.csv,48.59454399651942,24.193556683095395,24.400987313424025,8.725502139107483,39.965502139107485,8.629041857411934
data/SYNTHETIC/05856.csv,63.23290864203187,30.72300553282283,32.50990310920904,27.134032867175733,58.37403286717573,4.858875774856145
data/SYNTHETIC/05857.csv,18.75910037142358,10.393937088884572,8.365163282539006,4.45395521557079,35.69395521557079,-16.93485484414721
data/SYNTHETIC/05858.csv,68.15340634064577,39.50397938702018,28.64942695362559,10.874295239434213,42.11429523943421,26.03911110121156
data/SYNTHETIC/05859.csv,47.2355141949066,26.60160442039866,20.633909774507934,2.9590179988664067,34.1990179988664,13.036496196040197
data/SYNTHETIC/05860.csv,51.04045991059036,25.568980759979144,25.471479150611216,7.224336487153305,38.464336487153304,12.576123423437053
data/SYNTHETIC/05861.csv,8.347424957809103,5.011417957357675,3.336007000451428,0.06486354540260443,31.304863545402604,-22.9574385875935
data/SYNTHETIC/05862.csv,45.884392935755166,26.138967437749404,19.745425498005762,1.754931045287249,32.994931045287245,12.88946189046792
data/SYNTHETIC/05863.csv,36.18774115233503,16.80633077569939,19.38141037663564,11.153656581396575,42.39365658139657,-6.205915429061541
data/SYNTHETIC/05864.csv,35.94662415280325,20.270025570638825,15.676598582164425,1.0505365998468843,32.29053659984688,3.6560875529563717
data/SYNTHETIC/05865.csv,15.495254557949238,9.560850145085894,5.934404412863344,1.2817803170625082,32.52178031706251,-17.02652575911327
data/SYNTHETIC/05866.csv,41.459066396258166,24.221034530321784,17.23803186593638,1.1311310753606385,32.37113107536064,9.087935320897529
data/SYNTHETIC/05867.csv,21.538231128229803,12.825816578594262,8.71241454963554,5.265560806910881,36.50556080691088,-14.967329678681075
data/SYNTHETIC/05868.csv,28.806872096929375,14.5695701459719,14.237301950957477,6.769419167406074,38.00941916740607,-9.202547070476697
data/SYNTHETIC/05869.csv,31.267864091100208,17.543057113650708,13.7248069774495,4.362322427158249,35.60232242715825,-4.3344583360580415
data/SYNTHETIC/05870.csv,12.508576390953632,7.421944037070757,5.086632353882874,2.425054923807173,33.66505492380717,-21.156478532853537
data/SYNTHETIC/05871.csv,37.86925042410738,20.037299149619685,17.831951274487693,8.114084483749348,39.35408448374935,-1.484834059641969
data/SYNTHETIC/05872.csv,14.86065474248722,6.428436042853701,8.43221869963352,3.58621837383625,34.82621837383625,-19.965563631349028
data/SYNTHETIC/05873.csv,48.382075539865866,24.55584894439475,23.826226595471113,0.9066130406170663,32.14661304061706,16.235462499248804
data/SYNTHETIC/05874.csv,46.59979630096909,25.10374544953189,21.496050851437197,2.0799930809641016,33.3199930809641,13.279803220004986
data/SYNTHETIC/05875.csv,68.3331417330825,48.149832387268006,20.183309345814493,2.787364286244972,34.02736428624497,34.30577744683753
data/SYNTHETIC/05876.csv,51.74940876170434,28.545839610682165,23.203569151022172,1.2515403966645664,32.49154039666456,19.257868365039776
data/SYNTHETIC/05877.csv,27.321692063920608,14.344074019809849,12.97761804411076,1.099016429985967,32.33901642998597,-5.01732436606536
data/SYNTHETIC/05878.csv,48.11911228602044,25.384931054659766,22.73418123136067,6.636501551605495,37.87650155160549,10.242610734414946
data/SYNTHETIC/05879.csv,22.359561762004596,11.273864414488688,11.085697347515909,2.4911862666950846,33.73118626669508,-11.371624504690487
data/SYNTHETIC/05880.csv,1.8841985242517643,1.2256185349307716,0.6585799893209927,0.025701675923063955,31.26570167592306,-29.381503151671296
data/SYNTHETIC/05881.csv,37.27494184787083,19.694448387487533,17.580493460383295,1.3231735323354754,32.563173532335476,4.711768315535352
data/SYNTHETIC/05882.csv,23.792214593335157,13.15914131120713,10.633073282128027,2.3667794460037412,33.60677944600374,-9.814564852668585
data/SYNTHETIC/05883.csv,41.23204033824415,25.74942349838879,15.482616839855353,13.592186758250246,44.832186758250245,-3.600146420006098
data/SYNTHETIC/05884.csv,51.43097083792772,30.411492415126386,21.01947842280133,12.230912083228661,43.47091208322866,7.960058754699055
data/SYNTHETIC/05885.csv,51.385407757729716,28.770968342609166,22.61443941512055,7.649755537731986,38.889755537731986,12.49565221999773
data/SYNTHETIC/05886.csv,52.16257181651879,32.47462239030832,19.687949426210473,1.7796219126397035,33.0196219126397,19.142949903879092
data/SYNTHETIC/05887.csv,2.6181176739949894,1.6362347808255098,0.9818828931694797,0.0996745957399231,31.339674595739922,-28.721556921744934
data/SYNTHETIC/05888.csv,57.17146906938579,29.19978079567963,27.971688273706164,5.781789847107901,37.0217898471079,20.149679222277896
data/SYNTHETIC/05889.csv,12.530750927957097,5.274396863802146,7.2563540641549515,4.911303574044885,36.15130357404488,-23.620552646087784
data/SYNTHETIC/05890.csv,28.175265116005612,19.838839869364246,8.336425246641364,5.076180465513586,36.31618046551358,-8.14091534950797
data/SYNTHETIC/05891.csv,54.44069389962405,27.493995572933816,26.94669832669024,13.64558279159609,44.885582791596086,9.555111108027965
data/SYNTHETIC/05892.csv,9.670007763751805,7.01892395219421,2.6510838115575956,0.11696296717189651,31.356962967171896,-21.68695520342009
data/SYNTHETIC/05893.csv,62.048813035800045,39.44874263862837,22.600070397171677,4.227615671931162,35.46761567193116,26.58119736386888
data/SYNTHETIC/05894.csv,147.28728241632146,87.16028247383828,60.12699994248318,30.666098134377457,61.90609813437746,85.381184281944
data/SYNTHETIC/05895.csv,47.64374426506008,27.15485380420062,20.48889046085946,7.481433850800552,38.72143385080055,8.922310414259528
data/SYNTHETIC/05896.csv,25.97164055657226,12.864701350922072,13.106939205650189,3.177324412180603,34.417324412180605,-8.445683855608344
data/SYNTHETIC/05897.csv,36.41728380660921,24.845434685158153,11.571849121451057,5.31973522843385,36.55973522843385,-0.14245142182463866
data/SYNTHETIC/05898.csv,17.098069798403547,10.34463136245736,6.753438435946188,2.8879325711595047,34.127932571159505,-17.02986277275596
data/SYNTHETIC/05899.csv,49.1971003967145,26.051007317487585,23.14609307922691,8.783453743086945,40.02345374308695,9.17364665362755
data/SYNTHETIC/05900.csv,42.79135404212087,25.38328879712343,17.408065244997438,1.4019099985652286,32.641909998565225,10.149444043555647
data/SYNTHETIC/05901.csv,63.086172052038236,35.492867917651026,27.593304134387214,2.0978339714542553,33.33783397145425,29.748338080583984
data/SYNTHETIC/05902.csv,65.37994150680795,30.32672222065747,35.05321928615049,35.49533798861756,66.73533798861756,-1.3553964818096063
data/SYNTHETIC/05903.csv,47.41537954120008,25.502627169247056,21.912752371953026,0.8936484799750624,32.13364847997506,15.281731061225024
data/SYNTHETIC/05904.csv,53.69386013662573,29.587437691152594,24.106422445473136,4.925202270247299,36.1652022702473,17.52865786637843
data/SYNTHETIC/05905.csv,50.584798031710235,22.62029426697848,27.964503764731752,7.4999973204096655,38.739997320409664,11.844800711300572
data/SYNTHETIC/05906.csv,65.23769414078697,33.80067770508998,31.437016435696997,7.609109191369362,38.84910919136936,26.388584949417613
data/SYNTHETIC/05907.csv,62.43162536707392,35.66932943739357,26.762295929680345,5.992937387350961,37.23293738735096,25.198687979722962
data/SYNTHETIC/05908.csv,58.26303440761521,32.13537010400779,26.127664303607418,12.476916109152143,43.71691610915214,14.546118298463071
data/SYNTHETIC/05909.csv,62.32666440622424,28.219405468371207,34.10725893785303,9.913338423670819,41.15333842367082,21.173325982553422
data/SYNTHETIC/05910.csv,8.537014099445198,5.2896160430115025,3.2473980564336946,0.14072337477933586,31.380723374779333,-22.843709275334135
data/SYNTHETIC/05911.csv,57.83264936141198,33.486743283458495,24.34590607795349,1.4773647202947027,32.717364720294704,25.115284641117277
data/SYNTHETIC/05912.csv,48.152915133602235,26.802949297978028,21.349965835624207,4.727177819464341,35.96717781946434,12.185737314137896
data/SYNTHETIC/05913.csv,105.277439635695,61.78242230461179,43.495017331083204,57.25811022932345,88.49811022932344,16.77932940637156
data/SYNTHETIC/05914.csv,36.160520252753216,21.101789442388117,15.058730810365095,2.0780819777331514,33.31808197773315,2.842438275020065
data/SYNTHETIC/05915.csv,68.33108089691463,32.468406932980486,35.86267396393414,21.451533074186926,52.69153307418692,15.639547822727707
data/SYNTHETIC/05916.csv,73.22719348908424,45.41116957649029,27.816023912593955,1.821969685660532,33.06196968566053,40.165223803423714
data/SYNTHETIC/05917.csv,59.151640051234224,29.927452379655744,29.224187671578477,5.06372790825708,36.30372790825708,22.847912142977144
data/SYNTHETIC/05918.csv,65.5566948822136,42.748273724784006,22.8084211574296,3.792114141624461,35.03211414162446,30.524580740589144
data/SYNTHETIC/05919.csv,42.858290000661306,24.28154462915968,18.576745371501627,1.3857238044251219,32.62572380442512,10.232566196236185
data/SYNTHETIC/05920.csv,33.70247599114496,17.728917704704873,15.973558286440085,9.130342194550348,40.37034219455035,-6.667866203405389
data/SYNTHETIC/05921.csv,46.10657082972133,30.1018796710588,16.004691158662528,5.595452142068231,36.83545214206823,9.2711186876531
data/SYNTHETIC/05922.csv,69.0792358812647,32.75675334296829,36.322482538296406,25.20555924298197,56.44555924298197,12.633676638282722
data/SYNTHETIC/05923.csv,52.884431772243765,31.043524490034834,21.84090728220893,3.3226992664239687,34.56269926642397,18.321732505819796
data/SYNTHETIC/05924.csv,61.341251599753264,32.49544806749378,28.845803532259485,2.617771497606205,33.8577714976062,27.483480102147062
data/SYNTHETIC/05925.csv,20.735418091680984,8.809133194159,11.926284897521985,8.140402752378165,39.38040275237816,-18.644984660697176
data/SYNTHETIC/05926.csv,71.91918250238534,39.9816452748044,31.937537227580943,1.206725254215267,32.446725254215266,39.47245724817007
data/SYNTHETIC/05927.csv,52.35460004613421,25.961108910473612,26.393491135660597,5.772929719447305,37.0129297194473,15.34167032668691
data/SYNTHETIC/05928.csv,21.279835527724323,11.827416553724458,9.452418973999865,4.762587983928471,36.00258798392847,-14.722752456204148
data/SYNTHETIC/05929.csv,36.92121617219766,21.00752879387768,15.913687378319985,2.7385778765161746,33.97857787651617,2.9426382956814905
data/SYNTHETIC/05930.csv,42.730043311488856,22.41225193185501,20.317791379633846,13.369090013882499,44.60909001388249,-1.8790467023936372
data/SYNTHETIC/05931.csv,43.25778287458186,23.876372497946253,19.381410376635614,1.6675039368295301,32.90750393682953,10.350278937752336
data/SYNTHETIC/05932.csv,116.52434950291268,68.55577791709632,47.96857158581636,54.92282082312006,86.16282082312006,30.361528679792627
data/SYNTHETIC/05933.csv,2.915757918245099,1.7542623007153486,1.1614956175297504,0.07653370104335526,31.316533701043355,-28.400775782798256
data/SYNTHETIC/05934.csv,21.10594490754855,9.170080664727337,11.935864242821214,4.995550303266895,36.23555030326689,-15.12960539571834
data/SYNTHETIC/05935.csv,1.7499838047838914,1.1464850509333817,0.6034987538505098,0.024250601589029485,31.264250601589026,-29.514266796805135
data/SYNTHETIC/05936.csv,115.47569443707206,50.9252761383155,64.55041829875657,29.507237631224452,60.74723763122445,54.728456805847614
data/SYNTHETIC/05937.csv,36.018575373781594,20.866445946749135,15.15212942703246,10.733662381172458,41.97366238117246,-5.9550870073908655
data/SYNTHETIC/05938.csv,56.27357477053958,29.20713462760918,27.066440142930404,2.817991186041948,34.057991186041946,22.215583584497637
data/SYNTHETIC/05939.csv,19.919514903295997,11.015513447676177,8.904001455619818,0.6450585442560606,31.885058544256058,-11.96554364096006
data/SYNTHETIC/05940.csv,37.931065133165376,18.6382637005475,19.292801432617875,1.297289233563785,32.53728923356378,5.393775899601593
data/SYNTHETIC/05941.csv,34.87225503744923,17.749175315103397,17.12307972234583,2.8998284453697982,34.139828445369794,0.7324265920794346
data/SYNTHETIC/05942.csv,29.808958622770014,16.56311891028125,13.245839712488763,2.739877025228065,33.97987702522806,-4.1709184024580495
data/SYNTHETIC/05943.csv,18.646826671227693,8.440034254914702,10.206792416312991,4.563830514939273,35.80383051493927,-17.15700384371158
data/SYNTHETIC/05944.csv,25.03051926795721,14.909940959337147,10.120578308620063,7.518676155191217,38.75867615519122,-13.728156887234007
data/SYNTHETIC/05945.csv,19.043986261390174,13.751397983574199,5.292588277815976,1.287036678884605,32.527036678884606,-13.483050417494432
data/SYNTHETIC/05946.csv,84.74027318864358,49.31824910847338,35.42202408017021,1.6429876338887095,32.88298763388871,51.857285554754874
data/SYNTHETIC/05947.csv,13.91390430316197,8.389016901840044,5.524887401321927,0.6325352320239715,31.87253523202397,-17.958630928862
data/SYNTHETIC/05948.csv,70.16649319915281,38.722292254481374,31.44420094467144,11.22449875924015,42.46449875924015,27.70199443991266
data/SYNTHETIC/05949.csv,52.76324669703411,29.013654863956695,23.749591833077417,6.070762604797945,37.310762604797944,15.452484092236169
data/SYNTHETIC/05950.csv,15.799881570707297,12.195652901877866,3.6042286688294323,0.23170901037268207,31.47170901037268,-15.671827439665384
data/SYNTHETIC/05951.csv,47.26857128233759,26.086243989449663,21.182327292887926,3.4407682454471384,34.68076824544714,12.587803036890449
data/SYNTHETIC/05952.csv,26.40708825608138,15.589612576943473,10.817475679137905,4.561575384654077,35.80157538465407,-9.394487128572692
data/SYNTHETIC/05953.csv,39.85631353330015,21.107139946412666,18.74917358688749,6.8274307927593725,38.06743079275937,1.7888827405407852
data/SYNTHETIC/05954.csv,11.303504868533263,6.6647069073886565,4.638797961144606,2.6089863956634525,33.84898639566345,-22.54548152713019
data/SYNTHETIC/05955.csv,29.863756676736813,15.173830660391458,14.689926016345353,3.6952100641094567,34.935210064109455,-5.071453387372642
data/SYNTHETIC/05956.csv,5.016148031567619,3.6343274721559364,1.3818205594116828,0.04801101167229464,31.288011011672292,-26.27186298010467
data/SYNTHETIC/05957.csv,74.76736114098087,43.052543691606616,31.714817449374248,31.905221995891743,63.145221995891745,11.622139145089122
data/SYNTHETIC/05958.csv,46.29728846283352,19.178161920757407,27.11912654207611,20.86432008249628,52.10432008249628,-5.807031619662759
data/SYNTHETIC/05959.csv,35.02563672615296,18.75032906278761,16.27530766336535,17.183927083568808,48.423927083568806,-13.398290357415846
data/SYNTHETIC/05960.csv,75.37372573113434,40.313321936009444,35.0604037951249,8.409887141208863,39.649887141208865,35.72383858992548
data/SYNTHETIC/05961.csv,5.942375021360311,4.194144504253676,1.7482305171066348,0.1095779255688807,31.34957792556888,-25.407202904208567
data/SYNTHETIC/05962.csv,4.59595658566482,3.444040313434283,1.1519162722305365,0.0022811054881465374,31.242281105488146,-26.646324519823327
data/SYNTHETIC/05963.csv,55.30270347680506,30.554464896284518,24.74823858052054,4.225028452853546,35.465028452853545,19.837675023951512
data/SYNTHETIC/05964.csv,46.962830704416646,20.74416262046671,26.218668083949936,14.752509873540504,45.9925098735405,0.9703208308761475
data/SYNTHETIC/05965.csv,35.3547189494793,19.615854622869968,15.738864326609333,5.706016316501618,36.94601631650161,-1.5912973670223138
data/SYNTHETIC/05966.csv,68.9982045473329,37.42468244112207,31.573522106210827,33.0324165145881,64.2724165145881,4.725788032744802
data/SYNTHETIC/05967.csv,59.222459196173574,33.6288433929974,25.593615803176174,2.541663758729489,33.781663758729486,25.440795437444088
data/SYNTHETIC/05968.csv,44.62294551272449,23.644179307444816,20.978766205279676,5.789329071402206,37.0293290714022,7.59361644132229
data/SYNTHETIC/05969.csv,42.90697732886496,26.770570172338214,16.136407156526747,8.262793668050021,39.50279366805002,3.404183660814944
data/SYNTHETIC/05970.csv,38.7124855921746,22.798798213854614,15.913687378319985,1.2816918793018368,32.521691879301834,6.190793712872768
data/SYNTHETIC/05971.csv,39.49338682917843,23.167787602992185,16.32559922618624,1.9818937245405548,33.22189372454055,6.271493104637877
data/SYNTHETIC/05972.csv,59.95379375329742,35.88329385269634,24.07049990060108,2.8092774955086233,34.04927749550862,25.9045162577888
data/SYNTHETIC/05973.csv,60.29323425282426,30.915777056458328,29.37745719636593,7.334199223288966,38.574199223288964,21.7190350295353
data/SYNTHETIC/05974.csv,44.045243226812524,23.875931699316517,20.169311527496006,2.617468131468539,33.857468131468536,10.187775095343987
data/SYNTHETIC/05975.csv,25.72049886606959,12.158540758706732,13.561958107362857,3.594160558513282,34.83416055851328,-9.113661692443692
data/SYNTHETIC/05976.csv,32.86527138151631,15.320700466005025,17.54457091551128,15.344650510319177,46.58465051031918,-13.71937912880287
data/SYNTHETIC/05977.csv,35.57208849807695,19.890700243262888,15.681388254814067,5.807599483254877,37.04759948325488,-1.4755109851779267
data/SYNTHETIC/05978.csv,49.69169486840804,28.392020595604738,21.299674272803305,2.643770871712671,33.88377087171267,15.807923996695372
data/SYNTHETIC/05979.csv,11.296860373756743,6.957416953212594,4.339443420544149,2.373802187207379,33.61380218720738,-22.316941813450633
data/SYNTHETIC/05980.csv,165.59266209272505,81.40925586141218,84.18340623131286,93.29027878975955,124.53027878975955,41.0623833029655
data/SYNTHETIC/05981.csv,34.56634860326969,19.035835036918265,15.53051356635142,5.781473357700015,37.02147335770001,-2.4551247544303223
data/SYNTHETIC/05982.csv,48.147175821579815,29.879364335977865,18.26781148560195,1.946251191936116,33.186251191936115,14.9609246296437
data/SYNTHETIC/05983.csv,44.51183919189301,24.24673421140478,20.26510498048823,2.76283941741854,34.002839417418535,10.508999774474475
data/SYNTHETIC/05984.csv,23.875988560306197,13.8679675589519,10.008021001354297,5.320776772396569,36.560776772396565,-12.684788212090368
data/SYNTHETIC/05985.csv,43.36581889613046,25.905067251987347,17.460751644143112,1.9157284131765646,33.15572841317656,10.210090482953902
data/SYNTHETIC/05986.csv,25.212944946692456,13.957214220115489,11.255730726576967,1.4730829625805377,32.713082962580536,-7.50013801588808
data/SYNTHETIC/05987.csv,68.3738890420448,28.437598489619763,39.936290552425035,14.705840051090831,45.945840051090826,22.428048990953968
data/SYNTHETIC/05988.csv,6.810077536129155,4.19970594209322,2.6103715940359344,0.1727135784628907,31.41271357846289,-24.602636042333735
data/SYNTHETIC/05989.csv,33.69708582512644,18.549746070743613,15.14733975438283,1.5440626688039254,32.78406266880393,0.9130231563225166
data/SYNTHETIC/05990.csv,68.46803722443292,33.2578483913732,35.21018883305972,2.309094444834345,33.549094444834346,34.918942779598574
data/SYNTHETIC/05991.csv,16.713900028870377,9.773664359589517,6.94023566928086,0.7499096175434999,31.9899096175435,-15.276009588673123
data/SYNTHETIC/05992.csv,43.91798079555117,23.20504142232476,20.712939373226416,0.735827787316707,31.975827787316707,11.942153008234467
data/SYNTHETIC/05993.csv,73.29829652282453,31.798177850302718,41.500118672521815,34.48061191013539,65.72061191013539,7.57768461268914
data/SYNTHETIC/05994.csv,49.58381734271661,26.701156259218106,22.8826610834985,5.20182441898127,36.44182441898127,13.141992923735337
data/SYNTHETIC/05995.csv,27.57837106012758,15.163539552345668,12.414831507781912,1.7733231273200674,33.013323127320064,-5.434952067192484
data/SYNTHETIC/05996.csv,29.25425099755563,15.857536596604199,13.39671440095143,4.3437662440584255,35.583766244058424,-6.329515246502794
data/SYNTHETIC/05997.csv,99.21166958682849,49.7966168608308,49.4150527259977,6.082197953638013,37.32219795363801,61.88947163319048
data/SYNTHETIC/05998.csv,48.523288426362726,28.421032315961227,20.102256110401495,1.5608324814830534,32.80083248148305,15.722455944879677
data/SYNTHETIC/05999.csv,76.52334641121934,23.535197888614583,52.98814852260476,50.27212283666617,81.51212283666617,-4.988776425446829
data/SYNTHETIC/06000.csv,79.84845391099171,41.98848645217144,37.859967458820265,4.888632811169536,36.12863281116954,43.71982109982217
data/SYNTHETIC/06001.csv,15.845966779938642,8.122619632447002,7.72334714749164,2.6367959236151277,33.87679592361513,-18.030829143676485
data/SYNTHETIC/06002.csv,70.64649597394187,46.93761635838613,23.708879615555734,1.1114217201643684,32.35142172016437,38.2950742537775
data/SYNTHETIC/06003.csv,39.106922978023775,22.88909138645373,16.21783159157004,1.8425385113978971,33.08253851139789,6.024384466625882
data/SYNTHETIC/06004.csv,3.1712650772229667,2.0911938947365387,1.080071182486428,0.011188308309840822,31.25118830830984,-28.079923231086873
data/SYNTHETIC/06005.csv,41.86355958432014,21.430816061095747,20.432743523224396,1.9173439865885396,33.157343986588536,8.706215597731607
data/SYNTHETIC/06006.csv,43.47699024312409,21.885145938694752,21.59184430442934,0.8428752629523683,32.08287526295236,11.394114980171729
data/SYNTHETIC/06007.csv,16.288898570856926,10.378442521241618,5.910456049615308,0.8420727051513268,32.082072705151326,-15.7931741342944
data/SYNTHETIC/06008.csv,61.95682210377035,31.393920926626684,30.56290117714367,2.0064499854408844,33.24644998544088,28.710372118329467
data/SYNTHETIC/06009.csv,22.48762353096834,11.334870766357927,11.152752764610412,2.267838365755305,33.507838365755305,-11.020214834786966
data/SYNTHETIC/06010.csv,62.23223188287474,35.00294286985758,27.229289013017162,1.9201931313948957,33.16019313139489,29.07203875147985
data/SYNTHETIC/06011.csv,40.226894164201866,23.14692149570253,17.07997266849934,0.6403521344745726,31.88035213447457,8.346542029727296
data/SYNTHETIC/06012.csv,35.54348786490309,17.706746917765788,17.836740947137304,6.2188051985867245,37.458805198586724,-1.9153173336836318
data/SYNTHETIC/06013.csv,44.242345304478306,20.23890082097169,24.003444483506613,16.616949636035052,47.856949636035054,-3.614604331556748
data/SYNTHETIC/06014.csv,50.94894146501756,32.33866838496871,18.61027308004885,0.7805683151237195,32.02056831512372,18.928373149893844
data/SYNTHETIC/06015.csv,7.3546981744944855,4.646138291141604,2.7085598833528817,0.026943575728969545,31.266943575728966,-23.91224540123448
data/SYNTHETIC/06016.csv,59.77795578475359,43.28232317950631,16.49563260524728,7.0523976266661785,38.29239762666618,21.485558158087407
data/SYNTHETIC/06017.csv,1.3205888985677667,0.9398099229239929,0.38077897564377394,0.0008980210726594139,31.240898021072656,-29.92030912250489
data/SYNTHETIC/06018.csv,45.505359165866416,25.039087934094752,20.466271231771664,1.5851815464136128,32.82518154641361,12.680177619452806
data/SYNTHETIC/06019.csv,31.45790341058866,18.987990667336266,12.469912743252394,1.8300360932166475,33.07003609321664,-1.6121326826279834
data/SYNTHETIC/06020.csv,49.06475985787896,24.07224797222843,24.992511885650533,4.8585731216415144,36.098573121641515,12.966186736237447
data/SYNTHETIC/06021.csv,53.380115746962446,27.999640376693787,25.380475370268663,8.309232615534922,39.54923261553492,13.830883131427527
data/SYNTHETIC/06022.csv,66.63864348816207,37.625201413166344,29.013442074995737,6.7013882901846955,37.94138829018469,28.697255197977384
data/SYNTHETIC/06023.csv,40.65947599312552,12.017233548474303,28.642242444651217,21.50983537639855,52.74983537639855,-12.090359383273032
data/SYNTHETIC/06024.csv,16.9281288772948,7.708009026800896,9.220119850493903,8.032323380522806,39.272323380522806,-22.344194503228007
data/SYNTHETIC/06025.csv,44.939483586871916,26.853679661955056,18.085803924916856,1.5342021650620992,32.7742021650621,12.165281421809816
data/SYNTHETIC/06026.csv,18.519509105854578,9.637061177157985,8.882447928696592,2.618838329071557,33.85883832907155,-15.339329223216975
data/SYNTHETIC/06027.csv,56.21125660494194,36.93521902659765,19.276037578344283,1.9676150329817084,33.20761503298171,23.00364157196023
data/SYNTHETIC/06028.csv,84.58641903516346,43.00727076392316,41.5791482712403,9.174662060991038,40.414662060991034,44.171756974172425
data/SYNTHETIC/06029.csv,66.27418110177652,38.27614962849752,27.998031473279,1.1019113917972578,32.341911391797254,33.932269709979266
data/SYNTHETIC/06030.csv,39.05362796688394,22.46699158129414,16.586636385589802,1.0191211571722487,32.259121157172245,6.794506809711692
data/SYNTHETIC/06031.csv,40.585942567199574,24.64591198930674,15.940030577892832,3.077414170088124,34.31741417008812,6.268528397111453
data/SYNTHETIC/06032.csv,2.737581311950216,1.7628829277551468,0.974698384195069,0.05364538176821598,31.293645381768215,-28.556064069818
data/SYNTHETIC/06033.csv,56.33590601700028,30.40222345570195,25.933682561298337,2.7860777583771554,34.026077758377156,22.309828258623128
data/SYNTHETIC/06034.csv,45.92237831881144,25.98536591482138,19.937012403990064,5.59151764093432,36.83151764093432,9.090860677877117
data/SYNTHETIC/06035.csv,81.7648787489824,47.75820293677109,34.006675812211306,30.215037105135107,61.455037105135105,20.309841643847292
data/SYNTHETIC/06036.csv,46.68243092234191,27.454290070493727,19.22814085184818,1.1642919332628916,32.40429193326289,14.278138989079018
data/SYNTHETIC/06037.csv,79.10856330363218,42.27598062815267,36.83258267547951,1.2925720658762259,32.532572065876224,46.57599123775596
data/SYNTHETIC/06038.csv,34.50868073864224,21.270025535127886,13.238655203514355,0.3086086568318822,31.54860865683188,2.9600720818103596
data/SYNTHETIC/06039.csv,60.484712274687816,30.70252773943008,29.782184535257734,29.067542738980578,60.30754273898057,0.17716953570724314
data/SYNTHETIC/06040.csv,39.48526724661508,22.311895961448368,17.17337128516671,1.8840839439413324,33.12408394394133,6.361183302673751
data/SYNTHETIC/06041.csv,2.8166018290006134,1.9688297700201356,0.8477720589804779,0.11146977404703108,31.35146977404703,-28.534867945046415
data/SYNTHETIC/06042.csv,49.8909315255851,27.542318942517806,22.3486125830673,6.328167822358588,37.56816782235859,12.322763703226514
data/SYNTHETIC/06043.csv,33.609496470322426,18.18914537491199,15.420351095410439,0.2618388089018713,31.50183880890187,2.107657661420557
data/SYNTHETIC/06044.csv,56.95938771872682,33.231349412572634,23.72803830615419,8.795031480397961,40.03503148039796,16.924356238328862
data/SYNTHETIC/06045.csv,99.13517172813445,53.36266505216305,45.77250667597141,10.002985190254021,41.24298519025402,57.892186537880434
data/SYNTHETIC/06046.csv,21.512843225116,13.825418622496413,7.687424602619589,1.3292758237895148,32.56927582378951,-11.05643259867351
data/SYNTHETIC/06047.csv,62.72520561283338,34.36794869083384,28.35725692199954,1.3813685988775402,32.62136859887754,30.10383701395584
data/SYNTHETIC/06048.csv,38.078297086234045,23.17523063698118,14.903066449252862,1.4111891591511456,32.651189159151144,5.427107927082901
data/SYNTHETIC/06049.csv,81.2478613334628,50.62987892084856,30.617982412614225,3.9148994567692044,35.1548994567692,46.09296187669359
data/SYNTHETIC/06050.csv,3.8208143294855854,2.137244393148648,1.6835699363369376,0.8001255303828546,32.04012553038285,-28.219311200897266
data/SYNTHETIC/06051.csv,57.97743911043435,33.205252166665765,24.772186943768578,3.278838900640588,34.51883890064059,23.458600209793758
data/SYNTHETIC/06052.csv,54.83077349435732,31.996009137354896,22.834764357002417,2.2378314006125866,33.47783140061259,21.35294209374473
data/SYNTHETIC/06053.csv,49.39333864129168,28.71392697661251,20.679411664679165,3.3442843559866735,34.584284355986675,14.809054285305002
data/SYNTHETIC/06054.csv,48.17009072224218,25.385617928060633,22.78447279418155,4.39005097114934,35.63005097114934,12.540039751092841
data/SYNTHETIC/06055.csv,2.9722741071097887,2.275376736591938,0.6968973705178504,0.004406386674165341,31.244406386674164,-28.272132279564374
data/SYNTHETIC/06056.csv,50.36895542558116,26.79897631686402,23.569979108717142,4.810882385349828,36.05088238534982,14.31807304023134
data/SYNTHETIC/06057.csv,63.65391580040898,37.28437302799644,26.36954277241254,2.4287638661999935,33.668763866199996,29.985151934208986
data/SYNTHETIC/06058.csv,85.92433837685834,48.58884007317003,37.33549830368832,2.914023697881026,34.15402369788102,51.77031467897732
data/SYNTHETIC/06059.csv,61.941302600311715,37.638503576204684,24.30279902410703,1.8668672547908294,33.10686725479083,28.834435345520887
data/SYNTHETIC/06060.csv,3.5636818826047723,2.445293318921487,1.1183885636832855,0.1103503799141081,31.350350379914108,-27.786668497309336
data/SYNTHETIC/06061.csv,48.94806023936688,28.050718469130576,20.89734177023631,14.832618145491471,46.07261814549147,2.8754420938754137
data/SYNTHETIC/06062.csv,3.665538465774588,2.7363419717507877,0.9291964940238003,0.0009735390774090635,31.24097353907741,-27.57543507330282
data/SYNTHETIC/06063.csv,2.6911629599650713,1.6925162125219662,0.9986467474431051,0.00011954912144362228,31.24011954912144,-28.54895658915637
data/SYNTHETIC/06064.csv,58.305004413502935,20.195973976903048,38.10903043659989,34.24188257443643,65.48188257443643,-7.176878160933491
data/SYNTHETIC/06065.csv,30.748496711960385,16.068150040914166,14.680346671046221,2.4524412640871125,33.69244126408711,-2.943944552126723
data/SYNTHETIC/06066.csv,36.494143106233835,21.943117596727088,14.551025509506745,5.955898314177311,37.19589831417731,-0.7017552079434779
data/SYNTHETIC/06067.csv,45.12726380079026,24.58435780662488,20.542905994165377,11.862156942254394,43.102156942254396,2.025106858535864
data/SYNTHETIC/06068.csv,12.848190801054415,6.568929957419339,6.2792608436350745,1.5406574993711442,32.780657499371145,-19.93246669831673
data/SYNTHETIC/06069.csv,127.00339514074294,46.97036000213096,80.03303513861198,79.03977343373401,110.27977343373401,16.72362170700893
data/SYNTHETIC/06070.csv,54.560792639615066,34.566304163829706,19.99448847578536,0.8682491464353126,32.10824914643531,22.452543493179753
data/SYNTHETIC/06071.csv,48.96137603099899,27.40066459879204,21.56071143220695,5.023943558844435,36.26394355884443,12.69743247215456
data/SYNTHETIC/06072.csv,62.41461667299364,36.890451123236744,25.524165549756894,1.903532644769959,33.143532644769955,29.271084028223683
data/SYNTHETIC/06073.csv,24.71262524418926,13.729905858639896,10.982719385549366,4.585762388983851,35.82576238898385,-11.113137144794585
data/SYNTHETIC/06074.csv,78.04634248681373,38.83568734080416,39.210655146009564,18.146889954934796,49.386889954934794,28.659452531878934
data/SYNTHETIC/06075.csv,102.39091712571464,55.464099341187826,46.92681778452681,39.86113010260624,71.10113010260623,31.289787023108403
data/SYNTHETIC/06076.csv,65.74156414390399,35.53549357915602,30.206070564747968,16.476097485375657,47.716097485375656,18.02546665852833
data/SYNTHETIC/06077.csv,28.9229889952939,11.332916189611355,17.590072805682542,14.101503319230062,45.34150331923006,-16.418514323936158
data/SYNTHETIC/06078.csv,34.38575745888587,20.490917102375327,13.89484035651054,4.228701216438737,35.46870121643874,-1.0829437575528686
data/SYNTHETIC/06079.csv,34.15926116765428,21.679769079102673,12.479492088551607,1.0704470409841782,32.31044704098418,1.8488141266700993
data/SYNTHETIC/06080.csv,124.40791333622064,63.873635554159726,60.53427778206091,11.957109567251477,43.19710956725147,81.21080376896917
data/SYNTHETIC/06081.csv,54.31458033877311,27.9857497838822,26.32883055489091,13.023983609853323,44.26398360985332,10.050596728919793
data/SYNTHETIC/06082.csv,43.628393444088495,23.317786573429082,20.310606870659413,7.508286598885845,38.74828659888584,4.880106845202654
data/SYNTHETIC/06083.csv,60.883680127625155,33.67594464153135,27.207735486093803,1.4154012245289658,32.655401224528966,28.22827890309619
data/SYNTHETIC/06084.csv,36.72050327450148,24.20748347740262,12.51301979709886,2.6680654209501,33.908065420950095,2.812437853551387
data/SYNTHETIC/06085.csv,43.12567199370302,26.14149277819583,16.984179215507197,2.0880407626849724,33.32804076268497,9.797631231018052
data/SYNTHETIC/06086.csv,17.992185329705784,11.751241867267579,6.240943462438206,0.35893877110232025,31.59893877110232,-13.606753441396535
data/SYNTHETIC/06087.csv,46.09761647417071,21.05241818937452,25.04519828479619,18.618036761873228,49.85803676187322,-3.760420287702516
data/SYNTHETIC/06088.csv,62.636753704040345,37.17006422607875,25.46668947796159,4.311422642515316,35.55142264251531,27.085331061525032
data/SYNTHETIC/06089.csv,47.99781322979224,26.621504194595225,21.376309035197018,2.272033617866051,33.51203361786605,14.48577961192619
data/SYNTHETIC/06090.csv,62.06693331572602,38.40595042666634,23.660982889059685,4.469924133746849,35.709924133746846,26.357009181979173
data/SYNTHETIC/06091.csv,111.09404407925328,64.09059153233282,47.00345254692046,8.96598199810305,40.20598199810305,70.88806208115022
data/SYNTHETIC/06092.csv,36.8604046778085,21.47358129094531,15.386823386863192,1.2484733707562086,32.48847337075621,4.371931307052293
data/SYNTHETIC/06093.csv,36.47165275127885,20.423854538769852,16.047798212508997,2.0879544697378245,33.327954469737826,3.1436982815410275
data/SYNTHETIC/06094.csv,43.948208320986794,23.800450320414022,20.147758000572768,1.296060351626723,32.53606035162672,11.41214796936007
data/SYNTHETIC/06095.csv,19.900058878871114,10.426086377948037,9.473972500923079,1.51889559392186,32.75889559392186,-12.858836715050742
data/SYNTHETIC/06096.csv,46.356773054898,30.25149877059373,16.10527428430427,4.108731657478524,35.348731657478524,11.008041397419476
data/SYNTHETIC/06097.csv,90.7371653080105,54.9846538150174,35.75251149299311,8.700428420477355,39.94042842047735,50.79673688753315
data/SYNTHETIC/06098.csv,12.796904096181013,9.573454402995356,3.2234496931856578,0.014448549851893628,31.254448549851894,-18.45754445367088
data/SYNTHETIC/06099.csv,83.22125773457604,45.67740867062981,37.54384906394623,2.057226949130835,33.29722694913083,49.92403078544521
data/SYNTHETIC/06100.csv,15.481474122107667,11.173163573785969,4.308310548321699,3.500506368522453,34.74050636852245,-19.259032246414787
data/SYNTHETIC/06101.csv,44.898265550501016,28.127226767901327,16.77103878259969,0.8581809231446611,32.09818092314466,12.800084627356355
data/SYNTHETIC/06102.csv,68.79412577496089,34.50246444009799,34.291661334862894,1.907702643749111,33.147702643749106,35.64642313121178
data/SYNTHETIC/06103.csv,60.65244488953739,27.574965571349885,33.07747931818751,16.675857928548727,47.915857928548725,12.736586960988667
data/SYNTHETIC/06104.csv,61.7730461531598,36.69192532349152,25.081120829668276,2.431058747657268,33.67105874765727,28.101987405502527
data/SYNTHETIC/06105.csv,62.73505235465262,33.221089487772936,29.51396286687969,8.258565102609433,39.49856510260943,23.23648725204319
data/SYNTHETIC/06106.csv,18.58028112801336,11.510724297193105,7.069556830820256,1.6431240489265335,32.88312404892653,-14.302842920913172
data/SYNTHETIC/06107.csv,5.622574087381741,3.5223026305289755,2.1002714568527656,0.04220300977468462,31.282203009774683,-25.65962892239294
data/SYNTHETIC/06108.csv,27.378750433876732,14.939970562846783,12.438779871029947,1.8817454222786758,33.12174542227867,-5.742994988401939
data/SYNTHETIC/06109.csv,56.52544025113539,27.820932062039205,28.704508189096185,2.8574326145133178,34.097432614513316,22.428007636622077
data/SYNTHETIC/06110.csv,57.040943985313966,31.552700980429137,25.48824300488483,8.71441410958057,39.95441410958057,17.086529875733397
data/SYNTHETIC/06111.csv,28.27613147522819,11.732602143484835,16.543529331743358,14.128418144976221,45.36841814497622,-17.092286669748027
data/SYNTHETIC/06112.csv,40.1652864894,22.690165827308046,17.475120662091953,2.3865102504625377,33.62651025046254,6.538776238937466
data/SYNTHETIC/06113.csv,35.15085925637162,16.62201061136608,18.528848645005542,14.847692171603637,46.087692171603635,-10.936832915232017
data/SYNTHETIC/06114.csv,62.135221126809746,37.84918595697634,24.286035169833404,0.5444919073642019,31.7844919073642,30.350729219445547
data/SYNTHETIC/06115.csv,63.86148567930942,39.90354308597408,23.95794259333534,4.134200266358208,35.37420026635821,28.48728541295121
data/SYNTHETIC/06116.csv,53.24964739730828,28.39364118217153,24.856006215136752,1.1392735674729297,32.37927356747293,20.87037382983535
data/SYNTHETIC/06117.csv,21.390172278549006,8.434107761361462,12.956064517187544,8.18253039552717,39.42253039552717,-18.032358116978163
data/SYNTHETIC/06118.csv,12.563688566213433,7.2591261067734365,5.304562459439995,0.3690270442674304,31.609027044267428,-19.045338478053996
data/SYNTHETIC/06119.csv,30.120483338185913,15.351527723122055,14.768955615063858,1.7193083102252595,32.95930831022526,-2.8388249720393475
data/SYNTHETIC/06120.csv,86.12954719627265,43.65233530323098,42.47721189304168,12.6476852873143,43.8876852873143,42.241861908958356
data/SYNTHETIC/06121.csv,41.32273259768644,21.270768050105808,20.051964547580635,4.228232119750903,35.4682321197509,5.854500477935538
data/SYNTHETIC/06122.csv,49.92286818779341,25.210552152144917,24.712316035648495,12.818447000724932,44.05844700072493,5.86442118706848
data/SYNTHETIC/06123.csv,63.080358563619455,36.234243362570965,26.846115201048487,10.790310297539522,42.03031029753952,21.050048266079934
data/SYNTHETIC/06124.csv,39.56267816512207,16.866814314958226,22.695863850163846,15.56997385686256,46.809973856862555,-7.247295691740483
data/SYNTHETIC/06125.csv,103.04164862842734,62.623169756184716,40.41847887224263,13.675731750311265,44.91573175031127,58.12591687811607
data/SYNTHETIC/06126.csv,58.51999485176076,27.909196948120968,30.610797903639785,2.248860954611583,33.48886095461158,25.031133897149175
data/SYNTHETIC/06127.csv,38.91702625938778,23.26437604047137,15.652650218916413,11.304375246287803,42.5443752462878,-3.6273489869000173
data/SYNTHETIC/06128.csv,55.365122251794396,26.68695726227117,28.678164989523225,5.262658380487295,36.50265838048729,18.862463871307106
data/SYNTHETIC/06129.csv,12.85639586954619,5.286318246841974,7.570077622704216,3.7496289696526155,34.989628969652614,-22.133233100106423
data/SYNTHETIC/06130.csv,27.648083468922458,15.796038497469395,11.852044971453063,1.8565089968434987,33.0965089968435,-5.448425527921039
data/SYNTHETIC/06131.csv,72.31507614163843,45.46656610426516,26.848510037373263,1.1979036891783492,32.43790368917835,39.87717245246008
data/SYNTHETIC/06132.csv,16.6594947546317,10.36825972937262,6.291235025259081,0.4476748537902686,31.687674853790266,-15.028180099158565
data/SYNTHETIC/06133.csv,15.701183067950772,7.575503417892121,8.12567965005865,5.089557629707224,36.329557629707224,-20.628374561756452
data/SYNTHETIC/06134.csv,62.9555197231071,35.3989879142233,27.556531808883804,20.7895944603327,52.0295944603327,10.925925262774399
data/SYNTHETIC/06135.csv,11.049466953641218,5.814354747620507,5.235112206020711,1.116849886123473,32.35684988612347,-21.307382932482252
data/SYNTHETIC/06136.csv,77.5542869338464,41.19109217802834,36.36319475581806,2.175305823134922,33.41530582313492,44.13898111071148
data/SYNTHETIC/06137.csv,26.13970161355408,13.444674255770133,12.69502735778395,9.776505812136008,41.016505812136,-14.876804198581922
data/SYNTHETIC/06138.csv,6.624009431344296,4.051955218505219,2.572054212839077,0.40364682271371777,31.643646822713716,-25.01963739136942
data/SYNTHETIC/06139.csv,48.31618816953639,24.329507540303396,23.986680629232993,13.81538276950652,45.05538276950652,3.2608054000298665
data/SYNTHETIC/06140.csv,103.24772043631816,51.37317080474709,51.874549631571064,36.62206253381982,67.86206253381982,35.38565790249834
data/SYNTHETIC/06141.csv,54.81062206685013,28.941600086321493,25.86902198052864,14.332289375095776,45.57228937509578,9.238332691754351
data/SYNTHETIC/06142.csv,5.3493991287051195,2.7390275346691846,2.6103715940359344,1.7030334291561353,32.94303342915613,-27.59363430045101
data/SYNTHETIC/06143.csv,61.74942722773752,39.946837326725465,21.802589901012055,0.8157583611781424,32.05575836117814,29.693668866559378
data/SYNTHETIC/06144.csv,22.508175029506695,13.74546891705029,8.762706112456407,1.1501745828464511,32.39017458284645,-9.881999553339753
data/SYNTHETIC/06145.csv,47.198571749364916,25.77915566032144,21.41941608904348,0.9840168691656923,32.22401686916569,14.974554880199229
data/SYNTHETIC/06146.csv,11.166722109918059,7.102684866726334,4.064037243191725,1.828220765481369,33.06822076548137,-21.901498655563312
data/SYNTHETIC/06147.csv,39.400109031385,22.310557017586426,17.08955201379857,1.1014725757811323,32.34147257578113,7.058636455603867
data/SYNTHETIC/06148.csv,22.737618098523477,15.677640613002437,7.05997748552104,1.549732739115289,32.78973273911529,-10.05211464059181
data/SYNTHETIC/06149.csv,21.83491986900283,10.883333355675902,10.951586513326928,2.1319119479603152,33.371911947960314,-11.536992078957482
data/SYNTHETIC/06150.csv,51.31892696386128,24.714690231617972,26.604236732243308,4.615850321525301,35.855850321525295,15.463076642335984
data/SYNTHETIC/06151.csv,72.78817153756788,37.725372906118196,35.062798631449674,1.5976579334007464,32.83765793340074,39.950513604167135
data/SYNTHETIC/06152.csv,80.92243306650363,44.525710602138275,36.39672246436535,28.523589081636217,59.76358908163621,21.158843984867417
data/SYNTHETIC/06153.csv,28.812682718558435,13.492914748789714,15.31976796976872,1.1746776624187933,32.41467766241879,-3.6019949438603547
data/SYNTHETIC/06154.csv,44.976107366775764,20.37395380206825,24.60215356470751,24.058798153471407,55.29879815347141,-10.322690786695645
data/SYNTHETIC/06155.csv,21.550204878802013,11.388914352660295,10.161290526141716,3.1631088964542946,34.40310889645429,-12.852904017652278
data/SYNTHETIC/06156.csv,79.63377712183376,40.09502939932613,39.53874772250762,3.261209604061906,34.501209604061906,45.132567517771854
data/SYNTHETIC/06157.csv,60.97345977983296,31.725323745006474,29.248136034826484,3.885080370868469,35.12508037086847,25.84837940896449
data/SYNTHETIC/06158.csv,24.011437425754572,13.543607850037986,10.467829575716586,2.290496255412206,33.5304962554122,-9.51905882965763
data/SYNTHETIC/06159.csv,36.920472821229104,17.754597713825785,19.16587510740332,6.033130490143176,37.273130490143174,-0.3526576689140697
data/SYNTHETIC/06160.csv,50.935710660612486,29.394157919004016,21.54155274160847,1.6983096383936305,32.938309638393626,17.99740102221886
data/SYNTHETIC/06161.csv,6.924173068923184,4.419174273178609,2.5049987957445756,0.13829909367494655,31.378299093674944,-24.45412602475176
data/SYNTHETIC/06162.csv,19.739491076648672,11.97543171163537,7.764059365013304,0.6407890287980388,31.880789028798038,-12.141297952149365
data/SYNTHETIC/06163.csv,18.774307128374623,12.004104838154813,6.770202290219812,4.593634853080754,35.83363485308075,-17.05932772470613
data/SYNTHETIC/06164.csv,41.25966556186633,22.704473717287936,18.55519184457839,2.606050508049831,33.84605050804983,7.4136150538165
data/SYNTHETIC/06165.csv,63.95458308452873,27.41417044067522,36.54041264385351,18.161384987508008,49.40138498750801,14.553198097020719
data/SYNTHETIC/06166.csv,43.4736055676077,20.04492180205395,23.42868376555375,13.95652054727335,45.19652054727335,-1.7229149796656529
data/SYNTHETIC/06167.csv,20.899768775095524,11.782626886568142,9.117141888527383,4.45504262596427,35.69504262596427,-14.795273850868746
data/SYNTHETIC/06168.csv,117.97043987782908,78.90347491130774,39.06696496652135,24.455638231268495,55.69563823126849,62.27480164656059
data/SYNTHETIC/06169.csv,69.46348027449129,33.24158086183662,36.22189941265467,14.311915304873581,45.55191530487358,23.911564969617707
data/SYNTHETIC/06170.csv,24.51071394355006,11.022995762256116,13.487718181293944,12.157589986094909,43.39758998609491,-18.88687604254485
data/SYNTHETIC/06171.csv,37.23536980493746,22.037738487733748,15.197631317203717,2.514855682462721,33.75485568246272,3.4805141224747445
data/SYNTHETIC/06172.csv,89.12026871764078,38.01206671000689,51.1082020076339,39.31320069654815,70.55320069654815,18.567068021092638
data/SYNTHETIC/06173.csv,43.200171916380526,27.906747146184678,15.293424770195848,1.02181602973678,32.26181602973678,10.938355886643748
data/SYNTHETIC/06174.csv,79.943942095269,47.105946409561845,32.83799568570715,12.982365370014497,44.222365370014494,35.7215767252545
data/SYNTHETIC/06175.csv,47.382594613253715,25.39320747890691,21.989387134346806,9.870851896408768,41.11085189640877,6.2717427168449476
data/SYNTHETIC/06176.csv,26.94710296440062,14.527481783969096,12.419621180431523,4.393026155772696,35.6330261557727,-8.685923191372076
data/SYNTHETIC/06177.csv,65.8910798152527,36.9734311932491,28.917648622003593,15.933732795559367,47.17373279555937,18.717347019693328
data/SYNTHETIC/06178.csv,51.422663570549375,26.42057233959966,25.002091230949713,2.2213056317082804,33.46130563170828,17.961357938841097
data/SYNTHETIC/06179.csv,19.9658357234814,12.216145376416922,7.7496903470644805,1.027732625535608,32.26773262553561,-12.301896902054207
data/SYNTHETIC/06180.csv,95.1083427360534,60.129363375971835,34.978979360081574,23.540292210195098,54.7802922101951,40.3280505258583
data/SYNTHETIC/06181.csv,33.825314559128714,21.178183927840852,12.647130631287862,0.32049597723017703,31.560495977230175,2.2648185818985382
data/SYNTHETIC/06182.csv,64.06904628695887,38.93044938549538,25.13859690146349,1.13774197021342,32.37774197021342,31.691304316745445
data/SYNTHETIC/06183.csv,14.395631715449301,10.472889815420988,3.9227419000283126,0.11038394015400652,31.350383940154003,-16.954752224704702
data/SYNTHETIC/06184.csv,55.047958812393944,29.72016984127096,25.327788971122985,2.905091642549988,34.145091642549986,20.902867169843958
data/SYNTHETIC/06185.csv,63.578660312578705,21.199636708853976,42.37902360372473,37.29935184307813,68.53935184307812,-4.9606915304994175
data/SYNTHETIC/06186.csv,64.16916836837237,42.764121297277704,21.40504707109466,10.64882602773983,41.888826027739825,22.280342340632544
data/SYNTHETIC/06187.csv,50.88052716663904,24.144574436531503,26.735952730107538,12.745365393180991,43.98536539318099,6.8951617734580495
data/SYNTHETIC/06188.csv,54.22100032237368,33.086569755981834,21.134430566391853,1.418182457629798,32.6581824576298,21.562817864743884
data/SYNTHETIC/06189.csv,2.8447117037513827,1.6017916511783088,1.2429200525730737,0.24650211961514043,31.48650211961514,-28.641790415863756
data/SYNTHETIC/06190.csv,126.28742398416989,82.29907037017713,43.98835361399275,47.90685362621751,79.1468536262175,47.140570357952384
data/SYNTHETIC/06191.csv,56.06997541056543,31.30736781209611,24.762607598469323,2.7861414760350804,34.02614147603508,22.043833934530355
data/SYNTHETIC/06192.csv,72.73617477137785,35.36475392281743,37.37142084856041,7.9681794407986475,39.208179440798645,33.5279953305792
data/SYNTHETIC/06193.csv,52.45013165930628,31.294147565991175,21.155984093315105,5.695859016648793,36.93585901664879,15.514272642657488
data/SYNTHETIC/06194.csv,31.222262039545154,15.727671018065797,15.494591021479357,10.262979693743365,41.50297969374336,-10.28071765419821
data/SYNTHETIC/06195.csv,39.67148845552445,14.360463338675068,25.31102511684938,21.979189233292054,53.219189233292056,-13.54770077776761
data/SYNTHETIC/06196.csv,27.28158389432582,15.134974054921898,12.146609839403922,1.643933066781444,32.883933066781445,-5.602349172455625
data/SYNTHETIC/06197.csv,16.898905250212902,9.52999387879218,7.368911371420722,4.113399646240256,35.353399646240256,-18.454494396027354
data/SYNTHETIC/06198.csv,69.81564993178682,35.4952505610263,34.320399370760526,0.7683587180338805,32.008358718033875,37.80729121375295
data/SYNTHETIC/06199.csv,91.85941872562509,47.92614634710281,43.93327237852229,64.91309366584098,96.15309366584097,-4.29367494021588
data/SYNTHETIC/06200.csv,21.407007032217322,12.227599399245069,9.179407632972254,4.86062867946342,36.10062867946342,-14.693621647246097
data/SYNTHETIC/06201.csv,54.88921381905901,29.980521204776643,24.908692614282362,19.657612838411122,50.89761283841112,3.9916009806478883
data/SYNTHETIC/06202.csv,55.956975941950894,29.654488586632805,26.30248735531809,7.1225562522634105,38.36255625226341,17.594419689687484
data/SYNTHETIC/06203.csv,60.023790705610054,27.202558874176553,32.8212318314335,12.97770648797955,44.21770648797955,15.806084217630506
data/SYNTHETIC/06204.csv,59.06562742397772,28.373405085294635,30.692222338683088,10.139853144335692,41.37985314433569,17.685774279642033
data/SYNTHETIC/06205.csv,10.55053410586761,5.705780220789909,4.844753885077702,0.33822530174666027,31.57822530174666,-21.02769119587905
data/SYNTHETIC/06206.csv,20.20018325119867,10.314298902409366,9.885884348789304,4.535342432195659,35.77534243219566,-15.575159180996987
data/SYNTHETIC/06207.csv,54.5605179052654,26.89297384480923,27.667544060456166,4.123517759724064,35.36351775972406,19.197000145541338
data/SYNTHETIC/06208.csv,31.56285749879621,21.602733223937996,9.960124274858213,1.5464262150410963,32.7864262150411,-1.2235687162448876
data/SYNTHETIC/06209.csv,155.0952916540195,66.16783440508691,88.92745724893257,113.38389556602166,144.62389556602167,10.471396087997817
data/SYNTHETIC/06210.csv,50.63879840603134,27.30111842082007,23.337679985211274,2.3461811712237166,33.586181171223714,17.052617234807627
data/SYNTHETIC/06211.csv,64.86467878244464,39.84582369722133,25.01885508522331,3.630283502312652,34.87028350231265,29.99439528013199
data/SYNTHETIC/06212.csv,44.772574448145136,20.884082108229123,23.888492339916017,6.275001968597897,37.51500196859789,7.2575724795472425
data/SYNTHETIC/06213.csv,49.37056469232911,23.333904169064244,26.03666052326487,12.817926325393922,44.05792632539392,5.3126383669351895
data/SYNTHETIC/06214.csv,56.81063564636287,30.572808871814527,26.237826774548346,2.2850176450848982,33.525017645084894,23.285618001277975
data/SYNTHETIC/06215.csv,46.379727535220034,25.262060823101805,21.11766671211823,1.0529297212535536,32.29292972125355,14.086797813966484
data/SYNTHETIC/06216.csv,21.300446374302197,15.777953809305073,5.522492564997124,0.5696399859494471,31.809639985949445,-10.509193611647248
data/SYNTHETIC/06217.csv,17.31198834998507,11.444639354216218,5.867348995768854,3.5278232384319983,34.767823238431994,-17.455834888446923
data/SYNTHETIC/06218.csv,80.94683258946301,38.76418556437216,42.182647025090844,15.142965021711962,46.38296502171196,34.56386756775105
data/SYNTHETIC/06219.csv,47.065045780172014,22.304833018027487,24.760212762144526,2.445619573040851,33.68561957304085,13.37942620713116
data/SYNTHETIC/06220.csv,20.4900122621166,11.530929571026286,8.959082691090316,4.8374682773418565,36.07746827734186,-15.587456015225257
data/SYNTHETIC/06221.csv,28.034308973258092,16.261293600523548,11.773015372734545,1.9573835150746448,33.19738351507464,-5.163074541816549
data/SYNTHETIC/06222.csv,64.59000509200376,36.11300635376403,28.476998738239732,2.5698497147146204,33.809849714714616,30.780155377289148
data/SYNTHETIC/06223.csv,54.363628458798715,28.331757608183484,26.03187085061523,2.919847689678755,34.159847689678756,20.20378076911996
data/SYNTHETIC/06224.csv,62.267769143870034,36.77234163001081,25.495427513859227,1.1414560972216834,32.38145609722168,29.886313046648354
data/SYNTHETIC/06225.csv,30.13535952717163,15.05986486253291,15.075494664638722,1.014703557131262,32.25470355713126,-2.1193440299596276
data/SYNTHETIC/06226.csv,62.6594306566071,33.60767120041451,29.05175945619259,2.5029234834666565,33.742923483466654,28.916507173140445
data/SYNTHETIC/06227.csv,154.72523128036931,89.86111337142668,64.86411790894265,23.950999429513082,55.190999429513084,99.53423185085623
data/SYNTHETIC/06228.csv,85.1715423005395,44.054597439986324,41.11694486055318,6.9870919344458375,38.22709193444584,46.94445036609366
data/SYNTHETIC/06229.csv,46.52443732514047,28.201544604068058,18.322892721072414,6.5401523064327645,37.78015230643276,8.744285018707707
data/SYNTHETIC/06230.csv,28.15246668651099,14.267205675299662,13.885261011211329,3.009014982051259,34.24901498205126,-6.096548295540266
data/SYNTHETIC/06231.csv,20.226709814619127,11.171833670536671,9.054876144082455,3.484600765745245,34.724600765745244,-14.497890951126116
data/SYNTHETIC/06232.csv,59.228995895496354,33.44858285898548,25.780413036510875,4.304982231175731,35.54498223117573,23.684013664320624
data/SYNTHETIC/06233.csv,41.26661066452402,15.15331537886542,26.1132952856586,24.208590193840887,55.448590193840886,-14.181979529316862
data/SYNTHETIC/06234.csv,30.421292767958363,16.083407691359117,14.337885076599244,2.6996971632165865,33.939697163216586,-3.518404395258223
data/SYNTHETIC/06235.csv,29.929991608893516,16.607517134011037,13.322474474882478,1.836050945261498,33.0760509452615,-3.1460593363679834
data/SYNTHETIC/06236.csv,50.13414830280385,25.845718296645625,24.288430006158222,5.688647743108083,36.92864774310808,13.205500559695771
data/SYNTHETIC/06237.csv,62.714907818746276,35.691574729662335,27.02333308908394,3.534449660729136,34.77444966072913,27.940458158017144
data/SYNTHETIC/06238.csv,12.785130446401105,7.054287121146069,5.730843325255037,0.3030032019351292,31.54300320193513,-18.757872755534024
data/SYNTHETIC/06239.csv,11.2115546174165,6.493727057553389,4.717827559863111,1.6741283503310787,32.914128350331076,-21.702573732914576
data/SYNTHETIC/06240.csv,44.17564329144756,24.969055966522603,19.206587324924957,3.2793515914957787,34.51935159149578,9.65629169995178
data/SYNTHETIC/06241.csv,5.030693262481547,3.4668651423847883,1.5638281200967583,0.709000386423017,31.949000386423016,-26.918307123941467
data/SYNTHETIC/06242.csv,44.57714019150737,26.814639170439,17.76250102106837,0.7904073535211062,32.030407353521106,12.546732837986262
data/SYNTHETIC/06243.csv,51.638252308507816,27.917398511328063,23.72085379717975,2.288804820017849,33.52880482001785,18.10944748848997
data/SYNTHETIC/06244.csv,3.187573050212144,1.9087304527670164,1.2788425974451276,0.04731993074208609,31.287319930742086,-28.099746880529942
data/SYNTHETIC/06245.csv,24.48632295773016,13.254540594401231,11.231782363328929,0.6583083343964818,31.89830833439648,-7.411985376666319
data/SYNTHETIC/06246.csv,85.05411901110668,36.48204867143974,48.572070339666936,40.20085917478245,71.44085917478245,13.613259836324232
data/SYNTHETIC/06247.csv,66.21964979387687,35.55377065476654,30.66587913911033,1.8078226816570244,33.047822681657024,33.171827112219844
data/SYNTHETIC/06248.csv,86.86346650916155,45.806392556728326,41.05707395243323,10.911933510592174,42.15193351059217,44.71153299856938
data/SYNTHETIC/06249.csv,39.8909971487613,23.570187595224706,16.3208095535366,3.8325171724187967,35.0725171724188,4.818479976342502
data/SYNTHETIC/06250.csv,49.46958337996259,25.89481459859585,23.574768781366743,6.184038554455849,37.42403855445585,12.045544825506745
data/SYNTHETIC/06251.csv,31.624726717040698,19.87565970755419,11.74906700948651,2.324885323278514,33.56488532327851,-1.9401586062378122
data/SYNTHETIC/06252.csv,49.50651184933517,23.714124631200264,25.792387218134905,1.7741677947531183,33.014167794753114,16.492344054582055
data/SYNTHETIC/06253.csv,70.7563041112189,38.260770019958535,32.49553409126037,3.267709928855346,34.50770992885534,36.248594182363554
data/SYNTHETIC/06254.csv,49.84759421087857,26.514703898316995,23.33289031256157,3.570733176368335,34.81073317636833,15.036861034510238
data/SYNTHETIC/06255.csv,49.61740025321704,27.704647881264,21.912752371953044,1.7757967106062453,33.015796710606246,16.601603542610796
data/SYNTHETIC/06256.csv,59.91167538141962,33.46549784661337,26.446177534806253,0.9881949519216695,32.228194951921665,27.683480429497955
data/SYNTHETIC/06257.csv,48.44811528692756,30.419787433805972,18.028327853121585,0.936863847062809,32.176863847062805,16.271251439864756
data/SYNTHETIC/06258.csv,41.04245881128716,21.809528286789373,19.23293052449779,1.7260257879982803,32.96602578799828,8.076433023288885
data/SYNTHETIC/06259.csv,56.885733717349396,26.19351137866629,30.692222338683102,11.812982266432837,43.052982266432835,13.832751450916561
data/SYNTHETIC/06260.csv,33.10544245118592,15.534528336101811,17.570914115084115,5.6749322338085655,36.914932233808564,-3.8094897826226415
data/SYNTHETIC/06261.csv,54.09404685371452,27.80113884369565,26.292908010018863,20.89578546922544,52.13578546922544,1.9582613844890773
data/SYNTHETIC/06262.csv,50.923766791650095,26.175528211129585,24.74823858052051,4.111381074810411,35.35138107481041,15.572385716839683
data/SYNTHETIC/06263.csv,67.28371755810545,40.916569622017704,26.367147936087747,4.857076078703849,36.09707607870385,31.1866414794016
data/SYNTHETIC/06264.csv,8.448712274510786,5.440797850557452,3.0079144239533333,0.5727700931386689,31.812770093138667,-23.36405781862788
data/SYNTHETIC/06265.csv,10.79954692101344,6.869620512010716,3.9299264090027237,0.12999569921096235,31.36999569921096,-20.570448778197523
data/SYNTHETIC/06266.csv,84.16512857150809,47.02840168277852,37.13672688872957,16.078061673904998,47.31806167390499,36.8470668976031
data/SYNTHETIC/06267.csv,21.118347341299973,11.871884291233233,9.246463050066742,1.7163296800322319,32.95632968003223,-11.83798233873226
data/SYNTHETIC/06268.csv,48.23294138885898,26.832683990413926,21.400257398445056,1.8131901026607176,33.053190102660714,15.179751286198268
data/SYNTHETIC/06269.csv,41.83479765078987,17.352385902322542,24.48241174846732,11.928828557623362,43.16882855762336,-1.3340309068334903
data/SYNTHETIC/06270.csv,16.849070108297195,9.817830658673797,7.031239449623398,0.8513551843227635,32.091355184322765,-15.24228507602557
data/SYNTHETIC/06271.csv,7.052763954695435,4.224462255102372,2.828301699593063,0.0837349098333862,31.323734909833384,-24.270970955137948
data/SYNTHETIC/06272.csv,33.25461935184842,19.54897106499736,13.70564828685106,1.3179854398998392,32.55798543989984,0.6966339119485809
data/SYNTHETIC/06273.csv,60.158745839558996,33.51619172611883,26.64255411344017,7.597903990445357,38.837903990445355,21.32084184911364
data/SYNTHETIC/06274.csv,25.817915467591362,12.030842745696972,13.787072721894392,9.604535122557186,40.84453512255718,-15.02661965496582
data/SYNTHETIC/06275.csv,50.73842673238802,28.068906081797035,22.669520650590986,2.2727474512156043,33.5127474512156,17.225679281172418
data/SYNTHETIC/06276.csv,29.49087080826473,16.939533629969013,12.551337178295718,0.5422491699382105,31.782249169938208,-2.291378361673477
data/SYNTHETIC/06277.csv,13.038561210779381,7.918401148349263,5.120160062430118,1.0502544346626979,32.2902544346627,-19.25169322388332
data/SYNTHETIC/06278.csv,53.9163135803211,28.806454714755226,25.109858865565876,4.503216720941623,35.74321672094162,18.173096859379484
data/SYNTHETIC/06279.csv,5.716308594565074,3.3597896509583163,2.356518943606758,0.7736899625481162,32.01368996254811,-26.29738136798304
data/SYNTHETIC/06280.csv,16.40638528779117,11.492181149294165,4.914204138497006,0.1110257193797497,31.35102571937975,-14.944640431588578
data/SYNTHETIC/06281.csv,39.5168017335468,19.608527365454396,19.908274368092403,5.37728160180957,36.617281601809566,2.8995201317372334
data/SYNTHETIC/06282.csv,86.43717712697799,42.190181189906504,44.24699593707149,2.594594805927326,33.834594805927324,52.60258232105066
data/SYNTHETIC/06283.csv,31.98436777439577,16.882529910184207,15.101837864211562,1.4065146387349574,32.646514638734956,-0.662146864339185
data/SYNTHETIC/06284.csv,25.03946785519084,10.277696749101374,14.761771106089466,14.93515308619086,46.17515308619086,-21.13568523100002
data/SYNTHETIC/06285.csv,32.57695949855275,16.749486227925672,15.827473270627083,7.583158645748199,38.823158645748194,-6.246199147195441
data/SYNTHETIC/06286.csv,26.36726645334704,13.245958229748062,13.121308223598977,0.7156761637533455,31.955676163753346,-5.588409710406307
data/SYNTHETIC/06287.csv,70.20172543667974,39.190989866797786,31.01073556988195,20.47740239625539,51.71740239625539,18.48432304042435
data/SYNTHETIC/06288.csv,48.648671884465344,26.50841006165594,22.140261822809403,1.6292569025163264,32.86925690251633,15.779414981949017
data/SYNTHETIC/06289.csv,21.96193534410784,10.672676908983615,11.289258435124225,5.987408109154397,37.227408109154396,-15.265472765046557
data/SYNTHETIC/06290.csv,15.707751047160166,7.440776053938102,8.266974993222064,4.913465116895763,36.15346511689576,-20.445714069735594
data/SYNTHETIC/06291.csv,52.50671937509155,27.86864326551201,24.638076109579536,2.2697627490681676,33.509762749068166,18.996956626023383
data/SYNTHETIC/06292.csv,5.42536507767306,3.31551427552108,2.10985080215198,0.37678447484934297,31.616784474849343,-26.191419397176283
data/SYNTHETIC/06293.csv,25.841714832503524,14.384817854643043,11.456896977860481,6.509540541683919,37.74954054168392,-11.907825709180397
data/SYNTHETIC/06294.csv,23.111895513205717,11.180820943034137,11.93107457017158,1.441788319022822,32.68178831902282,-9.569892805817105
data/SYNTHETIC/06295.csv,76.34953265138381,35.71394989211611,40.63558275926769,5.475958663685885,36.71595866368588,39.63357398769793
data/SYNTHETIC/06296.csv,44.78921014342636,21.05398732829777,23.735222815128587,4.882447618684182,36.12244761868418,8.666762524742182
data/SYNTHETIC/06297.csv,24.74647418484371,12.50407089244765,12.242403292396059,4.580659841907612,35.82065984190761,-11.074185657063904
data/SYNTHETIC/06298.csv,28.851510010077625,16.319331522380295,12.532178487697331,1.4790694277593683,32.719069427759365,-3.86755941768174
data/SYNTHETIC/06299.csv,36.02090878756558,19.410324038727744,16.610584748837837,1.1412878067750412,32.38128780677504,3.6396209807905393
data/SYNTHETIC/06300.csv,8.353641568552987,6.394665454863635,1.958976113689353,0.6670264490323539,31.90702644903235,-23.553384880479364
data/SYNTHETIC/06301.csv,28.811702731810694,15.007866155642684,13.80383657616801,4.739593809245244,35.979593809245245,-7.16789107743455
data/SYNTHETIC/06302.csv,50.666960230763785,23.0305490425301,27.636411188233684,3.4872442012703866,34.72724420127039,15.939716029493397
data/SYNTHETIC/06303.csv,60.2426380299353,33.65277031564079,26.589867714294513,13.460688723309863,44.70068872330986,15.54194930662544
data/SYNTHETIC/06304.csv,52.37186001329469,29.996904230654565,22.37495578264013,3.305939009307311,34.54593900930731,17.825921003987382
data/SYNTHETIC/06305.csv,10.739149846512818,6.943334271699097,3.7958155748137212,0.5620777362404975,31.802077736240495,-21.062927889727675
data/SYNTHETIC/06306.csv,28.785942985604162,17.822382290653227,10.963560694950935,4.331808559415361,35.57180855941536,-6.785865573811197
data/SYNTHETIC/06307.csv,60.72983477863228,28.13132272540544,32.59851205322684,14.293197536648314,45.533197536648316,15.196637241983964
data/SYNTHETIC/06308.csv,15.791824084305905,8.652817000066346,7.13900708423956,0.8772376158291721,32.11723761582917,-16.325413531523264
data/SYNTHETIC/06309.csv,45.06585819969485,26.419662574773945,18.646195624920907,1.0756808637884125,32.31568086378841,12.750177335906443
data/SYNTHETIC/06310.csv,42.02541766868673,24.126410977104523,17.899006691582205,1.763231930821384,33.003231930821386,9.022185737865343
data/SYNTHETIC/06311.csv,62.61306712939584,34.39231587791011,28.22075125148573,3.009490331898109,34.24949033189811,28.36357679749773
data/SYNTHETIC/06312.csv,1.4616168205508573,1.0305462820862075,0.43107053846464977,0.005523584468591214,31.24552358446859,-29.78390676391773
data/SYNTHETIC/06313.csv,62.57607302205405,32.310131549186025,30.265941472868025,5.408742570961007,36.648742570961005,25.92733045109304
data/SYNTHETIC/06314.csv,19.93440957944127,13.494694702044363,6.439714877396906,0.9907610079621183,32.230761007962116,-12.296351428520847
data/SYNTHETIC/06315.csv,46.1970952706468,25.508104260668407,20.688991009978395,5.369527165945617,36.609527165945615,9.587568104701184
data/SYNTHETIC/06316.csv,44.73491411555659,25.925869620549037,18.80904449500755,0.7346073246163264,31.974607324616326,12.760306790940266
data/SYNTHETIC/06317.csv,11.092870624117968,5.570378059120838,5.52249256499713,3.1641365483756365,34.40413654837563,-23.311265924257665
data/SYNTHETIC/06318.csv,196.21943213502783,96.46648847945085,99.75294365557697,138.0177992438358,169.25779924383582,26.96163289119201
data/SYNTHETIC/06319.csv,64.29409308437428,33.37675613115965,30.917336953214626,9.422627480655414,40.662627480655416,23.631465603718866
data/SYNTHETIC/06320.csv,63.7068186544693,32.51886519655184,31.187953457917455,6.316282308506602,37.5562823085066,26.1505363459627
data/SYNTHETIC/06321.csv,91.62726495196682,49.9882457726064,41.63901917936042,15.242336137265507,46.482336137265506,45.144928814701316
data/SYNTHETIC/06322.csv,62.44924261078982,32.81074825502035,29.638494355769467,2.199975121774667,33.439975121774665,29.00926748901515
data/SYNTHETIC/06323.csv,50.07412938217318,28.170956355519362,21.90317302665382,1.589720592774053,32.82972059277405,17.24440878939913
data/SYNTHETIC/06324.csv,56.62462368760762,34.06047583530801,22.564147852299605,1.8194495737805854,33.05944957378058,23.565174113827034
data/SYNTHETIC/06325.csv,28.73687903586415,15.122234529355627,13.614644506508524,2.471793465615422,33.71179346561542,-4.974914429751273
data/SYNTHETIC/06326.csv,7.596748626237433,5.012720231774338,2.584028394463095,0.054242269779208305,31.294242269779208,-23.697493643541776
data/SYNTHETIC/06327.csv,68.81221422752347,40.89081751663816,27.921396710885304,0.8154394969018672,32.05543949690187,36.7567747306216
data/SYNTHETIC/06328.csv,41.54537248275493,22.891992348859603,18.653380133895325,10.035030421914442,41.27503042191444,0.27034206084049117
data/SYNTHETIC/06329.csv,36.71445881045771,18.904061062893245,17.810397747564462,8.915949650937183,40.15594965093718,-3.4414908404794744
data/SYNTHETIC/06330.csv,47.088576457434975,24.378343589322345,22.71023286811263,2.5390557701915997,33.7790557701916,13.309520687243378
data/SYNTHETIC/06331.csv,16.299531152532072,9.958004564452114,6.341526588079958,0.546299204438244,31.786299204438244,-15.486768051906171
data/SYNTHETIC/06332.csv,44.74894628450146,22.211141631774662,22.537804652726795,9.298232239469831,40.53823223946983,4.210714045031629
data/SYNTHETIC/06333.csv,54.47279085858259,28.57982051480594,25.89297034377665,6.533802753381949,37.77380275338195,16.69898810520064
data/SYNTHETIC/06334.csv,33.517489492980246,17.833706401841397,15.683783091138853,2.145830321917778,33.38583032191778,0.13165917106246638
data/SYNTHETIC/06335.csv,45.86742881223388,23.719982480450092,22.14744633178379,4.202555200554645,35.442555200554644,10.424873611679239
data/SYNTHETIC/06336.csv,35.70209265292243,18.63648900237191,17.06560365055052,0.9561019387778004,32.1961019387778,3.5059907141446303
data/SYNTHETIC/06337.csv,1.9280047854442905,1.4059304666371037,0.5220743188071869,0.0065929640005331835,31.24659296400053,-29.31858817855624
data/SYNTHETIC/06338.csv,15.298180709032883,8.343576021803193,6.95460468722969,3.38350319487994,34.62350319487994,-19.325322485847053
data/SYNTHETIC/06339.csv,23.091549730162196,13.224824071971325,9.866725658190871,1.3251706022941976,32.565170602294195,-9.473620872131999
data/SYNTHETIC/06340.csv,30.17379110388191,21.07580790595299,9.09798319792892,5.281936734486571,36.52193673448657,-6.348145630604662
data/SYNTHETIC/06341.csv,61.75636506697484,34.18940413216049,27.56696093481435,1.9009857037272373,33.14098570372724,28.615379363247598
data/SYNTHETIC/06342.csv,48.56373239858994,26.710850934757,21.85288146383294,2.754479793881739,33.99447979388174,14.569252604708204
data/SYNTHETIC/06343.csv,67.61449068908112,32.278680716603844,35.33580997247728,13.769530476813058,45.009530476813055,22.604960212268068
data/SYNTHETIC/06344.csv,70.94619688656715,40.33300414660257,30.61319273996458,7.572833022166824,38.81283302216682,32.13336386440033
data/SYNTHETIC/06345.csv,10.332559378775567,5.6243111642116705,4.708248214563896,0.1268773392499124,31.36687733924991,-21.034317960474343
data/SYNTHETIC/06346.csv,48.467452514612944,29.026171229857216,19.441281284755725,6.344134084499946,37.584134084499944,10.883318430113
data/SYNTHETIC/06347.csv,47.878318113463834,31.15996573000983,16.718352383454008,1.8342776150354243,33.07427761503542,14.804040498428414
data/SYNTHETIC/06348.csv,23.555488505097795,16.069230153761712,7.486258351336083,0.9930980098210372,32.233098009821035,-8.67760950472324
data/SYNTHETIC/06349.csv,17.425538741519137,9.910542354285411,7.514996387233726,0.30391305038318006,31.54391305038318,-14.118374308864041
data/SYNTHETIC/06350.csv,25.97762908688297,19.8252945684625,6.1523345184204725,0.1960306283600174,31.436030628360015,-5.458401541477045
data/SYNTHETIC/06351.csv,85.59213271241161,48.934373088642715,36.6577596237689,2.87830791535006,34.11830791535006,51.47382479706155
data/SYNTHETIC/06352.csv,31.467818374777856,18.461462294769454,13.006356080008402,6.2598410086026846,37.49984100860269,-6.03202263382483
data/SYNTHETIC/06353.csv,129.48530594895152,81.53589305373356,47.94941289521795,17.82472957287441,49.06472957287441,80.42057637607711
data/SYNTHETIC/06354.csv,28.196317298156764,15.307308198063735,12.889009100093027,1.3277095638908447,32.567709563890844,-4.37139226573408
data/SYNTHETIC/06355.csv,38.33559015005507,21.396912824719106,16.938677325335966,2.018375931019294,33.258375931019295,5.077214219035774
data/SYNTHETIC/06356.csv,52.463633475893204,26.45331615220117,26.01031732369203,4.063326687312438,35.303326687312435,17.16030678858077
data/SYNTHETIC/06357.csv,36.71392459239996,21.331890878186382,15.382033714213584,2.0596876074860138,33.299687607486014,3.4142369849139484
data/SYNTHETIC/06358.csv,27.489040409749265,12.83264210195116,14.656398307798103,4.059535764715866,35.29953576471586,-7.810495354966598
data/SYNTHETIC/06359.csv,43.02629422224745,22.06429187124146,20.962002351005992,0.994020427724781,32.23402042772478,10.792273794522671
data/SYNTHETIC/06360.csv,29.22073709642803,16.88733002368943,12.333407072738604,2.850183947134839,34.09018394713484,-4.869446850706808
data/SYNTHETIC/06361.csv,57.86647517439377,27.521504102807192,30.344971071586574,18.29523339185738,49.535233391857375,8.331241782536395
data/SYNTHETIC/06362.csv,55.03189037350373,32.38152841351118,22.65036195999255,6.221179762832861,37.461179762832856,17.570710610670872
data/SYNTHETIC/06363.csv,22.1052258004332,11.436229973433102,10.668995827000098,4.999705586135537,36.239705586135535,-14.134479785702336
data/SYNTHETIC/06364.csv,72.37537999910491,38.8740146514272,33.501365347677705,5.388888652033364,36.62888865203336,35.74649134707155
data/SYNTHETIC/06365.csv,37.81929757093706,22.37260327595378,15.44669429498328,0.8613571868298805,32.10135718682988,5.71794038410718
data/SYNTHETIC/06366.csv,53.7201908308282,27.22372173320106,26.49646909762714,1.8232433813183881,33.06324338131839,20.656947449509815
data/SYNTHETIC/06367.csv,41.23104004785958,22.038821740883428,19.192218306976155,1.93453286236619,33.17453286236619,8.056507185493388
data/SYNTHETIC/06368.csv,25.920552661324173,17.53623068818673,8.38432197313744,3.5351462144431047,34.775146214443104,-8.854593553118931
data/SYNTHETIC/06369.csv,35.619243555515084,20.122257697710914,15.49698585780417,10.545094334120025,41.785094334120025,-6.165850778604941
data/SYNTHETIC/06370.csv,35.31758261447678,21.513746038308764,13.80383657616801,1.7317534518926574,32.97175345189265,2.345829162584124
data/SYNTHETIC/06371.csv,53.62506660957976,30.332888514539857,23.292178095039905,2.8227137462536476,34.06271374625365,19.56235286332611
data/SYNTHETIC/06372.csv,38.83294715311747,19.86344862434808,18.969498528769392,1.6770002305947531,32.91700023059475,5.915946922522721
data/SYNTHETIC/06373.csv,24.680393849300465,13.858128497512947,10.822265351787518,9.2538029294474,40.4938029294474,-15.813409080146933
data/SYNTHETIC/06374.csv,30.369931324957165,18.034129415893773,12.335801909063393,2.6018037861006746,33.84180378610067,-3.471872461143505
data/SYNTHETIC/06375.csv,54.50022661729718,29.98428716028263,24.51593945701455,3.658112984380236,34.898112984380234,19.602113632916947
data/SYNTHETIC/06376.csv,53.33592186362905,30.015005732691503,23.32091613093755,2.493001576927843,33.73300157692784,19.602920286701213
data/SYNTHETIC/06377.csv,65.16187659842275,26.82773154729131,38.33414505113144,36.009206797376926,67.24920679737693,-2.0873301989541773
data/SYNTHETIC/06378.csv,43.39906484739569,24.89895423828781,18.500110609107885,1.250998519055953,32.49099851905595,10.908066328339743
data/SYNTHETIC/06379.csv,60.64500798916919,29.13854130005289,31.506466689116298,7.094961532373171,38.33496153237317,22.310046456796016
data/SYNTHETIC/06380.csv,20.440157006933738,10.139965973953407,10.30019103298033,3.3679959924256138,34.607995992425614,-14.167838985491876
data/SYNTHETIC/06381.csv,5.126866003418465,3.1726795623787196,1.9541864410397458,0.012244474034219317,31.252244474034217,-26.12537847061575
data/SYNTHETIC/06382.csv,22.351134276780105,14.536783348945917,7.8143509278341865,4.474929503820657,35.714929503820656,-13.363795227040551
data/SYNTHETIC/06383.csv,1.370649065859957,0.8557592560271811,0.514889809832776,0.009216729872874245,31.249216729872874,-29.878567664012916
data/SYNTHETIC/06384.csv,21.169820601819776,13.027377097487506,8.14244350433227,0.21928997836056893,31.459289978360566,-10.28946937654079
data/SYNTHETIC/06385.csv,65.50817430631136,44.687467298468746,20.820707007842618,10.995763772895653,42.23576377289565,23.27241053341571
data/SYNTHETIC/06386.csv,56.79009992719847,24.828614336369473,31.961485590828996,5.73468910056195,36.974689100561946,19.815410826636523
data/SYNTHETIC/06387.csv,47.51808509940578,23.984028535560586,23.534056563845194,1.3402852199535544,32.58028521995355,14.937799879452228
data/SYNTHETIC/06388.csv,51.956094377469604,16.486173570803302,35.4699208066663,27.98188474597694,59.221884745976936,-7.265790368507332
data/SYNTHETIC/06389.csv,44.31696183837951,28.767289581429665,15.549672256949846,0.7843346570440164,32.024334657044015,12.292627181335497
data/SYNTHETIC/06390.csv,9.32673704632611,7.602454892467511,1.7242821538585986,0.3694089608448247,31.609408960844824,-22.282671914518716
data/SYNTHETIC/06391.csv,35.26002024542138,19.339148358126977,15.920871887294405,2.9922040291410332,34.23220402914103,1.0278162162803497
data/SYNTHETIC/06392.csv,57.92664171290063,32.38571230887007,25.540929404030564,3.478151308155167,34.718151308155164,23.20849040474547
data/SYNTHETIC/06393.csv,57.33796134515235,31.595865689838288,25.742095655314067,2.5497963507313894,33.789796350731386,23.548164994420965
data/SYNTHETIC/06394.csv,16.248957092893825,10.463032532168306,5.785924560725521,0.7655296232068346,32.00552962320683,-15.756572530313008
data/SYNTHETIC/06395.csv,5.586543572855725,4.420258282676367,1.166285290179358,0.17999176225558314,31.41999176225558,-25.833448189399856
data/SYNTHETIC/06396.csv,4.713579045748029,2.5486470081255646,2.1649320376224637,1.3801746033585358,32.620174603358535,-27.90659555761051
data/SYNTHETIC/06397.csv,22.13929633504369,7.91875823835983,14.220538096683857,14.245590578257593,45.48559057825759,-23.346294243213904
data/SYNTHETIC/06398.csv,39.385355240304875,19.467501526913246,19.91785371339163,5.186973231928479,36.42697323192848,2.9583820083763968
data/SYNTHETIC/06399.csv,68.19998960145715,37.48860857217562,30.711381029281526,4.138613841911077,35.378613841911076,32.82137575954607
data/SYNTHETIC/06400.csv,44.206814256754,23.996790511736325,20.210023745017676,1.2483194340544672,32.48831943405447,11.718494822699533
data/SYNTHETIC/06401.csv,31.30136152073309,18.338112494571153,12.963249026161938,0.6859100161003858,31.925910016100385,-0.6245484953672964
data/SYNTHETIC/06402.csv,41.89667034114289,18.762551443540012,23.134118897602875,3.7275613133864414,34.96756131338644,6.929109027756446
data/SYNTHETIC/06403.csv,4.014817723337565,2.4198567310183527,1.5949609923192116,0.4033847522937845,31.643384752293784,-27.62856702895622
data/SYNTHETIC/06404.csv,47.74693312027599,19.10948034827439,28.637452772001602,12.315302643005113,43.55530264300511,4.191630477270877
data/SYNTHETIC/06405.csv,21.87778981102162,15.584159949437726,6.293629861583895,3.166683475904586,34.406683475904586,-12.528893664882965
data/SYNTHETIC/06406.csv,86.39265970182045,37.25301315317511,49.13964654864534,14.093027642737542,45.33302764273754,41.05963205908291
data/SYNTHETIC/06407.csv,11.862874634914895,5.763226515640101,6.099648119274794,3.5479485344439983,34.787948534444,-22.925073899529103
data/SYNTHETIC/06408.csv,79.72862134572891,48.22215465661262,31.50646668911629,1.9894720530472525,33.22947205304725,46.49914929268166
data/SYNTHETIC/06409.csv,24.76736084983547,11.698739025382164,13.068621824453308,6.2917264987420465,37.531726498742046,-12.764365648906576
data/SYNTHETIC/06410.csv,61.87992701113445,32.732374101949716,29.147552909184732,5.70947820337742,36.94947820337742,24.93044880775703
data/SYNTHETIC/06411.csv,20.30156745462301,11.093421785753133,9.20814566886988,0.3281719876943411,31.56817198769434,-11.266604533071327
data/SYNTHETIC/06412.csv,34.95536615412386,21.47483248180434,13.480533672319517,1.9975914388511544,33.237591438851155,1.7177747152727036
data/SYNTHETIC/06413.csv,18.56379864080816,11.685828715972189,6.87796992483597,3.9795435125847742,35.21954351258477,-16.655744871776612
data/SYNTHETIC/06414.csv,118.4946684453381,66.43811125308206,52.05655719225606,0.9129971251934952,32.152997125193494,86.34167132014461
data/SYNTHETIC/06415.csv,52.657585551130026,28.206306674885173,24.451278876244853,1.4675827804147863,32.70758278041478,19.950002770715244
data/SYNTHETIC/06416.csv,91.33980076850602,42.87070839080574,48.46909237770029,15.48858423796855,46.72858423796855,44.611216530537476
data/SYNTHETIC/06417.csv,44.60106016087519,26.817005612883584,17.784054547991605,1.2784135618634875,32.51841356186348,12.08264659901171
data/SYNTHETIC/06418.csv,25.06271426739114,11.725870774559805,13.336843492831335,5.645068001615913,36.88506800161591,-11.822353734224773
data/SYNTHETIC/06419.csv,69.84268790070834,25.91660003116046,43.926087869547885,43.43885236914201,74.678852369142,-4.836164468433665
data/SYNTHETIC/06420.csv,10.117827598533665,6.037026501068316,4.080801097465351,1.2400574856500117,32.48005748565001,-22.362229887116342
data/SYNTHETIC/06421.csv,11.429210181201796,7.288538175616356,4.140672005585441,1.7479403147613417,32.98794031476134,-21.558730133559543
data/SYNTHETIC/06422.csv,49.22888869237996,23.958575793052244,25.270312899327717,23.135903051440913,54.375903051440915,-5.147014359060954
data/SYNTHETIC/06423.csv,40.3602295929667,22.803684495831433,17.556545097135263,2.3252682025684135,33.56526820256841,6.794961390398285
data/SYNTHETIC/06424.csv,21.227468682513013,9.068884661485075,12.15858402102794,7.860831119347362,39.10083111934736,-17.87336243683435
data/SYNTHETIC/06425.csv,56.99189004216271,28.924408315464394,28.06748172669832,9.768805666930872,41.00880566693087,15.98308437523184
data/SYNTHETIC/06426.csv,8.27207937330536,5.721578687389515,2.5505006859158437,0.7737897511162004,32.0137897511162,-23.74171037781084
data/SYNTHETIC/06427.csv,42.039373176305304,22.713044035140147,19.326329141165157,7.298493857194708,38.53849385719471,3.500879319110595
data/SYNTHETIC/06428.csv,35.764378140375804,17.824659231271966,17.93971890910384,1.2443472623375504,32.48434726233755,3.2800308780382537
data/SYNTHETIC/06429.csv,34.622993962527765,20.059994271397017,14.562999691130749,1.5025720028492304,32.74257200284923,1.8804219596785359
data/SYNTHETIC/06430.csv,76.74001948862644,37.49823147039444,39.241788018232,10.583658327788797,41.82365832778879,34.91636116083765
data/SYNTHETIC/06431.csv,0.5314249158911967,0.4308417902494451,0.10058312564175162,0.00011704699690689033,31.240117046996904,-30.708692131105707
data/SYNTHETIC/06432.csv,8.891537796449654,6.930166846435498,1.9613709500141563,0.0013813565214082003,31.241381356521405,-22.34984356007175
data/SYNTHETIC/06433.csv,35.00336494559117,18.53407553991675,16.469289405674424,2.097401817178704,33.3374018171787,1.6659631284124714
data/SYNTHETIC/06434.csv,31.299718450253614,18.164041208705818,13.135677241547796,0.7648799768828103,32.00487997688281,-0.7051615266291975
data/SYNTHETIC/06435.csv,41.65010011848787,21.54544917176157,20.104650946726302,1.7936218509488104,33.03362185094881,8.616478267539058
data/SYNTHETIC/06436.csv,54.98048307130584,30.579495757881826,24.400987313424018,2.585352650946974,33.825352650946975,21.155130420358866
data/SYNTHETIC/06437.csv,48.02562188733791,20.930443708509834,27.09517817882808,21.27326640827144,52.513266408271434,-4.487644520933522
data/SYNTHETIC/06438.csv,50.853957006178774,30.8427046761198,20.011252330058973,3.8907974097006637,35.13079740970066,15.723159596478112
data/SYNTHETIC/06439.csv,58.845702257858456,36.501879347440735,22.34382291041772,2.4376029165449506,33.67760291654495,25.168099341313507
data/SYNTHETIC/06440.csv,39.613173839330784,21.002900759281935,18.61027308004885,1.2797762459128605,32.51977624591286,7.093397593417926
data/SYNTHETIC/06441.csv,59.51555411689652,30.710462802158688,28.80509131473783,5.701257126214521,36.941257126214516,22.574296990682
data/SYNTHETIC/06442.csv,47.04867562400755,25.880717349068423,21.167958274939128,11.723682620971884,42.96368262097188,4.08499300303567
data/SYNTHETIC/06443.csv,71.08689167762235,36.93173601327327,34.155155664349074,2.3665867867652866,33.606586786765284,37.48030489085706
data/SYNTHETIC/06444.csv,8.2454585136905,6.149976729487341,2.0954817842031583,0.048769395045249096,31.288769395045247,-23.04331088135475
data/SYNTHETIC/06445.csv,58.62595798958891,30.026822598784168,28.599135390804747,11.889340873364342,43.12934087336434,15.49661711622457
data/SYNTHETIC/06446.csv,40.36939348538564,22.628445991240504,17.740947494145136,2.696546697249543,33.93654669724954,6.4328467881361036
data/SYNTHETIC/06447.csv,61.29183928463522,37.54703712420743,23.744802160427795,2.6218734438090836,33.86187344380908,27.429965840826142
data/SYNTHETIC/06448.csv,31.664222010056054,14.948264462926836,16.715957547129218,14.730755463837355,45.97075546383735,-14.306533453781295
data/SYNTHETIC/06449.csv,46.183797624614726,27.346015093709536,18.837782530905194,0.6467001615347042,31.8867001615347,14.297097463080025
data/SYNTHETIC/06450.csv,51.363508037567385,28.219809794665306,23.143698242902083,0.9686131181058935,32.208613118105895,19.15489491946149
data/SYNTHETIC/06451.csv,49.65212127336955,25.35411192191207,24.29800935145748,2.0482389070758895,33.288238907075886,16.363882366293666
data/SYNTHETIC/06452.csv,38.36468951852463,20.242963048735717,18.12172646978891,0.9197144184839663,32.159714418483965,6.204975100040663
data/SYNTHETIC/06453.csv,60.37566099883969,30.282147741357512,30.09351325748218,4.242102281309241,35.48210228130924,24.893558717530453
data/SYNTHETIC/06454.csv,12.374625935483117,7.86514913587792,4.5094767996051965,0.5240707958568387,31.76407079585684,-19.38944486037372
data/SYNTHETIC/06455.csv,71.46178206733751,39.61045894744949,31.85132311988803,2.300284618555914,33.540284618555916,37.921497448781594
data/SYNTHETIC/06456.csv,65.45033555571129,37.82589854910158,27.624437006609714,3.1601657282295053,34.4001657282295,31.05016982748179
data/SYNTHETIC/06457.csv,83.61541162288947,38.53501264478631,45.08039897810316,8.846031011279017,40.08603101127902,43.52938061161045
data/SYNTHETIC/06458.csv,48.50566431798481,24.502219834478172,24.00344448350664,10.087042394007259,41.32704239400726,7.178621923977552
data/SYNTHETIC/06459.csv,65.40820820957484,39.100931181607145,26.3072770279677,0.9616488760393407,32.201648876039336,33.2065593335355
data/SYNTHETIC/06460.csv,50.255300210734276,27.590569232792895,22.66473097794138,8.04279941233452,39.28279941233452,10.972500798399757
data/SYNTHETIC/06461.csv,63.77213592940113,30.469541996682075,33.302593932719056,36.2587423011942,67.4987423011942,-3.7266063717930678
data/SYNTHETIC/06462.csv,62.391806873191754,38.8266174371242,23.565189436067556,19.859687828237174,51.09968782823717,11.292119044954582
data/SYNTHETIC/06463.csv,52.544544429660704,32.99549551028884,19.549048919371863,1.758601372847032,32.998601372847034,19.54594305681367
data/SYNTHETIC/06464.csv,84.70923814659731,59.76462298744287,24.94461515915445,5.21150326239877,36.45150326239877,48.25773488419855
data/SYNTHETIC/06465.csv,18.802597586968993,9.754905951860954,9.047691635108038,4.015738136706376,35.25573813670638,-16.453140549737384
data/SYNTHETIC/06466.csv,12.77016052830141,7.008184330823927,5.761976197477484,1.0568672311209746,32.29686723112097,-19.52670670281956
data/SYNTHETIC/06467.csv,54.20074113140639,32.67834708039635,21.52239405101004,1.1439467066537994,32.383946706653795,21.816794424752594
data/SYNTHETIC/06468.csv,37.38992707401814,21.409184278603654,15.980742795414486,1.5731267951722778,32.81312679517227,4.576800278845866
data/SYNTHETIC/06469.csv,31.678893308112855,17.345797904163252,14.333095403949603,1.5578643835489467,32.79786438354895,-1.118971075436093
data/SYNTHETIC/06470.csv,50.89525673638799,27.516864533655106,23.378392202732883,3.2062986788720016,34.446298678872,16.448958057515995
data/SYNTHETIC/06471.csv,39.73022463819346,22.94481683764494,16.78540780054852,7.338648388099344,38.57864838809934,1.1515762500941236
data/SYNTHETIC/06472.csv,49.48903642503488,23.689464697925573,25.79957172710931,22.856719935402552,54.09671993540255,-4.607683510367664
data/SYNTHETIC/06473.csv,46.220409390957826,25.821193576280667,20.399215814677163,2.2415260516537057,33.4815260516537,12.738883339304124
data/SYNTHETIC/06474.csv,50.63488233508683,27.371442275944556,23.26344005914227,7.168460546245259,38.40846054624526,12.22642178884157
data/SYNTHETIC/06475.csv,16.3565343540363,9.502512792448368,6.854021561587931,1.5240386063573217,32.76403860635732,-16.40750425232102
data/SYNTHETIC/06476.csv,42.000073578576625,21.59127841860026,20.408795159976364,6.773528946464502,38.013528946464504,3.986544632112121
data/SYNTHETIC/06477.csv,30.15182609965698,16.506048720926003,13.645777378730978,1.6103334560491553,32.85033345604916,-2.6985073563921773
data/SYNTHETIC/06478.csv,37.769962108989134,21.401255828956465,16.36870628003267,0.762748505331581,32.00274850533158,5.767213603657552
data/SYNTHETIC/06479.csv,60.06044728777319,29.646025962767336,30.414421325005847,4.314908474149769,35.55490847414977,24.505538813623417
data/SYNTHETIC/06480.csv,60.837539278862224,37.12386999065688,23.71366928820534,2.105710854355921,33.34571085435592,27.491828424506302
data/SYNTHETIC/06481.csv,59.80274985628816,28.9883908650401,30.81435899124806,8.987587999841335,40.22758799984133,19.575161856446826
data/SYNTHETIC/06482.csv,35.846740864254144,19.25052513336513,16.596215730889014,0.9789536341923393,32.21895363419234,3.6277872300618057
data/SYNTHETIC/06483.csv,38.13459493178661,18.341272707284663,19.793322224501942,2.321642069877038,33.56164206987704,4.57295286190957
data/SYNTHETIC/06484.csv,39.349309967977305,19.397928546038415,19.95138142193889,12.223602194511859,43.46360219451186,-4.114292226534552
data/SYNTHETIC/06485.csv,10.872301094694464,6.381982985687696,4.490318109006768,0.30081289808583417,31.540812898085832,-20.668511803391368
data/SYNTHETIC/06486.csv,101.3148646216227,57.31932649865556,43.99553812296714,20.111346622094853,51.35134662209485,49.96351799952785
data/SYNTHETIC/06487.csv,15.970896864407095,7.150714680155384,8.82018218425171,1.8122750920501154,33.05227509205012,-17.08137822764302
data/SYNTHETIC/06488.csv,29.815090994525814,16.818314259816624,12.99677673470919,0.7396841794325374,31.979684179432535,-2.164593184906721
data/SYNTHETIC/06489.csv,22.46391018549423,13.650912510216944,8.812997675277282,0.9690943745382843,32.20909437453828,-9.745184189044053
data/SYNTHETIC/06490.csv,30.88562509312804,16.12624882336339,14.75937626976465,3.6157311830038985,34.8557311830039,-3.9701060898758556
data/SYNTHETIC/06491.csv,71.85280230052429,32.0793606181859,39.77344168233839,15.690437457481174,46.930437457481176,24.922364843043113
data/SYNTHETIC/06492.csv,47.771870151624256,26.026756322407486,21.745113829216773,2.8196585981132793,34.05965859811328,13.712211553510976
data/SYNTHETIC/06493.csv,39.80353332709976,13.364540301267876,26.43899302583188,25.255276860386665,56.49527686038667,-16.69174353328691
data/SYNTHETIC/06494.csv,61.15925887757392,34.028158153873775,27.13110072370014,18.42133988817328,49.66133988817327,11.497918989400645
data/SYNTHETIC/06495.csv,74.75316649907343,37.84634389752496,36.90682260154847,6.537578604145209,37.777578604145205,36.975587894928225
data/SYNTHETIC/06496.csv,36.58356275994913,24.53274637353737,12.050816386411764,1.7162200362988669,32.956220036298866,3.6273427236502656
data/SYNTHETIC/06497.csv,24.65447470695321,15.580439872272333,9.074034834680877,0.30967804576238767,31.549678045762388,-6.8952033388091785
data/SYNTHETIC/06498.csv,41.244784001891205,24.109730097921368,17.135053903969837,4.5913826051702396,35.83138260517024,5.413401396720964
data/SYNTHETIC/06499.csv,57.525296803154454,32.44657080981102,25.078725993343433,17.216062513786753,48.45606251378675,9.069234289367706
data/SYNTHETIC/06500.csv,13.970825992642666,7.016221305412968,6.954604687229699,5.769901000252966,37.00990100025297,-23.0390750076103
data/SYNTHETIC/06501.csv,75.4974298079143,42.78157077477216,32.715859033142145,4.731346706033609,35.97134670603361,39.526083101880694
data/SYNTHETIC/06502.csv,43.749274592765985,21.91076214688186,21.838512445884124,7.118173278395938,38.35817327839594,5.391101314370047
data/SYNTHETIC/06503.csv,43.81895343633349,28.812909025114063,15.006044411219428,2.623840732196249,33.863840732196245,9.955112704137242
data/SYNTHETIC/06504.csv,45.707502703011684,28.747271850752515,16.96023085225917,1.5430393027623173,32.78303930276232,12.924463400249365
data/SYNTHETIC/06505.csv,40.567863167911284,22.49882309726805,18.06904007064323,2.0854318263582075,33.325431826358205,7.242431341553079
data/SYNTHETIC/06506.csv,1.1767944920087976,0.8654657697843284,0.3113287222244692,0.003622359075791697,31.24362235907579,-30.06682786706699
data/SYNTHETIC/06507.csv,45.93747664806742,24.072621002610433,21.864855645456984,3.7932314084300187,35.03323140843002,10.904245239637397
data/SYNTHETIC/06508.csv,5.224342283815663,3.1025173000396644,2.121824983775998,0.22292589351831194,31.46292589351831,-26.238583609702648
data/SYNTHETIC/06509.csv,14.406006790753214,7.5160626842932166,6.889944106459997,4.830694158877193,36.07069415887719,-21.664687368123975
data/SYNTHETIC/06510.csv,68.00982984315075,35.93339210873112,32.07643773441963,9.308834025883533,40.54883402588353,27.460995817267225
data/SYNTHETIC/06511.csv,69.29516668560447,35.03224338663915,34.26292329896531,17.906186534341277,49.146186534341275,20.148980151263196
data/SYNTHETIC/06512.csv,71.26258879449287,34.63835687927121,36.62423191522167,9.49472469493831,40.73472469493831,30.527864099554563
data/SYNTHETIC/06513.csv,54.215820853959855,32.961648471327806,21.25417238263205,9.264543756608182,40.50454375660818,13.711277097351676
data/SYNTHETIC/06514.csv,7.9717710816385345,5.557776066236496,2.413995015402038,0.15011093033114228,31.39011093033114,-23.418339848692604
data/SYNTHETIC/06515.csv,40.73074221245755,25.135568065336443,15.595174147121105,3.1315628342892934,34.37156283428929,6.359179378168257
data/SYNTHETIC/06516.csv,22.86166890258144,12.851253064902352,10.010415837679087,0.6804810161276181,31.920481016127617,-9.058812113546178
data/SYNTHETIC/06517.csv,48.83088399032953,25.24174619101398,23.58913779931555,2.3795310724314325,33.61953107243143,15.211352917898104
data/SYNTHETIC/06518.csv,39.40952930497173,22.128390385188844,17.281138919782883,2.578256388345491,33.81825638834549,5.591272916626238
data/SYNTHETIC/06519.csv,62.83394891190062,34.251577375369536,28.582371536531088,1.9843483202887562,33.224348320288755,29.609600591611866
data/SYNTHETIC/06520.csv,31.709531076788622,12.445467680068353,19.26406339672027,18.24149133523381,49.48149133523381,-17.77196025844519
data/SYNTHETIC/06521.csv,8.098011280516197,3.593324153560596,4.5046871269555995,2.759070005309402,33.9990700053094,-25.901058724793202
data/SYNTHETIC/06522.csv,81.68004857259768,40.46252058640269,41.217527986194995,1.6537850558758158,32.89378505587582,48.78626351672187
data/SYNTHETIC/06523.csv,24.99822400275253,13.359319464206981,11.638904538545548,4.267743893252993,35.50774389325299,-10.509519890500464
data/SYNTHETIC/06524.csv,61.26574358862985,34.27593820809317,26.98980538053668,2.3586875882664864,33.598687588266486,27.667056000363367
data/SYNTHETIC/06525.csv,43.512442523897604,15.780237882671763,27.732204641225845,23.343593646083487,54.583593646083486,-11.071151122185881
data/SYNTHETIC/06526.csv,15.296304735747453,7.5154815164605235,7.78082321928693,3.6200520834993952,34.8600520834994,-19.563747347751942
data/SYNTHETIC/06527.csv,67.75061393513856,38.23665106825887,29.513962866879684,1.5071455770529076,32.747145577052905,35.003468358085655
data/SYNTHETIC/06528.csv,30.153033395069166,14.639283682991383,15.513749712077782,0.5944958224456633,31.83449582244566,-1.6814624273764949
data/SYNTHETIC/06529.csv,63.220086552647025,35.32024336868495,27.899843183962076,6.052311370754097,37.29231137075409,25.927775181892933
data/SYNTHETIC/06530.csv,23.652137403389474,15.186390995208713,8.465746408180761,1.3479897842260338,32.58798978422603,-8.935852380836558
data/SYNTHETIC/06531.csv,27.492487052477372,15.137526452815555,12.354960599661819,1.0549741205411216,32.29497412054112,-4.802487068063748
data/SYNTHETIC/06532.csv,24.353908098248972,11.797781247303627,12.556126850945345,9.291881341020847,40.53188134102085,-16.177973242771877
data/SYNTHETIC/06533.csv,52.170109191297215,27.661354243257026,24.50875494804019,3.4924607491710704,34.73246074917107,17.437648442126147
data/SYNTHETIC/06534.csv,69.34762820245379,38.14291089026277,31.204717312191026,1.259209070948138,32.49920907094813,36.84841913150566
data/SYNTHETIC/06535.csv,31.078461533366365,14.228393152048154,16.85006838131821,7.175883129175263,38.41588312917526,-7.337421595808898
data/SYNTHETIC/06536.csv,33.52063488406739,19.53479074721426,13.985844136853132,1.3890499033544463,32.62904990335444,0.891584980712949
data/SYNTHETIC/06537.csv,61.76461192691312,36.98284563784535,24.781766289067765,5.85550293360104,37.09550293360104,24.66910899331208
data/SYNTHETIC/06538.csv,67.47277000142165,32.91288699818075,34.5598830032409,12.612499880086927,43.852499880086924,23.620270121334727
data/SYNTHETIC/06539.csv,50.543712953328225,27.20603296811702,23.3376799852112,8.883628731793802,40.1236287317938,10.420084221534424
data/SYNTHETIC/06540.csv,59.286552831095264,31.36994579285957,27.916607038235696,7.72356008218482,38.96356008218482,20.322992748910444
data/SYNTHETIC/06541.csv,36.595318864367115,20.06136887792299,16.533949986444128,7.510345100632134,38.75034510063213,-2.155026236265016
data/SYNTHETIC/06542.csv,47.08155829596156,19.847479610294865,27.23407868566669,22.284155827159147,53.52415582715915,-6.442597531197592
data/SYNTHETIC/06543.csv,9.880785057418972,4.501982671910057,5.378802385508914,2.7204259463097693,33.96042594630977,-24.079640888890797
data/SYNTHETIC/06544.csv,67.21519743756579,33.54140387450217,33.67379356306361,27.026093225168296,58.26609322516829,8.9491042123975
data/SYNTHETIC/06545.csv,50.94213878735468,27.02490841154099,23.917230375813684,5.53337039455665,36.77337039455665,14.168768392798029
data/SYNTHETIC/06546.csv,63.11099930093856,35.213550953301294,27.897448347637265,4.814767899950654,36.054767899950654,27.056231400987905
data/SYNTHETIC/06547.csv,37.84423023476864,22.713654334659434,15.130575900109205,1.9703622408558878,33.210362240855886,4.633867993912752
data/SYNTHETIC/06548.csv,51.721732569961944,24.91393475011033,26.80779781985162,4.594947143890004,35.834947143890005,15.886785426071938
data/SYNTHETIC/06549.csv,47.22488313439335,28.173960170580635,19.050922963812717,1.877997695214865,33.11799769521486,14.106885439178491
data/SYNTHETIC/06550.csv,83.04119997053911,45.19799636599247,37.843203604546645,5.835185365232414,37.075185365232414,45.9660146053067
data/SYNTHETIC/06551.csv,36.906032858678515,20.35052934531116,16.555503513367352,0.7358077150769695,31.975807715076968,4.930225143601547
data/SYNTHETIC/06552.csv,40.3434913694543,21.582343600942806,18.761147768511492,2.4342645436698236,33.67426454366982,6.669226825784477
data/SYNTHETIC/06553.csv,13.262247176315455,8.122928423286908,5.1393187530285465,0.9266381076421226,32.16663810764212,-18.904390931326667
data/SYNTHETIC/06554.csv,42.8182633684506,17.91915009946746,24.899113268983143,11.707368609533267,42.947368609533264,-0.1291052410826623
data/SYNTHETIC/06555.csv,54.21692387405682,31.971289252956087,22.245634621100727,2.0279625168146307,33.26796251681463,20.94896135724219
data/SYNTHETIC/06556.csv,17.984492724084333,9.061332577866073,8.923160146218262,5.809954736943865,37.04995473694386,-19.065462012859527
data/SYNTHETIC/06557.csv,4.983629962780001,3.2210304277245445,1.7625995350554566,0.07211822078938997,31.312118220789387,-26.328488258009386
data/SYNTHETIC/06558.csv,22.142858497707564,11.155349439508607,10.98750905819896,3.862878619863083,35.102878619863084,-12.96002012215552
data/SYNTHETIC/06559.csv,47.02193422176475,27.446542102820047,19.57539211894471,5.441495034940785,36.68149503494078,10.340439186823971
data/SYNTHETIC/06560.csv,50.53456251408093,27.000505950235855,23.534056563845073,0.6549128075157484,31.894912807515748,18.639649706565184
data/SYNTHETIC/06561.csv,62.23137557335558,37.06643547231925,25.164940101036326,1.4819277796842942,32.72192777968429,29.509447793671285
data/SYNTHETIC/06562.csv,27.045458056356,17.523588828936848,9.521869227419153,0.6169507892853454,31.856950789285342,-4.8114927329293415
data/SYNTHETIC/06563.csv,34.37204205530741,23.214499618047387,11.157542437260021,1.8107294948354489,33.050729494835444,1.3213125604719664
data/SYNTHETIC/06564.csv,47.593629757282145,26.126316941742587,21.467312815539554,2.185510275667844,33.42551027566784,14.168119481614305
data/SYNTHETIC/06565.csv,52.037118847982484,28.098334945245572,23.938783902736915,6.87574386612887,38.11574386612887,13.921374981853617
data/SYNTHETIC/06566.csv,39.91554433777342,22.394921785510206,17.520622552263212,1.2851502972444235,32.52515029724442,7.390394040528996
data/SYNTHETIC/06567.csv,5.643508956473154,3.861750730819268,1.7817582256538855,0.17304403512635858,31.413044035126358,-25.769535078653206
data/SYNTHETIC/06568.csv,42.46093052372693,23.888974824874907,18.571955698852026,12.908433144630148,44.14843314463015,-1.6875026209032171
data/SYNTHETIC/06569.csv,53.039663799599886,32.58057707680262,20.459086722797267,2.9046331398683574,34.144633139868354,18.895030659731532
data/SYNTHETIC/06570.csv,40.17542508915926,23.31817219886666,16.857252890292607,1.3646222897971239,32.60462228979712,7.570802799362141
data/SYNTHETIC/06571.csv,25.86749863214453,16.5563750013081,9.311123630836432,2.160277213528198,33.4002772135282,-7.532778581383667
data/SYNTHETIC/06572.csv,22.649784540591757,12.392700561457898,10.257083979133858,2.3088736787724526,33.54887367877245,-10.899089138180695
data/SYNTHETIC/06573.csv,34.15814612456466,17.9953957684651,16.162750356099558,3.7679014048985837,35.00790140489858,-0.8497552803339232
data/SYNTHETIC/06574.csv,48.39486333026123,26.17796674505809,22.21689658520314,2.372251883730785,33.612251883730785,14.782611446530446
data/SYNTHETIC/06575.csv,9.842828773301349,7.577313610037134,2.2655151632642143,0.030339615161027976,31.270339615161028,-21.42751084185968
data/SYNTHETIC/06576.csv,12.655200463765414,7.087206008597023,5.567994455168392,0.053835190177764114,31.293835190177763,-18.63863472641235
data/SYNTHETIC/06577.csv,61.7573077715918,33.99157542181872,27.76573234977307,5.781993284608627,37.02199328460863,24.73531448698317
data/SYNTHETIC/06578.csv,49.85892163658059,28.101833625739786,21.757088010840807,4.008115034033549,35.248115034033546,14.610806602547044
data/SYNTHETIC/06579.csv,56.065050508309554,34.66000343721489,21.405047071094664,1.6896518739478419,32.92965187394784,23.135398634361714
data/SYNTHETIC/06580.csv,39.2827275302833,22.698485981018308,16.584241549264995,2.4049454058852016,33.6449454058852,5.6377821243981
data/SYNTHETIC/06581.csv,24.35440043938226,14.504438635465016,9.849961803917243,1.402245184732796,32.64224518473279,-8.287844745350533
data/SYNTHETIC/06582.csv,59.541844472884904,30.315261964981644,29.22658250790326,5.848846541919121,37.08884654191912,22.452997930965786
data/SYNTHETIC/06583.csv,104.91107633386459,53.89387810657319,51.017198227291395,17.854578068577283,49.09457806857728,55.81649826528731
data/SYNTHETIC/06584.csv,35.105080199144666,19.861946991769692,15.243133207374976,0.7667960982255626,32.006796098225564,3.098284100919102
data/SYNTHETIC/06585.csv,5243.686439814916,5027.122516535998,216.56392327891814,1820.0883602187587,1851.3283602187587,3392.358079596158
data/SYNTHETIC/06586.csv,82.93842493467932,42.2094435587443,40.72898137593502,4.291392671875021,35.53139267187502,47.4070322628043
data/SYNTHETIC/06587.csv,42.867878160871975,26.017809779553748,16.850068381318227,2.9567830841982574,34.19678308419826,8.671095076673716
data/SYNTHETIC/06588.csv,49.50522013840043,23.492507978383614,26.01271216001682,7.018565340838751,38.25856534083875,11.246654797561682
data/SYNTHETIC/06589.csv,3.1256833447026056,2.0240586352929455,1.1016247094096603,0.06377260343482283,31.303772603434822,-28.178089258732218
data/SYNTHETIC/06590.csv,38.587478669172334,21.68951356135807,16.897965107814265,1.594174570399154,32.83417457039915,5.753304098773185
data/SYNTHETIC/06591.csv,32.239632521126964,12.736085491926364,19.503547029200604,8.014177045387324,39.25417704538732,-7.014544524260359
data/SYNTHETIC/06592.csv,46.47067165418548,24.196298997187114,22.27437265699837,1.0109890840004612,32.25098908400046,14.219682570185022
data/SYNTHETIC/06593.csv,52.9507870172466,31.99117950256541,20.95960751468119,0.8683826713494331,32.10838267134943,20.842404345897165
data/SYNTHETIC/06594.csv,36.68721029661502,19.64555500931253,17.041655287302486,0.7148222599982665,31.954822259998267,4.732388036616754
data/SYNTHETIC/06595.csv,42.04348962820914,20.681549610960943,21.361940017248195,0.8643010636905982,32.1043010636906,9.939188564518538
data/SYNTHETIC/06596.csv,37.25038869287417,20.579933035916202,16.670455656957962,3.1825882882743803,34.422588288274376,2.8278004045997918
data/SYNTHETIC/06597.csv,19.0611232783506,11.136609879575458,7.924513398775143,0.9528872377251578,32.19288723772516,-13.13176395937456
data/SYNTHETIC/06598.csv,19.777452821726385,13.728096265272466,6.049356556453917,0.20644512518042293,31.44644512518042,-11.668992303454036
data/SYNTHETIC/06599.csv,52.55607142727888,26.44996065059474,26.106110776684144,5.041064784188731,36.28106478418873,16.27500664309015
data/SYNTHETIC/06600.csv,4.994885683092287,2.8730606993162886,2.121824983775998,0.5488389860430668,31.788838986043064,-26.793953302950776
data/SYNTHETIC/06601.csv,50.45618869385302,28.974506860364645,21.481681833488377,1.9473580800731036,33.1873580800731,17.26883061377992
data/SYNTHETIC/06602.csv,61.76365064094747,33.296231248006954,28.467419392940513,4.869081966603284,36.109081966603284,25.654568674344183
data/SYNTHETIC/06603.csv,41.69867915420502,23.5721630117665,18.12651614243852,0.914637610109283,32.15463761010928,9.544041544095734
data/SYNTHETIC/06604.csv,48.09173711180373,29.60120584799506,18.49053126380867,0.8612854318427549,32.101285431842754,15.990451679960977
data/SYNTHETIC/06605.csv,26.40965131095748,14.298964016425625,12.110687294531854,0.3105438318627343,31.550543831862733,-5.140892520905254
data/SYNTHETIC/06606.csv,11.3727066257602,8.144467259924932,3.2282393658352686,1.5260662492451762,32.76606624924518,-21.393359623484976
data/SYNTHETIC/06607.csv,28.603433538734077,17.244724850190543,11.358708688543533,3.4052761982343607,34.645276198234356,-6.041842659500279
data/SYNTHETIC/06608.csv,43.22886709630193,22.472820669228966,20.756046427072967,6.106564552109939,37.34656455210994,5.882302544191994
data/SYNTHETIC/06609.csv,49.52659459794255,26.253575193501067,23.273019404441477,1.224428112240467,32.46442811224046,17.062166485702086
data/SYNTHETIC/06610.csv,121.27956237870626,67.14189242019579,54.13766995851047,34.82643511113732,66.06643511113732,55.213127267568936
data/SYNTHETIC/06611.csv,52.32111000634964,30.592760031406495,21.728349974943146,1.1846433943375316,32.42464339433753,19.896466612012112
data/SYNTHETIC/06612.csv,36.28075522679897,18.810424237356614,17.470330989442356,9.405362987312008,40.645362987312005,-4.364607760513032
data/SYNTHETIC/06613.csv,38.45587475079368,16.672443540380023,21.783431210413664,9.614395033215137,40.854395033215134,-2.398520282421451
data/SYNTHETIC/06614.csv,4.707840891781331,3.244595897326325,1.4632449944550052,0.029773336171017167,31.269773336171017,-26.561932444389686
data/SYNTHETIC/06615.csv,32.34386372941847,19.979323784457435,12.364539944961034,1.5130958735360394,32.75309587353604,-0.40923214411756703
data/SYNTHETIC/06616.csv,108.7265609324459,47.05713073242806,61.66943020001785,55.4494552418224,86.6894552418224,22.037105690623505
data/SYNTHETIC/06617.csv,48.78283235982863,30.103109026360475,18.679723333468157,4.547134507834625,35.78713450783462,12.99569785199401
data/SYNTHETIC/06618.csv,40.69070448248999,25.236825678532288,15.453878803957702,1.9139487840181562,33.153948784018155,7.536755698471836
data/SYNTHETIC/06619.csv,42.88917630785781,24.681235730375967,18.20794057748184,3.9203695554550206,35.16036955545502,7.7288067524027895
data/SYNTHETIC/06620.csv,3.6318060600805797,2.3146460814385947,1.317159978641985,0.13834638985750716,31.378346389857505,-27.746540329776927
data/SYNTHETIC/06621.csv,13.885185762999441,8.269294581334973,5.615891181664467,3.041888435256565,34.28188843525656,-20.39670267225712
data/SYNTHETIC/06622.csv,68.1774468769133,15.253958935078241,52.923487941835056,53.17708441465375,84.41708441465374,-16.23963753774045
data/SYNTHETIC/06623.csv,13.139574080730096,8.402587830268557,4.736986250461539,0.5047448301463019,31.7447448301463,-18.605170749416203
data/SYNTHETIC/06624.csv,103.92362633204156,62.876131724907644,41.04749460713392,10.84853999263313,42.08853999263313,61.835086339408434
data/SYNTHETIC/06625.csv,8.140444376111084,4.902625664976603,3.2378187111344805,0.4643962275643541,31.704396227564352,-23.563951851453268
data/SYNTHETIC/06626.csv,53.255489536520514,19.124282235419425,34.13120730110109,28.538508328320283,59.778508328320285,-6.523018791799771
data/SYNTHETIC/06627.csv,69.67224405112512,28.32778973971555,41.34445431140957,40.83162961937716,72.07162961937716,-2.3993855682520433
data/SYNTHETIC/06628.csv,65.56572178362143,34.29575715576107,31.269964627860347,2.1719746850095714,33.41197468500957,32.15374709861186
data/SYNTHETIC/06629.csv,41.03796107501739,21.172793760771448,19.86516731424594,0.8662083991768641,32.106208399176865,8.931752675840528
data/SYNTHETIC/06630.csv,51.633547768051415,27.38343514309005,24.250112624961364,1.2284196205072675,32.46841962050726,19.165128147544152
data/SYNTHETIC/06631.csv,35.057968215540456,17.07753708891493,17.980431126625522,11.047271405098853,42.28727140509885,-7.229303189558394
data/SYNTHETIC/06632.csv,45.08373906870827,24.447434457875566,20.636304610832703,1.2392051907157502,32.479205190715746,12.604533877992523
data/SYNTHETIC/06633.csv,21.869869441683154,13.729820773675685,8.140048668007468,1.956706991614777,33.196706991614775,-11.326837549931621
data/SYNTHETIC/06634.csv,2.3127477432299504,1.6685367718577795,0.6442109713721711,0.08266517029414452,31.322665170294144,-29.009917427064195
data/SYNTHETIC/06635.csv,43.92964780192527,24.294384774860454,19.635263027064813,5.4191913901802815,36.65919139018028,7.270456411744988
data/SYNTHETIC/06636.csv,34.931358997538354,21.196972674789645,13.734386322748712,1.3951424298580295,32.63514242985803,2.2962165676803252
data/SYNTHETIC/06637.csv,3.0018548035826855,2.053499618960456,0.9483551846222293,0.03850323397832463,31.278503233978324,-28.27664843039564
data/SYNTHETIC/06638.csv,97.13354783409332,57.44392542312306,39.68962241097026,14.666114837255211,45.90611483725521,51.22743299683811
data/SYNTHETIC/06639.csv,87.66546126523954,50.57423626668117,37.09122499855837,23.433262575286527,54.67326257528653,32.992198689953014
data/SYNTHETIC/06640.csv,37.40464504539834,19.52240220808971,17.882242837308628,6.861304524828356,38.10130452482836,-0.6966594794300178
data/SYNTHETIC/06641.csv,47.349095653427774,25.83628094771695,21.512814705710824,2.1512277069324717,33.39122770693247,13.957867946495305
data/SYNTHETIC/06642.csv,20.122026181944115,11.294659488718004,8.827366693226109,1.8976904516268256,33.137690451626824,-13.01566426968271
data/SYNTHETIC/06643.csv,4.695534704237322,3.3041347995264245,1.3913999047108974,0.053623842298762714,31.29362384229876,-26.59808913806144
data/SYNTHETIC/06644.csv,50.00762386595575,33.322799191048965,16.684824674906782,9.002957730715213,40.24295773071521,9.764666135240539
data/SYNTHETIC/06645.csv,14.224944476278313,9.456825353594327,4.768119122683986,2.103574576456779,33.343574576456774,-19.11863010017846
data/SYNTHETIC/06646.csv,48.541065086174385,27.212652777473444,21.328412308700944,1.3875054704067784,32.627505470406774,15.91355961576761
data/SYNTHETIC/06647.csv,25.63664598448081,13.542722544222563,12.093923440258248,6.445606399371877,37.68560639937188,-12.048960414891067
data/SYNTHETIC/06648.csv,94.6542292451083,49.42774525119207,45.22648399391622,28.228419628148195,59.4684196281482,35.1858096169601
data/SYNTHETIC/06649.csv,58.70703654051404,26.597071097547197,32.10996544296684,23.90253072684944,55.142530726849444,3.5645058136645957
data/SYNTHETIC/06650.csv,36.03178886362842,17.706501306231168,18.32528755739725,14.122688887265465,45.36268888726546,-9.330900023637042
data/SYNTHETIC/06651.csv,25.19813911125631,14.05017601929551,11.1479630919608,1.7756222306396467,33.01562223063964,-7.817483119383333
data/SYNTHETIC/06652.csv,55.14721318390235,24.878876874709498,30.26833630919285,14.889682189372895,46.12968218937289,9.017530994529459
data/SYNTHETIC/06653.csv,3.423358464803047,2.2738370288973146,1.1495214359057326,0.014906404376660189,31.25490640437666,-27.83154793957361
data/SYNTHETIC/06654.csv,133.04850439746957,79.56462475563053,53.48387964183905,4.138824080388537,35.37882408038853,97.66968031708103
data/SYNTHETIC/06655.csv,47.77782823884022,24.289273565166383,23.48855467367384,23.35150819141212,54.59150819141212,-6.813679952571896
data/SYNTHETIC/06656.csv,40.92051832707487,18.88323446623205,22.037283860842827,17.493135620146838,48.73313562014684,-7.812617293071966
data/SYNTHETIC/06657.csv,53.587853193297505,32.92999505554154,20.657858137755962,8.77803241420509,40.01803241420509,13.569820779092417
data/SYNTHETIC/06658.csv,245.36875300238054,190.6679732046373,54.70077979774326,157.79386595159127,189.03386595159128,56.33488705078926
data/SYNTHETIC/06659.csv,25.515803918349356,15.776004585373077,9.739799332976279,1.3293079707413087,32.569307970741306,-7.0535040523919506
data/SYNTHETIC/06660.csv,14.849825830351298,8.568170150391405,6.2816556799598935,2.1765255247862076,33.41652552478621,-18.56669969443491
data/SYNTHETIC/06661.csv,40.96127745431551,20.844652325965182,20.11662512835033,2.8647026986119464,34.104702698611945,6.856574755703562
data/SYNTHETIC/06662.csv,70.81602096705343,44.99729054934565,25.81873041770778,8.071414137644261,39.31141413764426,31.50460682940917
data/SYNTHETIC/06663.csv,68.12629440449967,30.234846822189848,37.89144758230983,12.830286961772401,44.070286961772396,24.056007442727278
data/SYNTHETIC/06664.csv,57.63255840503756,27.97251052234485,29.6600478826927,1.1421594768441752,32.38215947684417,25.250398928193384
data/SYNTHETIC/06665.csv,21.317718539435244,13.20401307100061,8.113705468434635,3.222011701480912,34.46201170148091,-13.144293162045667
data/SYNTHETIC/06666.csv,40.10975001438629,22.215532995453703,17.89421701893259,4.268482433017755,35.508482433017754,4.601267581368539
data/SYNTHETIC/06667.csv,61.96649791176634,32.94347649147138,29.02302142029496,6.37374869757484,37.613748697574835,24.352749214191505
data/SYNTHETIC/06668.csv,60.08020984449823,32.10612673446724,27.974083110030985,2.5177782508634476,33.757778250863446,26.322431593634782
data/SYNTHETIC/06669.csv,24.320890395941795,13.077133850988826,11.243756544952968,11.861002160449953,43.10100216044995,-18.780111764508156
data/SYNTHETIC/06670.csv,53.909701587897075,28.92197937489621,24.98772221300086,1.8514012951347252,33.09140129513472,20.818300292762352
data/SYNTHETIC/06671.csv,60.627149274629815,34.53540751589447,26.09174175873535,3.902853019860491,35.14285301986049,25.484296254769326
data/SYNTHETIC/06672.csv,12.485191732448811,6.921986949930026,5.563204782518786,0.5140534129874821,31.75405341298748,-19.26886168053867
data/SYNTHETIC/06673.csv,74.7139574965478,42.16334216981711,32.550615326730686,0.8424128559112208,32.08241285591122,42.631544640636584
data/SYNTHETIC/06674.csv,8.382131763191847,5.7621808238566965,2.6199509393351494,0.31910709483053623,31.559107094830534,-23.176975331638687
data/SYNTHETIC/06675.csv,99.91699037958145,53.07399186642285,46.8429985131586,8.151732311792832,39.39173231179283,60.52525806778862
data/SYNTHETIC/06676.csv,19.74500475276917,10.71647180825955,9.028532944509621,6.634089347823439,37.874089347823436,-18.129084595054266
data/SYNTHETIC/06677.csv,50.024235347822525,26.291407369018714,23.73282797880381,16.029080541696636,47.26908054169664,2.755154806125887
data/SYNTHETIC/06678.csv,41.92858916793415,24.345700871226043,17.582888296708102,1.2604869888768466,32.500486988876844,9.428102179057305
data/SYNTHETIC/06679.csv,29.11522487665191,17.409264921011868,11.705959955640044,1.331503329732564,32.571503329732565,-3.456278453080653
data/SYNTHETIC/06680.csv,4.944879297567134,3.347523468923127,1.5973558286440073,0.12094075120371191,31.36094075120371,-26.416061453636576
data/SYNTHETIC/06681.csv,71.99141400673906,42.43434408601285,29.55706992072621,20.62411456299699,51.86411456299699,20.127299443742075
data/SYNTHETIC/06682.csv,21.42134153399162,14.457157501462724,6.9641840325288955,0.7806123573337534,32.02061235733375,-10.599270823342135
data/SYNTHETIC/06683.csv,51.543801665171195,28.10793339064305,23.435868274528143,12.586430908440692,43.82643090844069,7.717370756730503
data/SYNTHETIC/06684.csv,36.78546068404526,21.903947761715635,14.881512922329629,2.6286169780238184,33.868616978023816,2.916843706021446
data/SYNTHETIC/06685.csv,53.077202336159324,30.24243797915683,22.834764357002495,3.568258716603094,34.80825871660309,18.268943619556232
data/SYNTHETIC/06686.csv,12.182796316304836,6.39926659190411,5.783529724400727,1.8705486705544678,33.110548670554465,-20.927752354249627
data/SYNTHETIC/06687.csv,61.97420145419785,35.93754093093295,26.03666052326491,6.554575564670213,37.79457556467021,24.179625889527642
data/SYNTHETIC/06688.csv,58.482671209438806,33.75359131951664,24.72907988992217,8.218440860907933,39.45844086090793,19.024230348530878
data/SYNTHETIC/06689.csv,51.61039816788593,29.13725409592885,22.473144071957087,5.919528470628608,37.15952847062861,14.450869697257325
data/SYNTHETIC/06690.csv,53.40619048069681,26.696580950162073,26.709609530534735,1.7283845738759729,32.96838457387597,20.437805906820834
data/SYNTHETIC/06691.csv,6.333268499481217,3.8833509392071237,2.449917560274093,0.6013724680375923,31.84137246803759,-25.508103968556373
data/SYNTHETIC/06692.csv,21.462331596703137,10.448479338931318,11.013852257771822,7.010196135452654,38.250196135452654,-16.787864538749517
data/SYNTHETIC/06693.csv,63.49219419386198,32.25394917312364,31.238245020738344,18.417811503760344,49.65781150376034,13.834382690101634
data/SYNTHETIC/06694.csv,8.041815738318768,5.378757745137153,2.663057993181614,0.3570599047172248,31.597059904717224,-23.555244166398456
data/SYNTHETIC/06695.csv,26.2632128237926,15.84806964722169,10.41514317657091,5.60356558812731,36.843565588127305,-10.580352764334705
data/SYNTHETIC/06696.csv,21.65516260889111,13.531877795157232,8.123284813733878,1.246027673071893,32.48602767307189,-10.830865064180777
data/SYNTHETIC/06697.csv,28.015183578378902,14.08681551332111,13.928368065057791,17.328575666822246,48.56857566682224,-20.55339208844334
data/SYNTHETIC/06698.csv,57.230230953254505,28.49937956458557,28.73085138866894,30.60493560969829,61.84493560969829,-4.614704656443784
data/SYNTHETIC/06699.csv,76.55638279893984,36.90986744181608,39.64651535712376,4.060185353791727,35.300185353791726,41.25619744514811
data/SYNTHETIC/06700.csv,82.67042605142684,47.26277098920542,35.40765506222142,14.371425940341972,45.611425940341974,37.05900011108487
data/SYNTHETIC/06701.csv,43.47241731714543,22.927116486655226,20.545300830490206,5.605449130545669,36.84544913054567,6.626968186599761
data/SYNTHETIC/06702.csv,33.70360270553332,19.58364773449122,14.1199549710421,7.176064478523406,38.4160644785234,-4.712461772990082
data/SYNTHETIC/06703.csv,63.700892777241094,30.491697461189393,33.209195316051705,19.19069206616224,50.43069206616224,13.270200711078857
data/SYNTHETIC/06704.csv,9.231032079535911,5.471139049594246,3.759893029941666,0.16908501446935809,31.409085014469355,-22.178052934933444
data/SYNTHETIC/06705.csv,9.387371114723072,5.584371030934935,3.8030000837881377,2.277494762415594,33.517494762415595,-24.13012364769252
data/SYNTHETIC/06706.csv,45.09996334383066,25.435962280868196,19.664001062962463,3.070524328535564,34.310524328535564,10.789439015295095
data/SYNTHETIC/06707.csv,38.397983147143385,23.59310498720747,14.804878159935914,0.8090564544055016,32.0490564544055,6.348926692737884
data/SYNTHETIC/06708.csv,49.922714331066274,27.566917239024534,22.355797092041744,7.821261216423604,39.0612612164236,10.861453114642671
data/SYNTHETIC/06709.csv,41.31607617032567,23.136873628741444,18.179202541584225,2.0814807932283004,33.3214807932283,7.994595377097376
data/SYNTHETIC/06710.csv,45.87800019045882,28.101130151441623,17.7768700390172,3.739149919427997,34.979149919428,10.898850271030824
data/SYNTHETIC/06711.csv,89.0239503975917,58.04913737258177,30.97481302500993,21.22061780429123,52.46061780429123,36.56333259330047
data/SYNTHETIC/06712.csv,42.491120423632665,24.977682380343868,17.513438043288794,1.3534603156465188,32.59346031564652,9.897660107986148
data/SYNTHETIC/06713.csv,35.74290728912695,19.929803036448707,15.813104252678242,1.5130238349844833,32.75302383498448,2.989883454142465
data/SYNTHETIC/06714.csv,77.83349136649437,49.358887464579446,28.474603901914918,1.076318127781758,32.316318127781756,45.517173238712616
data/SYNTHETIC/06715.csv,51.98096791071663,28.14037229729667,23.84059561341996,1.570069204825544,32.810069204825545,19.170898705891084
data/SYNTHETIC/06716.csv,146.48985273100917,104.27367799737107,42.21617473363809,21.11399392521823,52.353993925218234,94.13585880579093
data/SYNTHETIC/06717.csv,19.32957561412655,10.748877062355218,8.580698551771333,0.5347929647194329,31.77479296471943,-12.44521735059288
data/SYNTHETIC/06718.csv,120.81147814574052,73.26679258941438,47.54468555632615,16.713313858794827,47.95331385879483,72.8581642869457
data/SYNTHETIC/06719.csv,37.52115626907103,26.928795204464663,10.592361064606365,1.1788977444190487,32.41889774441905,5.10225852465198
data/SYNTHETIC/06720.csv,48.56056789417461,28.961227411981845,19.599340482192765,3.7072083764519825,34.94720837645198,13.613359517722628
data/SYNTHETIC/06721.csv,71.22111663635222,36.09126258780808,35.12985404854414,3.5676445357727093,34.80764453577271,36.41347210057951
data/SYNTHETIC/06722.csv,68.26577388348866,40.24379404696163,28.021979836527034,5.375195092112673,36.61519509211267,31.65057879137599
data/SYNTHETIC/06723.csv,36.692518659726964,19.701154935245356,16.99136372448161,1.0182346588129056,32.2582346588129,4.434284000914062
data/SYNTHETIC/06724.csv,3.5079834638709047,2.2578789023234203,1.2501045615474844,0.16268090223775808,31.402680902237755,-27.89469743836685
data/SYNTHETIC/06725.csv,64.22697814991113,32.995917638147276,31.231060511763864,1.6931041901561619,32.93310419015616,31.293873959754976
data/SYNTHETIC/06726.csv,8.966835910318288,4.395093366268191,4.571742544050096,1.8348002096904068,33.07480020969041,-24.10796429937212
data/SYNTHETIC/06727.csv,45.773849305347355,26.979173828288637,18.79467547705872,0.7350144846093756,31.975014484609375,13.79883482073798
data/SYNTHETIC/06728.csv,50.297048907703235,28.43937777122069,21.857671136482544,2.9150453436515695,34.155045343651565,16.14200356405167
data/SYNTHETIC/06729.csv,63.16730182096902,33.94790382204018,29.21939799892884,0.6806713917995364,31.920671391799534,31.24663042916949
data/SYNTHETIC/06730.csv,55.40097482209317,29.01945786805656,26.38151695403661,12.489776139941743,43.72977613994174,11.671198682151427
data/SYNTHETIC/06731.csv,54.786738451331885,27.39460056822816,27.39213788310372,4.085100505196069,35.32510050519607,19.461637946135816
data/SYNTHETIC/06732.csv,57.65488563406848,29.33355125694095,28.32133437712753,12.802339770046556,44.04233977004655,13.612545864021925
data/SYNTHETIC/06733.csv,64.3998701324306,29.2676212475616,35.132248884869014,28.13888068932729,59.37888068932729,5.020989443103318
data/SYNTHETIC/06734.csv,22.463207069101507,14.55545752459999,7.9077495445015185,1.4966253941826022,32.7366253941826,-10.273418325081096
data/SYNTHETIC/06735.csv,47.96631006207659,26.39362444824565,21.572685613830934,13.869649770872083,45.10964977087208,2.8566602912045056
data/SYNTHETIC/06736.csv,38.79595688303967,20.36290169102629,18.43305519201338,0.9919746038633124,32.231974603863314,6.563982279176358
data/SYNTHETIC/06737.csv,25.436953526288143,15.582202049721289,9.854751476566854,0.3201116369957836,31.56011163699578,-6.123158110707639
data/SYNTHETIC/06738.csv,51.16792887218858,27.181248242955586,23.986680629233,4.918425458488134,36.15842545848813,15.00950341370045
data/SYNTHETIC/06739.csv,42.36015548215411,23.912731272191905,18.447424209962204,1.1206803938901464,32.36068039389014,9.99947508826397
data/SYNTHETIC/06740.csv,73.42768942598528,38.84625289582111,34.58143653016416,7.480113787516721,38.72011378751672,34.707575638468555
data/SYNTHETIC/06741.csv,18.87232420027783,12.925945605790467,5.946378594487365,2.0524386025506853,33.29243860255068,-14.420114402272851
data/SYNTHETIC/06742.csv,27.48648396818937,16.288229313407683,11.198254654781687,3.466478665327598,34.706478665327595,-7.219994697138226
data/SYNTHETIC/06743.csv,9.616215187503425,6.876522431928095,2.739692755575329,0.3928669455225166,31.632866945522515,-22.01665175801909
data/SYNTHETIC/06744.csv,7.0128198169494045,5.132873301978569,1.8799465149708352,0.4737209924958598,31.71372099249586,-24.700901175546456
data/SYNTHETIC/06745.csv,31.523622595915683,18.11732884966506,13.406293746250622,10.11834904939591,41.35834904939591,-9.83472645348023
data/SYNTHETIC/06746.csv,67.8796132472511,37.59211824745985,30.28749499979125,1.2900506326604568,32.530050632660455,35.349562614590646
data/SYNTHETIC/06747.csv,59.57088957797733,33.898854859345434,25.6720347186319,6.710166487225543,37.950166487225545,21.620723090751788
data/SYNTHETIC/06748.csv,56.01835931960971,27.673076579234113,28.345282740375595,2.3768825695703195,33.616882569570315,22.401476750039393
data/SYNTHETIC/06749.csv,70.80551738773794,28.560604618202202,42.24491276953573,26.976456432030698,58.2164564320307,12.58906095570724
data/SYNTHETIC/06750.csv,74.95123817190229,31.990113780402318,42.96112439149997,27.001124293948067,58.24112429394806,16.710113877954228
data/SYNTHETIC/06751.csv,64.53634640661086,34.79966376152441,29.736682645086454,8.95971131533356,40.19971131533356,24.3366350912773
data/SYNTHETIC/06752.csv,30.383142669669965,8.796088037890199,21.58705463177977,19.86103395025216,51.10103395025216,-20.717891280582194
data/SYNTHETIC/06753.csv,32.81513091371524,19.001714992248022,13.813415921467218,0.9149342605151023,32.1549342605151,0.6601966532001384
data/SYNTHETIC/06754.csv,66.60696139661349,40.60143374557102,26.00552765104247,3.7586393116145094,34.99863931161451,31.608322084998974
data/SYNTHETIC/06755.csv,44.68214759338028,20.975662814149327,23.70648477923095,5.78350648829162,37.023506488291616,7.6586411050886625
data/SYNTHETIC/06756.csv,67.0895906740788,39.422046613622705,27.667544060456102,1.9034599970551815,33.14345999705518,33.946130677023625
data/SYNTHETIC/06757.csv,40.90445903735597,20.931524088493802,19.972934948862168,4.741049407087514,35.98104940708751,4.923409630268459
data/SYNTHETIC/06758.csv,68.32751818379015,27.112385033919978,41.21513314987017,41.871800797089634,73.11180079708963,-4.784282613299482
data/SYNTHETIC/06759.csv,57.64100354823928,35.8384136472272,21.80258990101208,2.0211949373570337,33.26119493735703,24.37980861088225
data/SYNTHETIC/06760.csv,29.517767379590374,14.803892999996954,14.713874379593422,6.224210828384889,37.464210828384886,-7.946443448794511
data/SYNTHETIC/06761.csv,23.29962458709385,16.038480850289304,7.261143736804544,2.232730536200764,33.472730536200764,-10.173105949106915
data/SYNTHETIC/06762.csv,23.29114431942414,12.765838671912277,10.525305647511864,0.7403857160974238,31.980385716097423,-8.689241396673282
data/SYNTHETIC/06763.csv,11.988645430870834,7.182208926989989,4.806436503880845,0.36402251563924304,31.60402251563924,-19.615377084768404
data/SYNTHETIC/06764.csv,46.419875735965654,32.036488769195174,14.383386966770479,2.925997126691718,34.165997126691714,12.25387860927394
data/SYNTHETIC/06765.csv,91.50450915009395,54.159431501106404,37.34507764898755,33.17908024953235,64.41908024953234,27.08542890056161
data/SYNTHETIC/06766.csv,58.877650114626206,31.89981891571354,26.977831198912668,2.1780459995538344,33.41804599955383,25.459604115072374
data/SYNTHETIC/06767.csv,23.454428862650225,10.371438020248087,13.08299084240214,8.671060998995753,39.91106099899575,-16.456632136345526
data/SYNTHETIC/06768.csv,42.7476601852692,22.25744059024951,20.490219595019685,2.211856964350276,33.45185696435028,9.29580322091892
data/SYNTHETIC/06769.csv,49.31879741219271,17.09387982563528,32.224917586557424,35.592799939291226,66.83279993929122,-17.514002527098512
data/SYNTHETIC/06770.csv,49.35609592086999,28.34619684336791,21.009899077502077,4.395342545374227,35.63534254537423,13.720753375495761
data/SYNTHETIC/06771.csv,59.833528327783824,34.59434830067849,25.239180027105334,2.9448706495696415,34.18487064956964,25.648657678214185
data/SYNTHETIC/06772.csv,55.24062347003787,28.013729293345612,27.226894176692255,2.5666606129540686,33.80666061295407,21.4339628570838
data/SYNTHETIC/06773.csv,43.20664216691557,22.714027735571083,20.492614431344485,2.090922953027213,33.33092295302721,9.87571921388836
data/SYNTHETIC/06774.csv,29.659285392680573,22.029336861856276,7.629948530824299,0.7254465403574607,31.96544654035746,-2.3061611476768853
data/SYNTHETIC/06775.csv,29.371079891024486,15.847439164858502,13.523640726165983,0.9433641611823691,32.18336416118237,-2.812284270157882
data/SYNTHETIC/06776.csv,50.05819095807823,24.450206136953224,25.607984821125008,7.936455119705753,39.17645511970575,10.881735838372478
data/SYNTHETIC/06777.csv,32.36475512367251,19.408690606484967,12.956064517187544,2.5242557139964394,33.76425571399644,-1.3995005903239317
data/SYNTHETIC/06778.csv,26.633862869697687,14.362721541403994,12.271141328293693,2.1049821596120184,33.344982159612016,-6.711119289914329
data/SYNTHETIC/06779.csv,45.726700442824686,29.683691902965272,16.043008539859414,1.6767687979818873,32.91676879798189,12.809931644842798
data/SYNTHETIC/06780.csv,22.5581327923943,13.52720501155989,9.03092778083441,2.516280794952994,33.75628079495299,-11.198148002558693
data/SYNTHETIC/06781.csv,18.899825995396995,10.86275528935608,8.037070706040913,0.8854732419294219,32.12547324192942,-13.225647246532425
data/SYNTHETIC/06782.csv,69.77277564162651,39.161977737986675,30.610797903639842,2.9972917476532954,34.237291747653295,35.535483893973215
data/SYNTHETIC/06783.csv,10.172930256185508,6.386694026671001,3.7862362295145067,0.5811059897851283,31.821105989785128,-21.648175733599622
data/SYNTHETIC/06784.csv,17.68240174038808,9.310053948874636,8.372347791513446,5.761053969973112,37.001053969973114,-19.318652229585034
data/SYNTHETIC/06785.csv,45.80407827103934,25.069585370889634,20.734492900149704,3.6702185707935486,34.910218570793546,10.893859700245791
data/SYNTHETIC/06786.csv,50.88901667867458,25.036758552419613,25.852258126254966,1.2140847949111413,32.45408479491114,18.43493188376344
data/SYNTHETIC/06787.csv,26.761055325701424,14.88745682732513,11.873598498376294,0.660131344051059,31.900131344051058,-5.139076018349634
data/SYNTHETIC/06788.csv,24.883749334819832,13.563358027473171,11.320391307346663,1.599618808791366,32.839618808791364,-7.955869473971532
data/SYNTHETIC/06789.csv,42.76651138289247,23.847304416943864,18.919206965948604,1.2989928553993537,32.53899285539935,10.227518527493118
data/SYNTHETIC/06790.csv,58.5709541903855,28.994725579060876,29.576228611324623,17.308356892198418,48.54835689219841,10.022597298187087
data/SYNTHETIC/06791.csv,71.67687778183351,36.4392560986732,35.23762168316031,5.398844129239663,36.63884412923966,35.03803365259385
data/SYNTHETIC/06792.csv,48.07395434979073,25.995958271426257,22.077996078364475,2.8699770296985325,34.109977029698534,13.963977320092198
data/SYNTHETIC/06793.csv,25.750235409976668,17.624555759918014,8.125679650058654,2.2002868757956864,33.440286875795685,-7.6900514658190176
data/SYNTHETIC/06794.csv,50.03536415238726,26.273798137685827,23.761566014701437,7.582634937874935,38.82263493787493,11.21272921451233
data/SYNTHETIC/06795.csv,71.51459299004074,36.825388825260426,34.68920416478032,3.5374363462313534,34.777436346231354,36.737156643809385
data/SYNTHETIC/06796.csv,34.16610118034185,14.995436400288925,19.17066478005292,11.43127749403485,42.67127749403485,-8.505176313693
data/SYNTHETIC/06797.csv,39.291210431663835,22.812341680690196,16.47886875097364,1.7417633911079866,32.98176339110798,6.3094470405558525
data/SYNTHETIC/06798.csv,23.533838639136654,13.48750025658551,10.046338382551143,1.5571815335050725,32.79718153350507,-9.263342894368414
data/SYNTHETIC/06799.csv,18.587765975754515,9.140136674404262,9.44762930135025,5.5862028850766094,36.82620288507661,-18.238436909322097
data/SYNTHETIC/06800.csv,15.200728783195835,8.610139217336291,6.590589565859544,5.473898991430563,36.71389899143056,-21.513170208234726
data/SYNTHETIC/06801.csv,41.209356815334786,20.70716303869109,20.5021937766437,1.8008682666713733,33.040868266671374,8.168488548663412
data/SYNTHETIC/06802.csv,60.55446708036892,32.2834242660623,28.271042814306625,6.091917036468686,37.33191703646868,23.22255004390024
data/SYNTHETIC/06803.csv,36.423388643551746,21.24012634429684,15.183262299254904,2.3710783582734347,33.61107835827343,2.812310285278315
data/SYNTHETIC/06804.csv,33.0330719949999,20.457786453456148,12.575285541543751,1.0865758209062502,32.32657582090625,0.7064961740936511
data/SYNTHETIC/06805.csv,32.34395419455632,17.694740395732623,14.649213798823697,7.664837884213556,38.904837884213556,-6.5608836896572384
data/SYNTHETIC/06806.csv,82.87557725978314,43.68408080437204,39.19149645541111,13.491164256539497,44.73116425653949,38.14441300324365
data/SYNTHETIC/06807.csv,113.02263138958017,60.04885188492424,52.97377950465594,43.05177033295756,74.29177033295755,38.730861056622615
data/SYNTHETIC/06808.csv,14.80204215493129,6.906266792053785,7.895775362877505,6.991605694159946,38.231605694159946,-23.429563539228656
data/SYNTHETIC/06809.csv,61.12831518387348,31.602378135369708,29.525937048503774,2.1576466020498533,33.39764660204985,27.73066858182363
data/SYNTHETIC/06810.csv,1.2588277999198012,0.8469159520535804,0.41191184786622087,0.021881190628570003,31.261881190628568,-30.003053390708768
data/SYNTHETIC/06811.csv,17.66368253435616,10.15347581977204,7.510206714584119,1.3615157748858897,32.60151577488589,-14.93783324052973
data/SYNTHETIC/06812.csv,39.573586500564396,24.07420580643543,15.499380694128966,2.705259738755168,33.94525973875517,5.628326761809227
data/SYNTHETIC/06813.csv,74.1575082669941,33.392604346187014,40.764903920807086,11.589866892600863,42.82986689260086,31.327641374393238
data/SYNTHETIC/06814.csv,57.217072030336084,33.52974594170356,23.687326088632528,2.477521949504502,33.7175219495045,23.499550080831582
data/SYNTHETIC/06815.csv,60.79173549520344,36.64460083220864,24.147134662994798,2.500429849046095,33.740429849046095,27.051305646157346
data/SYNTHETIC/06816.csv,87.09238494123228,54.117883585011384,32.9745013562209,1.4717516308483056,32.711751630848305,54.38063331038398
data/SYNTHETIC/06817.csv,67.16028890105342,37.81635941323479,29.343929487818627,2.566432275839762,33.80643227583976,33.35385662521366
data/SYNTHETIC/06818.csv,16.79857461636103,10.018792980842012,6.7797816355190195,0.7571689346919078,31.997168934691906,-15.198594318330876
data/SYNTHETIC/06819.csv,9.050455168074977,5.762344894119622,3.2881102739553554,0.3309057280990448,31.570905728099042,-22.520450560024067
data/SYNTHETIC/06820.csv,38.78035623069756,28.058674004551808,10.72168222614576,4.2905640161763134,35.530564016176314,3.24979221452125
data/SYNTHETIC/06821.csv,13.596131606130086,6.5217851026602265,7.074346503469861,4.5462309469752435,35.786230946975245,-22.19009934084516
data/SYNTHETIC/06822.csv,32.473184866353556,18.69569148975839,13.777493376595167,4.256310857386964,35.49631085738696,-3.023125991033403
data/SYNTHETIC/06823.csv,72.96660232137661,47.35861750025158,25.60798482112503,20.30160303362637,51.54160303362637,21.42499928775024
data/SYNTHETIC/06824.csv,73.57751249803832,47.55282615639748,26.024686341640834,19.016915503972925,50.25691550397292,23.320596994065397
data/SYNTHETIC/06825.csv,55.79483834556577,32.667903956937316,23.126934388628456,1.3462952455042758,32.586295245504274,23.208543100061497
data/SYNTHETIC/06826.csv,103.75107259055929,60.47159052870838,43.279482061850906,17.379134437070373,48.61913443707037,55.13193815348892
data/SYNTHETIC/06827.csv,33.72640502405059,18.852076610695345,14.874328413355245,12.481200113162949,43.72120011316295,-9.994795089112358
data/SYNTHETIC/06828.csv,80.38482962080323,31.774441899939486,48.61038772086375,34.70383793471099,65.94383793471098,14.440991686092246
data/SYNTHETIC/06829.csv,33.45909359318131,18.773957249485534,14.685136343695774,2.991031982583019,34.23103198258302,-0.7719383894017113
data/SYNTHETIC/06830.csv,45.19508500208961,24.21392396048517,20.981161041604445,5.406809732652815,36.64680973265281,8.5482752694368
data/SYNTHETIC/06831.csv,47.21467741709487,28.57327146482357,18.6414059522713,2.2171830585201393,33.45718305852014,13.757494358574732
data/SYNTHETIC/06832.csv,11.549065940323123,8.572284388592236,2.976781551730887,0.26590531408529994,31.505905314085297,-19.956839373762172
data/SYNTHETIC/06833.csv,68.72731574558544,41.27051728171206,27.456798463873383,4.718609638802494,35.95860963880249,32.76870610678295
data/SYNTHETIC/06834.csv,90.37124077931884,45.26449860164282,45.10674217767602,19.776739739130168,51.016739739130166,39.35450104018867
data/SYNTHETIC/06835.csv,47.237676603486506,27.55451684992563,19.683159753560872,2.060156602221435,33.300156602221435,13.93752000126507
data/SYNTHETIC/06836.csv,41.959408539309734,21.98168391779795,19.977724621511783,2.3025948567712344,33.54259485677123,8.416813682538503
data/SYNTHETIC/06837.csv,39.34463956419627,21.51987279868301,17.824766765513264,1.024928927261128,32.264928927261124,7.079710636935147
data/SYNTHETIC/06838.csv,65.28146237130639,37.762398162988084,27.519064208318305,9.826916632064586,41.06691663206458,24.214545739241807
data/SYNTHETIC/06839.csv,52.449279072816616,30.991545602576277,21.45773347024034,1.2610508040618424,32.50105080406184,19.948228268754775
data/SYNTHETIC/06840.csv,11.400300524926962,6.332826861642523,5.067473663284438,1.1628112985725068,32.4028112985725,-21.00251077364554
data/SYNTHETIC/06841.csv,69.53687081657424,36.54321076975487,32.99366004681936,13.124448077893481,44.36444807789348,25.17242273868076
data/SYNTHETIC/06842.csv,71.25637455972624,41.404739771049236,29.851634788677007,8.592007358611184,39.83200735861118,31.42436720111506
data/SYNTHETIC/06843.csv,5.1699083006505155,3.218116695935574,1.9517916047149415,0.03260456944071195,31.27260456944071,-26.102696268790194
data/SYNTHETIC/06844.csv,49.948213900901436,24.89343627080602,25.054777630095415,5.83634878238115,37.076348782381146,12.87186511852029
data/SYNTHETIC/06845.csv,34.025584151591204,19.170414428834395,14.85516972275681,6.893166487038365,38.133166487038366,-4.107582335447162
data/SYNTHETIC/06846.csv,22.050386334238496,12.200424530321236,9.849961803917259,0.6700145363512795,31.910014536351277,-9.85962820211278
data/SYNTHETIC/06847.csv,48.723558980886715,23.81247153027956,24.911087450607155,5.157942056321634,36.39794205632163,12.325616924565082
data/SYNTHETIC/06848.csv,61.79397640248262,32.89548647107747,28.89848993140515,2.8599010558870765,34.099901055887074,27.694075346595547
data/SYNTHETIC/06849.csv,0.5481464952084619,0.33979573495054793,0.20835076025791402,0.004105168439047677,31.244105168439045,-30.69595867323058
data/SYNTHETIC/06850.csv,50.08368410979483,30.953731547263597,19.12995256253123,2.1693560952423545,33.40935609524235,16.67432801455248
data/SYNTHETIC/06851.csv,66.94186770253053,32.47059364330733,34.4712740592232,26.34102526512274,57.58102526512274,9.36084243740779
data/SYNTHETIC/06852.csv,22.72782198114176,14.611721676382327,8.116100304759433,0.7392865805755451,31.979286580575543,-9.251464599433785
data/SYNTHETIC/06853.csv,28.63518891270534,15.801261048082793,12.833927864622543,0.44350440209528424,31.683504402095284,-3.048315489389946
data/SYNTHETIC/06854.csv,18.15259307240029,10.187367456103486,7.965225616296805,0.6519166550572111,31.89191665505721,-13.739323582656919
data/SYNTHETIC/06855.csv,5.536630251841802,3.4195949407154114,2.117035311126391,0.0213413858660757,31.261341385866075,-25.724711134024272
data/SYNTHETIC/06856.csv,40.346117578549794,20.212728595925835,20.13338898262396,8.266375469437806,39.506375469437806,0.8397421091119881
data/SYNTHETIC/06857.csv,16.91500156466731,9.649068155213158,7.265933409454152,3.830077233917402,35.0700772339174,-18.155075669250092
data/SYNTHETIC/06858.csv,2.904363054170138,1.8386608896325318,1.0657021645376064,0.007609213869478144,31.247609213869477,-28.34324615969934
data/SYNTHETIC/06859.csv,52.69293260680732,28.672724269027118,24.020208337780204,1.529560164840182,32.76956016484018,19.92337244196714
data/SYNTHETIC/06860.csv,5.159908652992504,3.2009325393031514,1.9589761136893524,0.007826548476101688,31.2478265484761,-26.0879178954836
data/SYNTHETIC/06861.csv,68.58255220580388,32.746221441442664,35.836330764361215,1.2580207930533178,32.498020793053314,36.084531412750565
data/SYNTHETIC/06862.csv,63.1648685015479,32.31219212910295,30.852676372444954,4.674665026921846,35.914665026921845,27.250203474626055
data/SYNTHETIC/06863.csv,40.4094460123539,22.390697504531527,18.018748507822373,2.941233581788765,34.18123358178876,6.2282124305651365
data/SYNTHETIC/06864.csv,19.87691417836845,10.390967495821336,9.485946682547116,2.41197724118665,33.65197724118665,-13.775063062818198
data/SYNTHETIC/06865.csv,14.7632354652552,8.598926765210708,6.164308700044492,0.48909384664106065,31.72909384664106,-16.96585838138586
data/SYNTHETIC/06866.csv,22.724584994619818,15.99270008559687,6.731884909022948,0.5848511280470083,31.82485112804701,-9.10026613342719
data/SYNTHETIC/06867.csv,18.03855511462153,11.809585833807342,6.228969280814188,0.26560994370960817,31.505609943709608,-13.467054829088077
data/SYNTHETIC/06868.csv,36.74797201448793,19.936221014366573,16.81175100012135,3.3454326183548155,34.585432618354815,2.1625393961331127
data/SYNTHETIC/06869.csv,68.23434564493789,30.18997578910769,38.04436985583019,10.129563533569478,41.369563533569476,26.864782111368413
data/SYNTHETIC/06870.csv,56.41543815444969,30.977486712385737,25.437951442063955,2.1090213613066324,33.34902136130663,23.066416793143055
data/SYNTHETIC/06871.csv,14.886593543470893,9.524555012235611,5.362038531235282,0.37212160721287624,31.612121607212874,-16.725528063741983
data/SYNTHETIC/06872.csv,47.245612266445804,23.723529884224746,23.52208238222106,2.3131502368413477,33.55315023684135,13.692462029604457
data/SYNTHETIC/06873.csv,37.99265671602973,20.680384924024402,17.312271792005326,12.579994512884443,43.81999451288444,-5.827337796854714
data/SYNTHETIC/06874.csv,41.494053467227175,18.711975509370415,22.782077957856757,4.983213321004451,36.22321332100445,5.270840146222724
data/SYNTHETIC/06875.csv,70.36357954172823,34.52964361369172,35.83393592803651,5.966128836872834,37.206128836872836,33.15745070485539
data/SYNTHETIC/06876.csv,66.04931828256716,33.97048571182272,32.07883257074443,4.050321775438856,35.290321775438855,30.758996507128302
data/SYNTHETIC/06877.csv,43.88570400152501,24.47316075266695,19.412543248858068,1.845988515445162,33.08598851544516,10.799715486079855
data/SYNTHETIC/06878.csv,40.819102160144396,21.69633410658755,19.12276805355685,10.372023706862455,41.61202370686245,-0.7929215467180555
data/SYNTHETIC/06879.csv,26.88607645033246,14.203023274172544,12.683053176159916,1.8624159724856113,33.10241597248561,-6.216339522153149
data/SYNTHETIC/06880.csv,78.00398707992275,42.43587798393949,35.56810909598327,2.2518948690945777,33.49189486909458,44.51209221082817
data/SYNTHETIC/06881.csv,57.22549682705646,30.07763224908272,27.147864577973746,2.78919352403054,34.02919352403054,23.19630330302592
data/SYNTHETIC/06882.csv,62.83279963380002,35.136517537446274,27.696282096353748,4.056839940008443,35.29683994000844,27.535959693791582
data/SYNTHETIC/06883.csv,37.1393421630724,18.035732800113998,19.103609362958405,8.772513907536784,40.012513907536785,-2.8731717444643863
data/SYNTHETIC/06884.csv,50.773805416534245,28.401244470218913,22.372560946315332,5.641368682339236,36.881368682339236,13.892436734195009
data/SYNTHETIC/06885.csv,60.66181188354642,28.975732470069858,31.68607941347656,2.9996390961715913,34.23963909617159,26.422172787374834
data/SYNTHETIC/06886.csv,34.13067969459706,14.270302053000705,19.86037764159636,19.499730539365626,50.739730539365624,-16.60905084476856
data/SYNTHETIC/06887.csv,43.98617579653035,24.46107524040651,19.525100556123835,2.386880205686914,33.62688020568691,10.359295590843438
data/SYNTHETIC/06888.csv,39.302156585480475,23.357336334938044,15.944820250542435,1.0281494053292473,32.26814940532925,7.034007180151228
data/SYNTHETIC/06889.csv,25.193518459833996,14.395201471294522,10.798316988539474,0.6648719179216334,31.904871917921632,-6.711353458087636
data/SYNTHETIC/06890.csv,34.719372274906895,15.649290620495718,19.07008165441118,9.261362019753083,40.50136201975308,-5.781989744846186
data/SYNTHETIC/06891.csv,58.09402432830019,36.57163027729012,21.522394051010075,15.543017333127047,46.78301733312705,11.311006995173145
data/SYNTHETIC/06892.csv,71.31794063394469,45.21182985726054,26.10611077668415,1.3371958583487733,32.57719585834877,38.740744775595914
data/SYNTHETIC/06893.csv,47.31663946066111,22.76238262244967,24.554256838211437,8.856317026180287,40.09631702618029,7.220322434480821
data/SYNTHETIC/06894.csv,28.78141643020472,16.948530149350084,11.832886280854636,1.014799284750449,32.25479928475045,-3.4733828545457257
data/SYNTHETIC/06895.csv,64.86674727453433,51.731070032986494,13.135677241547835,10.342463756790748,41.582463756790744,23.28428351774359
data/SYNTHETIC/06896.csv,23.109225597626196,8.7306283035053,14.378597294120896,13.606833651223937,44.84683365122393,-21.737608053597736
data/SYNTHETIC/06897.csv,58.862760486132146,29.643362487203184,29.219397998928958,3.196271061603465,34.43627106160346,24.426489424528683
data/SYNTHETIC/06898.csv,42.01296346723341,22.669870471794653,19.34309299543876,6.627783919354368,37.867783919354366,4.145179547879046
data/SYNTHETIC/06899.csv,79.02369415542991,38.26490904143262,40.75878511399729,13.2233803554698,44.463380355469795,34.56031379996011
data/SYNTHETIC/06900.csv,12.621179063379257,7.342959803512103,5.2782192598671545,0.46422630546074767,31.704226305460747,-19.08304724208149
data/SYNTHETIC/06901.csv,34.29980663304462,19.473374946185437,14.826431686859182,1.0635966351263055,32.303596635126304,1.9962099979183137
data/SYNTHETIC/06902.csv,29.660384504906972,13.576663747525908,16.083720757381066,11.261050019335505,42.5010500193355,-12.84066551442853
data/SYNTHETIC/06903.csv,30.56948181812481,17.838531915468824,12.730949902655986,1.3201642935124012,32.5601642935124,-1.9906824753875902
data/SYNTHETIC/06904.csv,44.77508966534526,25.192513037426146,19.582576627919117,1.4737842068681024,32.7137842068681,12.061305458477165
data/SYNTHETIC/06905.csv,29.983957275412102,15.511961364623883,14.471995910788221,1.1381899205688517,32.37818992056885,-2.394232645156748
data/SYNTHETIC/06906.csv,44.438499732885425,27.15975564942738,17.278744083458044,2.277302489422495,33.51730248942249,10.921197243462935
data/SYNTHETIC/06907.csv,62.35547805393675,34.453240033649884,27.90223802028687,5.805418650725738,37.045418650725736,25.310059403211014
data/SYNTHETIC/06908.csv,14.387264167529784,7.411105953376852,6.976158214152932,3.191789681125529,34.43178968112553,-20.044525513595744
data/SYNTHETIC/06909.csv,58.49303503992554,30.973970831607247,27.51906420831829,5.240280592293611,36.48028059229361,22.012754447631927
data/SYNTHETIC/06910.csv,91.36717399002642,51.615285834611214,39.7518881554152,13.879669587970175,45.11966958797017,46.247504402056244
data/SYNTHETIC/06911.csv,4.06749800459313,2.776681225523984,1.2908167790691456,0.004703793023577851,31.244703793023575,-27.177205788430445
data/SYNTHETIC/06912.csv,37.35981664428165,18.842942180900142,18.516874463381512,19.949458955592675,51.18945895559267,-13.82964231131102
data/SYNTHETIC/06913.csv,48.936709509794255,27.730433853658276,21.20627565613598,6.173276406377015,37.413276406377015,11.52343310341724
data/SYNTHETIC/06914.csv,12.13771390228795,8.947791917649543,3.189921984638408,0.2732305397539119,31.51323053975391,-19.375516637465957
data/SYNTHETIC/06915.csv,44.03481379881019,20.989303845225013,23.045509953585174,11.752401440740721,42.99240144074072,1.0424123580694697
data/SYNTHETIC/06916.csv,57.432538246714145,30.631924935836928,26.800613310877214,3.516478937153058,34.756478937153055,22.67605930956109
data/SYNTHETIC/06917.csv,5.326860056990066,4.000120733048866,1.3267393239411995,0.042934399935317016,31.282934399935314,-25.95607434294525
data/SYNTHETIC/06918.csv,32.57427684544349,15.106340692325931,17.46793615311756,11.327395936688886,42.56739593668888,-9.99311909124539
data/SYNTHETIC/06919.csv,3.8423200173957923,2.7766178528581857,1.0657021645376064,0.20927824068015813,31.449278240680158,-27.606958223284366
data/SYNTHETIC/06920.csv,29.137239475034136,16.09496085015368,13.042278624880458,0.6451330218485666,31.885133021848564,-2.747893546814428
data/SYNTHETIC/06921.csv,4.073113111096038,2.7367944418556243,1.336318669240414,0.22993892498662277,31.46993892498662,-27.396825813890583
data/SYNTHETIC/06922.csv,57.955071585504186,34.34916993191498,23.605901653589203,1.6938019283825103,32.93380192838251,25.021269657121678
data/SYNTHETIC/06923.csv,20.877742648885704,10.441045945391561,10.436696703494142,2.843208080584379,34.08320808058438,-13.205465431698673
data/SYNTHETIC/06924.csv,44.30810009028151,22.067255141830394,22.240844948451123,1.2636138579750205,32.50361385797502,11.804486232306495
data/SYNTHETIC/06925.csv,45.52368603375096,25.191525636168315,20.332160397582648,8.406375897288953,39.64637589728895,5.877310136462015
data/SYNTHETIC/06926.csv,20.40072105553434,12.526499219580062,7.87422183595428,2.930985713169928,34.17098571316993,-13.770264657635586
data/SYNTHETIC/06927.csv,28.631947243705383,13.111013022653161,15.520934221052224,5.893900880987293,37.13390088098729,-8.501953637281908
data/SYNTHETIC/06928.csv,2.39879878208714,1.5438422141322512,0.8549565679548888,0.007076102622169255,31.247076102622167,-28.848277320535026
data/SYNTHETIC/06929.csv,35.713233912262794,17.13409370443639,18.57914020782641,3.383312832778275,34.623312832778275,1.0899210794845189
data/SYNTHETIC/06930.csv,57.69714211099347,29.98888583301571,27.70825627797776,8.24321571467446,39.48321571467446,18.21392639631901
data/SYNTHETIC/06931.csv,38.92584456581328,20.408970102431773,18.51687446338151,1.4923025950708109,32.732302595070806,6.193541970742473
data/SYNTHETIC/06932.csv,40.70340216916471,22.572096354076585,18.131305815088126,1.58787042415066,32.82787042415066,7.875531745014051
data/SYNTHETIC/06933.csv,2.2387777483789475,1.812496882563905,0.42628086581504254,3.219115854256958e-05,31.24003219115854,-29.001254442779594
data/SYNTHETIC/06934.csv,12.036863500330863,7.833925750300527,4.202937750030335,2.839930468118191,34.07993046811819,-22.04306696778733
data/SYNTHETIC/06935.csv,1.1289306086167517,0.8176018863922824,0.3113287222244692,0.0059726622629160675,31.245972662262915,-30.117042053646163
data/SYNTHETIC/06936.csv,64.5009807015021,34.45536417051601,30.04561653098608,3.092358647934037,34.332358647934036,30.168622053568065
data/SYNTHETIC/06937.csv,60.81749628764507,34.13422995668326,26.683266330961814,1.6360923836549304,32.87609238365493,27.941403903990143
data/SYNTHETIC/06938.csv,33.62399350772331,17.782151219147423,15.841842288575888,2.34387843326206,33.58387843326206,0.04011507446125506
data/SYNTHETIC/06939.csv,55.38669327706978,30.48518517176177,24.901508105308007,14.806386845465479,46.04638684546548,9.340306431604304
data/SYNTHETIC/06940.csv,13.372150257225435,9.006363637108455,4.36578662011698,0.7041803769500873,31.944180376950086,-18.57203011972465
data/SYNTHETIC/06941.csv,118.50601379339545,63.47267504940851,55.033338743986945,12.861574142980572,44.10157414298057,74.40443965041489
data/SYNTHETIC/06942.csv,45.1526853037135,23.757217577918052,21.39546772579545,0.9526343692284772,32.19263436922848,12.960050934485018
data/SYNTHETIC/06943.csv,43.941985171367534,21.188645249408435,22.753339921959096,2.843124821262405,34.0831248212624,9.858860350105132
data/SYNTHETIC/06944.csv,81.4628544604985,44.62548211236936,36.837372348129136,9.044829391602349,40.284829391602344,41.17802506889616
data/SYNTHETIC/06945.csv,41.64926398948192,21.508690497883563,20.140573491598357,2.543709772177383,33.78370977217738,7.865554217304542
data/SYNTHETIC/06946.csv,80.79734872062896,37.43644222373477,43.36090649689419,40.85979461675948,72.09979461675948,8.697554103869479
data/SYNTHETIC/06947.csv,37.66234893083857,22.93410553329636,14.72824339754221,1.6880045162761326,32.92800451627613,4.734344414562436
data/SYNTHETIC/06948.csv,40.205405864496456,19.770267504947252,20.4351383595492,0.9412029590881104,32.18120295908811,8.024202905408345
data/SYNTHETIC/06949.csv,15.539318799613808,8.50807934999041,7.031239449623397,2.321134910616365,33.56113491061636,-18.02181611100255
data/SYNTHETIC/06950.csv,55.20255207654936,28.047502989601213,27.155049086948146,7.3346329874495515,38.57463298744955,16.627919089099812
data/SYNTHETIC/06951.csv,45.11808296595444,22.496459041859545,22.621623924094898,8.449981367725723,39.68998136772572,5.4281015982287215
data/SYNTHETIC/06952.csv,32.80525432201216,17.102312540274887,15.702941781737275,7.342017003833836,38.58201700383383,-5.776762681821673
data/SYNTHETIC/06953.csv,58.031946960411034,34.2703809457096,23.76156601470144,3.4220436285006897,34.66204362850069,23.369903331910344
data/SYNTHETIC/06954.csv,64.15136362839347,31.406766559353716,32.744597069039756,0.9598692364504422,32.19986923645044,31.95149439194303
data/SYNTHETIC/06955.csv,12.765366979426782,6.7639071494689285,6.001459829957853,2.7356929636517453,33.975692963651746,-21.210325984224966
data/SYNTHETIC/06956.csv,76.40215209248507,39.61986097982643,36.78229111265864,5.13530662626448,36.375306626264475,40.02684546622059
data/SYNTHETIC/06957.csv,22.505521267691705,10.502601607775995,12.002919659915708,8.988042117149606,40.228042117149606,-17.7225208494579
data/SYNTHETIC/06958.csv,47.297132290234,22.64947683535523,24.64765545487877,11.037624429171652,42.27762442917165,5.019507861062351
data/SYNTHETIC/06959.csv,9.860274349977784,7.427120643977317,2.4331537060004673,0.2099715688175225,31.44997156881752,-21.58969721883974
data/SYNTHETIC/06960.csv,60.12374092845153,34.12539778638353,25.998343142068002,3.1951170184598534,34.43511701845985,25.688623909991684
data/SYNTHETIC/06961.csv,71.15998492999732,49.75493785890262,21.405047071094696,12.557644106011434,43.79764410601143,27.36234082398589
data/SYNTHETIC/06962.csv,19.9768352318155,13.642493152709948,6.334342079105554,3.0796806906141034,34.3196806906141,-14.3428454587986
data/SYNTHETIC/06963.csv,11.273439231606734,6.737619232428696,4.535819999178036,0.6438992063917645,31.883899206391764,-20.61045997478503
data/SYNTHETIC/06964.csv,4.2059327889527065,2.2158238030409034,1.9901089859118026,0.3621232602022684,31.602123260202266,-27.39619047124956
data/SYNTHETIC/06965.csv,11.6297472600498,8.602674145498039,3.0270731145517624,0.01998453416308494,31.259984534163085,-19.630237274113284
data/SYNTHETIC/06966.csv,60.085902880976334,31.819649739319324,28.26625314165701,8.041431184756473,39.28143118475647,20.804471696219863
data/SYNTHETIC/06967.csv,46.90075897171378,28.10368865833024,18.79707031338354,2.1243349229594215,33.36433492295942,13.536424048754355
data/SYNTHETIC/06968.csv,77.01695176741708,42.40198752870571,34.61496423871138,1.5044869857747112,32.74448698577471,44.27246478164238
data/SYNTHETIC/06969.csv,32.38966758755845,17.42912506651028,14.960542521048167,7.2292326749267675,38.469232674926765,-6.079565087368316
data/SYNTHETIC/06970.csv,43.94592614308358,24.339401151916373,19.60652499116721,3.1749938223790624,34.41499382237906,9.530932320704522
data/SYNTHETIC/06971.csv,69.68368703944296,33.29893875670171,36.38474828274125,2.7621112234446095,34.00211122344461,35.68157581599835
data/SYNTHETIC/06972.csv,29.774749371727072,15.321912151537262,14.45283722018981,1.7313734766723756,32.971373476672376,-3.196624104945304
data/SYNTHETIC/06973.csv,56.954323621139224,30.488987395734522,26.465336225404705,1.5261733250406393,32.76617332504064,24.188150296098584
data/SYNTHETIC/06974.csv,52.72322637974358,28.597645243671998,24.125581136071585,3.1220707718995513,34.36207077189955,18.361155607844026
data/SYNTHETIC/06975.csv,37.72956647171691,19.4114634232941,18.318103048422806,4.618558680019017,35.858558680019016,1.8710077916978918
data/SYNTHETIC/06976.csv,10.322411526233964,7.110936014672323,3.2114755115616407,0.9294250015852574,32.16942500158525,-21.84701347535129
data/SYNTHETIC/06977.csv,50.91760874544583,27.31170709185665,23.605901653589182,1.790002328265982,33.03000232826598,17.887606417179853
data/SYNTHETIC/06978.csv,23.971419367121335,14.2603580700427,9.711061297078635,1.1303504662535377,32.370350466253534,-8.398931099132199
data/SYNTHETIC/06979.csv,38.05511518768573,19.660377376869185,18.39473781081654,3.085676450341281,34.32567645034128,3.729438737344452
data/SYNTHETIC/06980.csv,1.48295520539205,1.1309142656459195,0.3520409397461306,0.0001652284129519879,31.240165228412952,-29.757210023020903
data/SYNTHETIC/06981.csv,47.461685161978096,21.8944125583747,25.567272603603396,4.056284857918043,35.29628485791804,12.165400304060057
data/SYNTHETIC/06982.csv,79.64199485721798,48.032550206135106,31.609444651082878,7.5161729846662535,38.75617298466625,40.88582187255173
data/SYNTHETIC/06983.csv,6.029485528316248,2.834773871028233,3.194711657288015,1.0847572119985978,32.324757211998595,-26.295271683682348
data/SYNTHETIC/06984.csv,34.2176469518398,17.863309689755937,16.35433726208386,4.781754808532141,36.02175480853214,-1.8041078566923403
data/SYNTHETIC/06985.csv,20.53164042141942,12.947193780766387,7.584446640653035,3.543858445552227,34.78385844555223,-14.252218024132805
data/SYNTHETIC/06986.csv,43.187316380858014,21.082977102920687,22.104339277937328,9.284320895179764,40.52432089517976,2.662995485678252
data/SYNTHETIC/06987.csv,45.29495099743778,24.749650166947585,20.545300830490195,18.34384221559555,49.58384221559555,-4.288891218157772
data/SYNTHETIC/06988.csv,56.44080329718855,29.28814904656517,27.15265425062338,6.801722857331858,38.041722857331855,18.399080439856697
data/SYNTHETIC/06989.csv,37.34788916363025,20.90973263017825,16.438156533452,14.524032484727897,45.76403248472789,-8.416143321097643
data/SYNTHETIC/06990.csv,67.81993259970608,38.70830223539335,29.111630364312735,3.317748235807002,34.557748235807,33.26218436389908
data/SYNTHETIC/06991.csv,37.44331054028143,20.143012929900156,17.30029761038128,0.8617453793465661,32.10174537934657,5.341565160934863
data/SYNTHETIC/06992.csv,19.644352189878823,10.3475975769912,9.296754612887622,2.3207880798732408,33.56078807987324,-13.916435889994418
data/SYNTHETIC/06993.csv,37.75559774069211,21.003717648690852,16.751880092001258,6.355369459001838,37.59536945900184,0.16022828169027292
data/SYNTHETIC/06994.csv,0.8402499563453247,0.6151353418137854,0.22511461453153933,2.9744526149751157e-06,31.240002974452615,-30.39975301810729
data/SYNTHETIC/06995.csv,82.06994772434065,46.65750298946965,35.412444734871,4.554362551850982,35.79436255185098,46.27558517248967
data/SYNTHETIC/06996.csv,84.18246862493835,42.19365066892363,41.98881795601472,29.159292125726132,60.399292125726134,23.783176499212217
data/SYNTHETIC/06997.csv,45.42082150165612,25.795137819890527,19.62568368176559,4.202784210196536,35.442784210196535,9.978037291459586
data/SYNTHETIC/06998.csv,65.94049470332172,36.42653183644203,29.513962866879684,2.9401272333381447,34.18012723333814,31.760367469983578
data/SYNTHETIC/06999.csv,24.65411769804755,14.780207530882267,9.873910167165283,2.3623003935865476,33.602300393586546,-8.948182695538996
