seg,total,lat,jerk,jstar,floor,excess
data/SYNTHETIC/02000.csv,26.992827526329613,12.175975184769666,14.81685234155995,14.459364259921863,45.699364259921865,-18.70653673359225
data/SYNTHETIC/02001.csv,38.4295851129921,19.270894514563224,19.15869059842888,1.1960741865247377,32.436074186524735,5.993510926467366
data/SYNTHETIC/02002.csv,11.634421760860796,7.017177326639438,4.617244434221359,0.2674027001291915,31.50740270012919,-19.872980939268395
data/SYNTHETIC/02003.csv,64.32996049677524,29.774867166183917,34.55509333059133,13.540073453725945,44.78007345372595,19.549887043049296
data/SYNTHETIC/02004.csv,29.271693989612302,17.390910982261598,11.880783007350706,2.35724668781316,33.59724668781316,-4.325552698200859
data/SYNTHETIC/02005.csv,53.277741442305285,32.72046643019109,20.557275012114196,1.145222176060505,32.3852221760605,20.892519266244783
data/SYNTHETIC/02006.csv,53.681431485341705,25.956411353090303,27.725020132251405,6.75386271346263,37.993862713462626,15.687568771879079
data/SYNTHETIC/02007.csv,45.357484301595285,31.067495951492134,14.289988350103153,9.64742527133195,40.88742527133195,4.470059030263336
data/SYNTHETIC/02008.csv,46.44828941030687,24.791784525107797,21.65650488519907,2.5663952348661585,33.80639523486616,12.641894175440711
data/SYNTHETIC/02009.csv,61.59147614964445,37.128223091775574,24.46325305786888,3.843107209528266,35.083107209528265,26.508368940116185
data/SYNTHETIC/02010.csv,31.87968089613573,21.100522598194686,10.779158297941047,2.4823211160393686,33.72232111603937,-1.842640219903636
data/SYNTHETIC/02011.csv,58.96417655564588,40.14315787901428,18.821018676631592,16.67555212341115,47.915552123411146,11.048624432234732
data/SYNTHETIC/02012.csv,14.22447301971252,9.530593823097439,4.6938791966150815,3.3383083126444064,34.5783083126444,-20.353835292931883
data/SYNTHETIC/02013.csv,10.609069899516573,7.807111399496349,2.801958500020224,0.12029967957468131,31.36029967957468,-20.751229780058107
data/SYNTHETIC/02014.csv,57.188120607214074,33.15114841516022,24.036972192053856,14.397476215699347,45.637476215699344,11.55064439151473
data/SYNTHETIC/02015.csv,28.576539268409924,13.829137180269274,14.747402088140651,12.30062171843322,43.540621718433215,-14.964082450023291
data/SYNTHETIC/02016.csv,42.93892013252487,26.376232110183107,16.562688022341764,1.5078960421616108,32.74789604216161,10.191024090363264
data/SYNTHETIC/02017.csv,73.560847995129,40.3348888248037,33.225959170325304,17.88558302069518,49.125583020695174,24.43526497443382
data/SYNTHETIC/02018.csv,63.4710886127569,37.97805593522244,25.493032677534462,5.0808813758182065,36.3208813758182,27.150207236938698
data/SYNTHETIC/02019.csv,43.175118803668106,27.510494403127666,15.66462440054044,1.0350675995347438,32.275067599534744,10.900051204133362
data/SYNTHETIC/02020.csv,24.824360425854202,17.261467312124402,7.562893113729799,1.8180383143916579,33.05803831439166,-8.233677888537457
data/SYNTHETIC/02021.csv,47.418986834717366,26.734785497388593,20.684201337328773,1.864605841174412,33.10460584117441,14.314380993542954
data/SYNTHETIC/02022.csv,65.54263616821741,34.15591129534128,31.386724872876137,10.12129885669994,41.36129885669994,24.181337311517474
data/SYNTHETIC/02023.csv,2.0289701967716027,1.7415898377951697,0.28738035897643316,0.1277683051523119,31.36776830515231,-29.338798108380708
data/SYNTHETIC/02024.csv,59.608300028796805,33.688986485447316,25.91931354334949,4.787845002800759,36.02784500280076,23.580455025996045
data/SYNTHETIC/02025.csv,24.823538799246236,13.711498252157478,11.112040547088757,7.577058454106186,38.81705845410618,-13.993519654859945
data/SYNTHETIC/02026.csv,53.463404246747515,32.93726210685574,20.52614213989177,1.3661463322116367,32.60614633221164,20.85725791453588
data/SYNTHETIC/02027.csv,45.53823999217042,29.44972956213977,16.08851043003065,0.9144943494582223,32.15449434945822,13.3837456427122
data/SYNTHETIC/02028.csv,63.439089350356554,36.0062392497312,27.432850100625355,4.541888838564111,35.78188883856411,27.657200511792446
data/SYNTHETIC/02029.csv,34.81190112499264,23.709439923203103,11.102461201789533,3.1479588561213276,34.38795885612133,0.4239422688713077
data/SYNTHETIC/02030.csv,38.373787787284606,18.37450963884964,19.999278148434964,17.167294973970947,48.40729497397095,-10.033507186686343
data/SYNTHETIC/02031.csv,36.87182567055083,20.93897960163241,15.932846068918414,0.7922372859278188,32.03223728592782,4.839588384623006
data/SYNTHETIC/02032.csv,57.507203587003616,29.54509465859665,27.96210892840697,2.6050112645211168,33.84501126452111,23.662192322482504
data/SYNTHETIC/02033.csv,40.69773606586257,22.305393091370846,18.392342974491722,1.2014397942484774,32.441439794248474,8.256296271614097
data/SYNTHETIC/02034.csv,3.39204038831578,2.223360261811618,1.1686801265041618,0.022866207397046305,31.262866207397046,-27.870825819081265
data/SYNTHETIC/02035.csv,120.10467054861004,70.8117544751773,49.29291607343276,58.079678769111965,89.31967876911196,30.784991779498085
data/SYNTHETIC/02036.csv,6.514256783080908,4.586413541614003,1.9278432414669058,0.14009188383694268,31.38009188383694,-24.86583510075603
data/SYNTHETIC/02037.csv,43.68678537006407,22.518827095124934,21.167958274939142,24.02841150309565,55.26841150309565,-11.581626133031577
data/SYNTHETIC/02038.csv,7.045853881475024,4.890501189151775,2.1553526923232487,1.4550327194682449,32.695032719468244,-25.64917883799322
data/SYNTHETIC/02039.csv,53.228775797342145,25.716896097998255,27.51187969934389,6.180161161113137,37.420161161113136,15.80861463622901
data/SYNTHETIC/02040.csv,53.5232354464409,32.86058763603534,20.66264781040556,3.9342801106127157,35.17428011061271,18.348955335828187
data/SYNTHETIC/02041.csv,24.390625162898793,14.976523570095793,9.414101592803002,4.727545328552008,35.967545328552006,-11.576920165653213
data/SYNTHETIC/02042.csv,20.806816307769036,12.118350121381543,8.688466186387494,1.1238619085733215,32.36386190857332,-11.557045600804283
data/SYNTHETIC/02043.csv,8.353278136474485,5.877017376627553,2.476260759846932,0.565945504264624,31.80594550426462,-23.452667367790134
data/SYNTHETIC/02044.csv,66.85575446047106,34.44882931322858,32.40692514724248,12.18910754833172,43.429107548331714,23.426646912139347
data/SYNTHETIC/02045.csv,64.85494940876245,32.35941531750227,32.49553409126019,1.8761185095707833,33.11611850957078,31.73883089919167
data/SYNTHETIC/02046.csv,42.81217701894643,25.52864326283878,17.28353375610765,2.488036162188699,33.7280361621887,9.084140856757728
data/SYNTHETIC/02047.csv,46.37494416339257,25.645240935892488,20.729703227500085,3.829287336589235,35.069287336589234,11.305656826803336
data/SYNTHETIC/02048.csv,38.27339207983516,20.582736148510882,17.69065593132428,1.9088189465109355,33.148818946510936,5.124573133324226
data/SYNTHETIC/02049.csv,72.83834304654494,37.253470096288055,35.58487295025687,15.56192922040447,46.80192922040447,26.036413826140468
data/SYNTHETIC/02050.csv,19.62124557681181,11.76139275880635,7.859852818005461,5.001647135068247,36.24164713506825,-16.62040155825644
data/SYNTHETIC/02051.csv,50.27204943545952,31.673750537034685,18.598298898424833,1.413775942823855,32.653775942823856,17.618273492635666
data/SYNTHETIC/02052.csv,70.91131646395418,41.715866828273334,29.19544963568084,13.954297523341793,45.19429752334179,25.71701894061239
data/SYNTHETIC/02053.csv,18.245118115708866,11.292908264803987,6.952209850904878,7.869505514097224,39.10950551409722,-20.864387398388356
data/SYNTHETIC/02054.csv,24.022566331917194,14.958110842535532,9.064455489381661,1.1492004406150176,32.389200440615014,-8.36663410869782
data/SYNTHETIC/02055.csv,2.6937865400283956,2.0064685148097596,0.6873180252186359,0.009545190471549277,31.249545190471547,-28.555758650443153
data/SYNTHETIC/02056.csv,37.234776840229344,25.749141826471234,11.48563501375811,6.498256337504422,37.738256337504424,-0.5034794972750802
data/SYNTHETIC/02057.csv,45.38740303902989,26.06586357051436,19.32153946851553,2.468409072338084,33.708409072338085,11.678993966691806
data/SYNTHETIC/02058.csv,58.81877908628252,39.080538097251136,19.73824098903138,1.4443046055926012,32.6843046055926,26.134474480689917
data/SYNTHETIC/02059.csv,41.442706959435014,23.349718525543732,18.09298843389128,4.418009059138937,35.658009059138934,5.784697900296081
data/SYNTHETIC/02060.csv,58.64932900668278,29.34371690006101,29.30561210662177,1.5645592770146615,32.80455927701466,25.844769729668116
data/SYNTHETIC/02061.csv,32.124069653976974,19.692474291921418,12.431595362055555,2.9438021949044857,34.18380219490449,-2.059732540927513
data/SYNTHETIC/02062.csv,43.767408262808274,23.171815869497202,20.595592393311072,2.6446121358769887,33.884612135876985,9.88279612693129
data/SYNTHETIC/02063.csv,34.42709662880877,18.566095649634452,15.86100097917432,6.322868860638726,37.56286886063872,-3.1357722318299537
data/SYNTHETIC/02064.csv,56.179325777144044,31.634648284231826,24.544677492912214,1.3378424108417195,32.57784241084172,23.601483366302325
data/SYNTHETIC/02065.csv,37.57399444987866,20.036608043341815,17.537386406536847,0.9791313118712135,32.21913131187121,5.3548631380074525
data/SYNTHETIC/02066.csv,34.14642148934357,19.197853149919432,14.948568339424135,2.0226055498575346,33.26260554985753,0.8838159394860341
data/SYNTHETIC/02067.csv,61.47506063703179,32.200581402632395,29.274479234399394,3.283561641409303,34.5235616414093,26.951498995622487
data/SYNTHETIC/02068.csv,49.457797868461434,26.00277090333487,23.455026965126564,7.20342716124185,38.44342716124185,11.014370707219584
data/SYNTHETIC/02069.csv,49.06440438394158,31.14863383808577,17.915770545855803,2.1728895654100406,33.41288956541004,15.651514818531538
data/SYNTHETIC/02070.csv,1.9667222063021392,1.420699524246916,0.5460226820552231,0.0015143868886649163,31.241514386888664,-29.274792180586523
data/SYNTHETIC/02071.csv,36.02228909950619,21.198252248971837,14.82403685053435,1.7377393035621926,32.97773930356219,3.0445497959440004
data/SYNTHETIC/02072.csv,29.150916383844848,18.96088782180549,10.190028562039359,0.5106815626971859,31.750681562697185,-2.599765178852337
data/SYNTHETIC/02073.csv,50.116221116971275,27.283851596293662,22.832369520677616,5.1351793939837105,36.37517939398371,13.741041722987568
data/SYNTHETIC/02074.csv,53.22337208140739,27.57467504276073,25.648697038646656,2.8980672896627753,34.13806728966277,19.08530479174462
data/SYNTHETIC/02075.csv,56.937221967216914,32.773323449948464,24.16389851726845,2.470672467968895,33.71067246796889,23.226549499248023
data/SYNTHETIC/02076.csv,60.65662081719393,35.101322395214616,25.555298421979316,1.5072236319174714,32.74722363191747,27.90939718527646
data/SYNTHETIC/02077.csv,21.624641723778005,14.035405410475354,7.589236313302653,5.142593054714871,36.38259305471487,-14.757951330936862
data/SYNTHETIC/02078.csv,97.17802493460343,46.46257608423732,50.715448850366116,52.23432228103454,83.47432228103453,13.703702653568897
data/SYNTHETIC/02079.csv,33.2714914397279,17.54699613106738,15.724495308660522,8.990138383169043,40.23013838316904,-6.958646943441138
data/SYNTHETIC/02080.csv,7.196163929079743,4.2648842675201255,2.931279661559618,0.4141744909969203,31.65417449099692,-24.458010561917177
data/SYNTHETIC/02081.csv,22.676803265653376,13.906912644222558,8.769890621430816,1.1458045430179942,32.38580454301799,-9.709001277364614
data/SYNTHETIC/02082.csv,28.883986693817697,16.938543105697292,11.945443588120403,1.8662765776196388,33.10627657761964,-4.222289883801942
data/SYNTHETIC/02083.csv,41.30349307823626,23.21050464434499,18.09298843389127,0.5686003927107084,31.80860039271071,9.49489268552555
data/SYNTHETIC/02084.csv,43.53369576831706,21.920297936964474,21.613397831352582,3.687568793385282,34.927568793385284,8.606126974931776
data/SYNTHETIC/02085.csv,78.9557647320812,40.710228624967506,38.2455361071137,34.95313989100934,66.19313989100934,12.762624841071869
data/SYNTHETIC/02086.csv,33.14416793389784,20.73891577141514,12.405252162482702,3.0238563244203034,34.2638563244203,-1.1196883905224624
data/SYNTHETIC/02087.csv,55.483089991229804,28.09334694445092,27.389743046778886,2.5097259383334904,33.74972593833349,21.733364052896313
data/SYNTHETIC/02088.csv,8.575606292794944,6.228666694487408,2.3469395983075376,0.21626959851477803,31.456269598514776,-22.880663305719832
data/SYNTHETIC/02089.csv,66.5050872829634,28.944474364743545,37.56061291821986,10.943024629615598,42.183024629615595,24.322062653347807
data/SYNTHETIC/02090.csv,17.35175752322042,12.729723416349453,4.6220341068709665,0.3665272223052567,31.606527222305257,-14.254769699084836
data/SYNTHETIC/02091.csv,65.1999734275511,38.111979757697355,27.087993669853745,2.0632977249664495,33.30329772496645,31.896675702584652
data/SYNTHETIC/02092.csv,26.22928869017833,14.700546622573752,11.528742067604576,1.4656102340999322,32.70561023409993,-6.4763215439216
data/SYNTHETIC/02093.csv,44.90472562915234,24.27321069096924,20.631514938183095,2.1319563213584853,33.37195632135848,11.532769307793856
data/SYNTHETIC/02094.csv,49.63529118893627,27.399235913134756,22.236055275801515,1.2455244431555,32.4855244431555,17.149766745780774
data/SYNTHETIC/02095.csv,23.72596118113261,14.910568669530527,8.815392511602086,0.7001616300948966,31.940161630094895,-8.214200448962284
data/SYNTHETIC/02096.csv,21.047900206443003,13.324553058951361,7.723347147491642,2.5157278446887683,33.755727844688764,-12.70782763824576
data/SYNTHETIC/02097.csv,43.86149671584758,26.913240045212405,16.94825667063517,1.264349978136566,32.50434997813657,11.357146737711012
data/SYNTHETIC/02098.csv,50.031001219153076,28.388865351902858,21.642135867250218,1.748175364934327,32.98817536493433,17.042825854218748
data/SYNTHETIC/02099.csv,9.249670664384624,5.887320464360355,3.362350200024268,0.09387820589349785,31.333878205893495,-22.08420754150887
data/SYNTHETIC/02100.csv,22.00633710789748,15.964165060417976,6.0421720474795055,0.017616272451275696,31.257616272451273,-9.251279164553793
data/SYNTHETIC/02101.csv,98.39368067486316,53.25101595231505,45.14266472254812,17.647391600323584,48.88739160032358,49.50628907453958
data/SYNTHETIC/02102.csv,51.011173939774665,30.896943647749108,20.11423029202556,1.209136733394901,32.4491367333949,18.562037206379763
data/SYNTHETIC/02103.csv,97.35969925773048,46.428715138132056,50.93098411959842,9.782086136491156,41.022086136491154,56.33761312123933
data/SYNTHETIC/02104.csv,70.02168201905607,36.86996277479964,33.151719244256434,37.18727338607981,68.4272733860798,1.5944086329762683
data/SYNTHETIC/02105.csv,92.8263457254016,53.72824788665782,39.098097838743776,35.50755260358156,66.74755260358155,26.07879312182004
data/SYNTHETIC/02106.csv,66.93619542537844,36.58882951746708,30.347365907911357,6.050474451271643,37.29047445127164,29.6457209741068
data/SYNTHETIC/02107.csv,79.34572007506324,39.351953450842956,39.99376662422028,1.0784279124389302,32.31842791243893,47.02729216262431
data/SYNTHETIC/02108.csv,98.66493338961837,52.645758572192115,46.01917481742625,41.27836994389124,72.51836994389124,26.146563445727125
data/SYNTHETIC/02109.csv,45.32867342230412,24.12958227514257,21.199091147161553,0.9388183356730824,32.17881833567308,13.149855086631042
data/SYNTHETIC/02110.csv,5.32466759623615,4.304467321869812,1.0202002743663376,0.05099742866440107,31.2909974286644,-25.96632983242825
data/SYNTHETIC/02111.csv,8.975818126785246,5.110552298552202,3.865265828233043,1.8461132156862128,33.08611321568621,-24.110295088900966
data/SYNTHETIC/02112.csv,88.41515297111452,53.89119251274565,34.523960458368876,6.243602265147201,37.4836022651472,50.931550705967325
data/SYNTHETIC/02113.csv,82.06873285907858,48.45959987678473,33.60913298229386,1.1822060718355654,32.42220607183556,49.64652678724302
data/SYNTHETIC/02114.csv,34.5577584512526,18.67280910883026,15.884949342422342,1.2068402509962715,32.44684025099627,2.110918200256336
data/SYNTHETIC/02115.csv,14.992389868085134,9.7955950432613,5.196794824823833,0.31957921262800065,31.559579212627998,-16.567189344542864
data/SYNTHETIC/02116.csv,78.48057408263783,41.82520929519372,36.65536478744411,9.147668988281607,40.387668988281604,38.092905094356226
data/SYNTHETIC/02117.csv,25.905731535168293,14.946960512866974,10.958771022301317,1.5773468691300594,32.817346869130056,-6.9116153339617625
data/SYNTHETIC/02118.csv,46.56404160932713,23.506557474117955,23.057484135209172,2.7590104373485773,33.99901043734857,12.565031171978553
data/SYNTHETIC/02119.csv,24.694277839604403,13.282882751915203,11.411395087689199,1.8479845975753275,33.08798459757533,-8.393706757970925
data/SYNTHETIC/02120.csv,50.20992799560606,30.335181336060906,19.874746659545153,0.9800055782130257,32.220005578213026,17.989922417393032
data/SYNTHETIC/02121.csv,66.93864479805028,35.595026979020616,31.343617819029657,2.4194868199373887,33.659486819937385,33.27915797811289
data/SYNTHETIC/02122.csv,29.947660914872777,17.77710271222082,12.170558202651957,3.0974001624841514,34.33740016248415,-4.389739247611374
data/SYNTHETIC/02123.csv,42.22292638319143,24.56579816041439,17.65712822277704,9.428562954641219,40.66856295464122,1.5543634285502108
data/SYNTHETIC/02124.csv,56.720739113947666,35.19595022661282,21.524788887334843,1.5266681339400638,32.766668133940065,23.9540709800076
data/SYNTHETIC/02125.csv,29.84360028702582,17.855049645058948,11.98855064196687,0.9178903905645484,32.157890390564546,-2.3142901035387275
data/SYNTHETIC/02126.csv,13.382116325565393,9.394713844767383,3.98740248079801,0.15916232587592896,31.399162325875928,-18.017046000310536
data/SYNTHETIC/02127.csv,39.60663924147317,21.496886953308252,18.109752288164916,5.022588300333242,36.26258830033324,3.344050941139926
data/SYNTHETIC/02128.csv,20.265898045768317,13.129285797853557,7.136612247914761,3.680952847949965,34.92095284794996,-14.655054802181645
data/SYNTHETIC/02129.csv,18.8386351635908,10.107061923356826,8.731573240233974,6.747072367732557,37.98707236773255,-19.14843720414175
data/SYNTHETIC/02130.csv,15.850429898447103,8.663526087711473,7.186903810735632,0.4905958442349949,31.730595844234994,-15.88016594578789
data/SYNTHETIC/02131.csv,22.073241213796017,13.231505502621088,8.841735711174929,2.5999696053481007,33.8399696053481,-11.766728391552085
data/SYNTHETIC/02132.csv,56.45994720868265,33.083949842274606,23.375997366408047,8.064712803097631,39.30471280309763,17.15523440558502
data/SYNTHETIC/02133.csv,49.39995724220939,35.572172302793334,13.827784939416057,10.943666988819881,42.18366698881988,7.216290253389509
data/SYNTHETIC/02134.csv,74.43947285781195,40.03285937935846,34.40661347845348,7.78024943582926,39.02024943582926,35.41922342198269
data/SYNTHETIC/02135.csv,33.06799675910953,22.904311396643013,10.16368536246652,2.370521801284222,33.61052180128422,-0.5425250421746881
data/SYNTHETIC/02136.csv,61.33355141958744,35.67766987196631,25.655881547621128,20.04285704652036,51.28285704652036,10.050694373067074
data/SYNTHETIC/02137.csv,124.89759418163163,53.79969337086196,71.09790081076967,62.31084136425054,93.55084136425054,31.346752817381088
data/SYNTHETIC/02138.csv,14.253153764859224,8.601340038322695,5.651813726536529,1.1656377669233604,32.405637766923356,-18.15248400206413
data/SYNTHETIC/02139.csv,103.54908343925175,66.22076964453785,37.3283137947139,4.688376300748908,35.92837630074891,67.62070713850284
data/SYNTHETIC/02140.csv,23.236210798584924,14.389685414760361,8.846525383824563,1.3364933736745,32.576493373674495,-9.34028257508957
data/SYNTHETIC/02141.csv,33.21854662998831,17.213855471325783,16.00469115866253,1.9468406679675652,33.186840667967566,0.031705962020744494
data/SYNTHETIC/02142.csv,55.18765810464247,28.868406895050807,26.319251209591666,2.0681544154820193,33.308154415482015,21.879503689160458
data/SYNTHETIC/02143.csv,13.9935845688942,8.384877896204145,5.608706672690054,0.41641924747498715,31.656419247474986,-17.662834678580786
data/SYNTHETIC/02144.csv,26.922753110258768,15.508963186244761,11.413789924014008,6.124943603829264,37.36494360382926,-10.442190493570493
data/SYNTHETIC/02145.csv,8.79226559927099,5.746033794120799,3.0462318051501915,1.7331669229712516,32.97316692297125,-24.18090132370026
data/SYNTHETIC/02146.csv,45.066055143778414,21.445784472240373,23.620270671538044,16.936752861765452,48.17675286176545,-3.110697717987037
data/SYNTHETIC/02147.csv,18.189417794062535,9.80509582092509,8.384321973137446,2.962664945310115,34.20266494531011,-16.013247151247576
data/SYNTHETIC/02148.csv,40.4119093738404,27.764778742552544,12.647130631287862,0.8428090437863391,32.08280904378634,8.329100330054061
data/SYNTHETIC/02149.csv,40.23531066698067,22.171060268987045,18.06425039799363,3.4374898146312525,34.67748981463125,5.557820852349423
data/SYNTHETIC/02150.csv,34.287588011889696,21.762594033166817,12.524993978722875,2.4385089612211543,33.678508961221155,0.6090790506685408
data/SYNTHETIC/02151.csv,70.06522590312221,32.62674963746732,37.438476265654884,19.160426026137085,50.40042602613708,19.66479987698513
data/SYNTHETIC/02152.csv,53.178858110902496,32.77964229622534,20.399215814677152,1.0241999218118383,32.26419992181184,20.91465818909066
data/SYNTHETIC/02153.csv,59.09019053781643,36.35840414278057,22.73178639503586,1.7147020339737993,32.954702033973795,26.135488503842637
data/SYNTHETIC/02154.csv,35.08274426971349,13.378342658018338,21.704401611695147,22.21454879360771,53.454548793607714,-18.371804523894227
data/SYNTHETIC/02155.csv,60.36150044643598,29.192705679116937,31.168794767319046,9.631106634316287,40.871106634316284,19.4903938121197
data/SYNTHETIC/02156.csv,51.939003420010756,27.413484617696948,24.525518802313808,22.244121751890013,53.484121751890015,-1.5451183318792587
data/SYNTHETIC/02157.csv,58.28027892679445,31.369503144976257,26.910775781818195,25.31528740963654,56.555287409636534,1.7249915171579175
data/SYNTHETIC/02158.csv,45.808776694435096,25.41674538873234,20.392031305702755,2.290168699240102,33.5301686992401,12.278607995194996
data/SYNTHETIC/02159.csv,35.99152799172377,15.870113190723817,20.12141480099995,16.690090579575443,47.93009057957544,-11.93856258785167
data/SYNTHETIC/02160.csv,42.64457370059952,25.07844925816503,17.566124442434493,14.995133436238424,46.23513343623842,-3.590559735638898
data/SYNTHETIC/02161.csv,24.94736252924259,16.570225065079562,8.377137464163027,3.0716140754020356,34.311614075402034,-9.364251546159444
data/SYNTHETIC/02162.csv,29.749233046692744,17.93790029276132,11.811332753931426,2.336097173626988,33.576097173626984,-3.8268641269342396
data/SYNTHETIC/02163.csv,12.484131551912448,6.403642123236078,6.080489428676369,5.047102092777301,36.2871020927773,-23.802970540864855
data/SYNTHETIC/02164.csv,9.136669323110432,5.21392742308212,3.9227419000283126,1.4931323165394785,32.733132316539475,-23.596462993429043
data/SYNTHETIC/02165.csv,38.37726068513344,22.87787999100446,15.499380694128984,11.936241440426626,43.17624144042662,-4.798980755293179
data/SYNTHETIC/02166.csv,51.0003093430031,28.699593486431834,22.30071585657127,3.751530559537547,34.991530559537544,16.00877878346556
data/SYNTHETIC/02167.csv,73.93763726458619,38.506033839116725,35.43160342546947,5.2125165884171825,36.45251658841718,37.485120676169004
data/SYNTHETIC/02168.csv,56.452009660472186,30.96376665558737,25.488243004884815,1.8636078405213579,33.103607840521356,23.34840181995083
data/SYNTHETIC/02169.csv,59.541930205582176,37.51662052636338,22.025309679218797,2.993248426746868,34.23324842674687,25.308681778835307
data/SYNTHETIC/02170.csv,16.834384574660575,10.102499665637602,6.731884909022972,0.7204752638674186,31.960475263867416,-15.12609068920684
data/SYNTHETIC/02171.csv,67.85551349065425,31.592901860477916,36.26261163017633,21.268323478241133,52.50832347824113,15.347190012413115
data/SYNTHETIC/02172.csv,69.44893410452022,28.595421239695373,40.85351286482484,29.26213326789102,60.50213326789102,8.946800836629201
data/SYNTHETIC/02173.csv,14.242762998727162,8.08563880765708,6.157124191070083,4.440330568662798,35.6803305686628,-21.437567569935634
data/SYNTHETIC/02174.csv,14.066898460386847,7.785242780426979,6.281655679959868,2.9275268027480945,34.16752680274809,-20.100628342361247
data/SYNTHETIC/02175.csv,45.39984012791638,23.901394440154373,21.498445687762004,2.688219759253297,33.928219759253295,11.471620368663082
data/SYNTHETIC/02176.csv,73.66908984285192,47.49113397642361,26.1779558664283,19.0060179395323,50.246017939532294,23.423071903319624
data/SYNTHETIC/02177.csv,6.201322541731983,3.895095160946107,2.3062273807858755,2.0292970841495523,33.26929708414955,-27.067974542417566
data/SYNTHETIC/02178.csv,43.34557459380119,23.36784997228948,19.97772462151171,1.932761506319925,33.17276150631992,10.172813087481266
data/SYNTHETIC/02179.csv,58.97621598408915,38.36625457282927,20.609961411259878,4.714483303982448,35.95448330398244,23.02173268010671
data/SYNTHETIC/02180.csv,50.19443300093907,30.676516953789623,19.51791604714945,8.249390935174752,39.489390935174754,10.705042065764317
data/SYNTHETIC/02181.csv,60.229019419963365,32.77701062873958,27.452008791223783,2.4817880518723032,33.7217880518723,26.507231368091063
data/SYNTHETIC/02182.csv,59.63805666331204,36.633258927248576,23.00479773606347,1.516073032058537,32.75607303205854,26.881983631253505
data/SYNTHETIC/02183.csv,5.541535800518707,3.235308419732831,2.3062273807858764,0.6162068193318431,31.85620681933184,-26.314671018813137
data/SYNTHETIC/02184.csv,40.00274984365938,20.968590734120273,19.034159109539107,3.083498849337814,34.32349884933781,5.6792509943215705
data/SYNTHETIC/02185.csv,50.19936089635702,31.078987679124996,19.12037321723202,0.952911615653063,32.19291161565306,18.00644928070396
data/SYNTHETIC/02186.csv,56.564077091884215,31.245867466060417,25.318209625823794,3.500912398438771,34.740912398438766,21.82316469344545
data/SYNTHETIC/02187.csv,48.519515180211016,25.818861657397598,22.700653522813415,3.243969265434008,34.483969265434006,14.03554591477701
data/SYNTHETIC/02188.csv,38.10931498573635,21.596918526215457,16.51239645952089,2.545027260619201,33.7850272606192,4.324287725117145
data/SYNTHETIC/02189.csv,57.7657798223402,37.026497249540945,20.739282572799254,4.466783726684724,35.70678372668472,22.05899609565548
data/SYNTHETIC/02190.csv,82.443660048256,50.22592697067301,32.217733077583,12.75627338306589,43.99627338306589,38.447386665190116
data/SYNTHETIC/02191.csv,49.57341498874767,27.24635593260357,22.327059056144098,5.802594840376906,37.04259484037691,12.530820148370765
data/SYNTHETIC/02192.csv,44.26348391147418,23.730157262608014,20.533326648866172,2.6703613330159337,33.910361333015935,10.353122578458247
data/SYNTHETIC/02193.csv,68.47623628297879,38.248612191307615,30.227624091671167,8.016048313455125,39.256048313455125,29.220187969523664
data/SYNTHETIC/02194.csv,39.014988226931834,23.005507395619702,16.00948083131213,0.6948877181387143,31.93488771813871,7.080100508793123
data/SYNTHETIC/02195.csv,31.32693253314373,18.32297128946013,13.003961243683598,1.0557899837563987,32.2957899837564,-0.9688574506126706
data/SYNTHETIC/02196.csv,92.9177827787955,49.595193663098165,43.322589115697326,7.037634641981765,38.27763464198176,54.640148136813735
data/SYNTHETIC/02197.csv,19.615633933872065,9.636350968415417,9.979282965456648,3.5512645808039824,34.79126458080398,-15.175630646931918
data/SYNTHETIC/02198.csv,35.80434221786171,23.413459073327825,12.390883144533884,20.724390173331905,51.96439017333191,-16.160047955470198
data/SYNTHETIC/02199.csv,45.31608528339105,21.125843566549747,24.190241716841296,8.828623180727897,40.0686231807279,5.24746210266315
data/SYNTHETIC/02200.csv,70.35111383628217,39.15358103306555,31.19753280321662,0.4458068500766623,31.68580685007666,38.66530698620551
data/SYNTHETIC/02201.csv,69.30920476730061,47.45632330346765,21.85288146383296,4.957919460881399,36.197919460881394,33.11128530641922
data/SYNTHETIC/02202.csv,66.29070321278417,31.438650177917193,34.85205303486698,7.679361543689058,38.91936154368906,27.37134166909511
data/SYNTHETIC/02203.csv,28.615202791978387,15.522632604277026,13.09257018770136,0.5717230495840566,31.811723049584057,-3.1965202576056697
data/SYNTHETIC/02204.csv,46.29858458852307,26.26817356786566,20.030411020657407,20.336296474178447,51.57629647417845,-5.277711885655378
data/SYNTHETIC/02205.csv,61.1294369030131,32.84641990708248,28.283016995930627,2.14975542361086,33.38975542361086,27.739681479402243
data/SYNTHETIC/02206.csv,25.164787104753408,15.094500358954232,10.070286745799176,2.096839049070825,33.336839049070825,-8.172051944317417
data/SYNTHETIC/02207.csv,12.669910974426745,7.0899423376343345,5.57996863679241,1.353587105440475,32.59358710544047,-19.923676131013725
data/SYNTHETIC/02208.csv,70.41545580701298,42.47490040552924,27.94055540148373,10.575886296828315,41.81588629682831,28.599569510184665
data/SYNTHETIC/02209.csv,6.873550371840601,4.677485461995691,2.19606490984491,0.21296458653072448,31.452964586530722,-24.57941421469012
data/SYNTHETIC/02210.csv,6.73380878029834,3.9845366794237966,2.7492721008745438,0.9200263373103794,32.16002633731038,-25.426217557012038
data/SYNTHETIC/02211.csv,62.62293931138765,36.5240130436779,26.09892626770975,6.046222919702978,37.28622291970298,25.336716391684668
data/SYNTHETIC/02212.csv,69.99750758183349,40.7254231837589,29.27208439807459,4.09335584099545,35.33335584099545,34.66415174083804
data/SYNTHETIC/02213.csv,48.33269960134636,26.609139299052824,21.723560302293542,1.1811426909813005,32.4211426909813,15.911556910365064
data/SYNTHETIC/02214.csv,27.82986332527536,17.905661595289203,9.924201729986159,1.5555578590302166,32.79555785903022,-4.965694533754856
data/SYNTHETIC/02215.csv,17.82450445722727,9.871253022554482,7.953251434672788,0.9562439834031792,32.19624398340318,-14.371739526175908
data/SYNTHETIC/02216.csv,20.132712832302474,12.378232812588369,7.754480019714107,1.8969704868999204,33.13697048689992,-13.004257654597446
data/SYNTHETIC/02217.csv,12.907512314719007,8.613570784346136,4.293941530372871,0.17812760779037576,31.418127607790375,-18.510615293071368
data/SYNTHETIC/02218.csv,40.85822572243734,18.768255462448806,22.08997025998853,21.331654378752436,52.571654378752434,-11.713428656315095
data/SYNTHETIC/02219.csv,31.70409973161567,20.45315867768831,11.250941053927358,1.0211010188199798,32.26110101881998,-0.557001287204308
data/SYNTHETIC/02220.csv,46.09508378409248,26.071857272409492,20.02322651168299,3.577099647327143,34.81709964732714,11.27798413676534
data/SYNTHETIC/02221.csv,59.04300715550407,35.28862564977706,23.75438150572701,2.019276010527171,33.25927601052717,25.783731144976905
data/SYNTHETIC/02222.csv,35.75250261476131,23.98427691467636,11.768225700084955,8.042820152023786,39.28282015202379,-3.5303175372624764
data/SYNTHETIC/02223.csv,54.69090995081359,29.667265192940672,25.02364475787292,4.335537406268709,35.57553740626871,19.115372544544883
data/SYNTHETIC/02224.csv,55.298841052619046,23.476255968628628,31.82258508399042,23.306041053630864,54.54604105363086,0.7527999989881877
data/SYNTHETIC/02225.csv,66.86463753834022,39.68564008814405,27.178997450196178,2.146886789853637,33.386886789853634,33.477750748486585
data/SYNTHETIC/02226.csv,42.64476053512384,25.40912350551226,17.23563702961158,1.5719390083867402,32.81193900838674,9.8328215267371
data/SYNTHETIC/02227.csv,52.82054524923009,33.264311820883805,19.556233428346285,7.91748456960331,39.15748456960331,13.663060679626781
data/SYNTHETIC/02228.csv,52.956598720939894,26.120062865190647,26.83653585574925,6.940490409947541,38.18049040994754,14.776108310992356
data/SYNTHETIC/02229.csv,54.68184998580827,36.31106053823978,18.370789447568487,0.8049493647264715,32.04494936472647,22.6369006210818
data/SYNTHETIC/02230.csv,67.78888991455754,45.83303048875796,21.955859425799577,1.7206737232573133,32.960673723257315,34.82821619130023
data/SYNTHETIC/02231.csv,48.76757186411732,25.767563800703456,23.000008063413866,0.8379804161271445,32.07798041612714,16.689591447990182
data/SYNTHETIC/02232.csv,55.242790451768386,27.034013381906654,28.20877706986173,8.900827392418734,40.14082739241873,15.101963059349657
data/SYNTHETIC/02233.csv,35.43170933794153,21.886515084852313,13.545194253089218,3.3827485353615634,34.62274853536156,0.8089608025799677
data/SYNTHETIC/02234.csv,48.16368652834661,26.35630695468494,21.80737957366167,0.9818047968703925,32.221804796870394,15.941881731476215
data/SYNTHETIC/02235.csv,58.60617401380016,33.69748139951779,24.908692614282362,2.9040689710435266,34.144068971043524,24.462105042756633
data/SYNTHETIC/02236.csv,65.26628986173013,36.56896618160839,28.697323680121738,10.123995974467139,41.36399597446714,23.902293887262992
data/SYNTHETIC/02237.csv,48.538152595575326,27.113946833882206,21.424205761693116,3.2425155042147398,34.48251550421474,14.055637091360587
data/SYNTHETIC/02238.csv,74.03145529572924,29.980835937291584,44.050619358437665,36.11758978873198,67.35758978873199,6.6738655069972594
data/SYNTHETIC/02239.csv,52.284773613549724,27.08870064029093,25.196072973258794,3.0240162207972103,34.26401622079721,18.020757392752515
data/SYNTHETIC/02240.csv,1.4660918281385544,0.9607813636049928,0.5053104645335617,0.02456885750579669,31.264568857505797,-29.79847702936724
data/SYNTHETIC/02241.csv,27.84102490168224,12.185979846441015,15.655045055241226,14.880420189607078,46.120420189607074,-18.279395287924835
data/SYNTHETIC/02242.csv,39.28834232819532,23.815304833639196,15.473037494556122,1.4902102741117993,32.7302102741118,6.558132054083522
data/SYNTHETIC/02243.csv,26.8572298499964,18.11607726446323,8.741152585533174,3.8513390775247016,35.0913390775247,-8.2341092275283
data/SYNTHETIC/02244.csv,13.955065279537234,8.173930391461314,5.781134888075921,5.479008147881251,36.71900814788125,-22.763942868344014
data/SYNTHETIC/02245.csv,49.262413343815155,23.467631289355477,25.794782054459674,4.820255316861155,36.06025531686115,13.202158026954002
data/SYNTHETIC/02246.csv,30.92950344243266,19.221148650467814,11.708354791964847,1.0766013292452032,32.3166013292452,-1.3870978868125405
data/SYNTHETIC/02247.csv,156.94346879744523,96.3804529794867,60.56301581795853,23.060479978683475,54.30047997868347,102.64298881876176
data/SYNTHETIC/02248.csv,54.829543999032765,28.675536495852526,26.15400750318024,5.153723232738223,36.393723232738225,18.43582076629454
data/SYNTHETIC/02249.csv,67.27743433352293,38.35499603886973,28.922438294653197,2.7456239200424846,33.985623920042485,33.29181041348045
data/SYNTHETIC/02250.csv,13.448214842817173,8.237051000044517,5.211163842772655,0.5731995050932479,31.813199505093245,-18.364984662276072
data/SYNTHETIC/02251.csv,82.20820909578651,45.366047075007785,36.84216202077873,10.846565643265409,42.08656564326541,40.121643452521106
data/SYNTHETIC/02252.csv,74.26489766083668,43.39066776146854,30.87422989936813,5.610080667246857,36.85008066724686,37.414816993589824
data/SYNTHETIC/02253.csv,23.57423832978143,14.16492640962805,9.409311920153382,1.160639368886161,32.40063936888616,-8.82640103910473
data/SYNTHETIC/02254.csv,36.971607719800915,20.722643256008404,16.248964463792507,10.098094033612949,41.33809403361295,-4.3664863138120324
data/SYNTHETIC/02255.csv,48.34097024125955,30.94008950523652,17.400880736023026,0.5242779289586841,31.764277928958684,16.576692312300864
data/SYNTHETIC/02256.csv,71.2311587105805,37.57412900179051,33.657029708789985,3.8453813212721664,35.085381321272166,36.145777389308336
data/SYNTHETIC/02257.csv,32.33495346527698,24.10629585325178,8.228657612025202,2.5143211557778447,33.754321155777845,-1.419367690500863
data/SYNTHETIC/02258.csv,48.46128520791536,29.003240068886015,19.458045139029345,4.608607729633914,35.84860772963391,12.612677478281448
data/SYNTHETIC/02259.csv,41.61509709767648,21.00753052274142,20.607566574935063,1.59750170903386,32.83750170903386,8.777595388642624
data/SYNTHETIC/02260.csv,34.66722228009762,21.27290271547103,13.394319564626588,3.8903061096086393,35.13030610960864,-0.4630838295110209
data/SYNTHETIC/02261.csv,50.24142886682375,28.22330369657937,22.018125170244385,2.477673555643949,33.71767355564395,16.523755311179805
data/SYNTHETIC/02262.csv,16.290709317181438,12.07819222185189,4.2125170953295505,0.27736397028924353,31.517363970289242,-15.226654653107804
data/SYNTHETIC/02263.csv,21.01172713144484,13.096793077968913,7.914934053475927,1.45402278281427,32.694022782814265,-11.682295651369426
data/SYNTHETIC/02264.csv,18.863655241546986,8.242556141042975,10.621099100504013,4.719063250474742,35.95906325047474,-17.095408008927755
data/SYNTHETIC/02265.csv,95.70302044987531,39.354916563571116,56.34810388630419,29.883149603077406,61.12314960307741,34.5798708467979
data/SYNTHETIC/02266.csv,24.669360545356177,14.031497590578542,10.637862954777633,1.2664426073654487,32.50644260736545,-7.837082062009273
data/SYNTHETIC/02267.csv,57.8513471897314,33.510230784427506,24.34111640530389,2.767181117606578,34.00718111760658,23.84416607212482
data/SYNTHETIC/02268.csv,11.03395614946671,6.6298521481528745,4.404104001313837,0.271014886835886,31.511014886835884,-20.477058737369173
data/SYNTHETIC/02269.csv,7.679748537944903,5.555528717844101,2.124219820100802,0.07948336567959238,31.31948336567959,-23.63973482773469
data/SYNTHETIC/02270.csv,74.63587221469018,40.27715546273279,34.35871675195739,3.7256725159908615,34.96567251599086,39.67019969869932
data/SYNTHETIC/02271.csv,60.27924041449111,31.272982848469766,29.006257566021343,2.8900378548316246,34.13003785483162,26.149202559659493
data/SYNTHETIC/02272.csv,43.43250862855755,25.90949123996954,17.52301738858801,0.7550332713991206,31.99503327139912,11.43747535715843
data/SYNTHETIC/02273.csv,50.54770875317342,32.60080533509516,17.946903418078257,4.4072145906039,35.647214590603895,14.900494162569522
data/SYNTHETIC/02274.csv,43.91249891094995,25.68779447919444,18.224704431755505,5.095007984005075,36.335007984005074,7.577490926944876
data/SYNTHETIC/02275.csv,22.347692199742525,13.460454598396332,8.887237601346195,0.48206933186882645,31.722069331868823,-9.374377132126298
data/SYNTHETIC/02276.csv,64.95118833695382,38.80197050642319,26.14921783053063,5.598047806799093,36.83804780679909,28.11314053015473
data/SYNTHETIC/02277.csv,42.46607770306731,23.841435605069602,18.624642097997707,1.8593436475413823,33.09934364754138,9.366734055525932
data/SYNTHETIC/02278.csv,10.556463485279377,6.523559114310099,4.032904370969279,0.08585103709708852,31.325851037097088,-20.76938755181771
data/SYNTHETIC/02279.csv,52.082750225103894,27.315352953984956,24.767397271118934,5.931594003077667,37.171594003077665,14.911156222026229
data/SYNTHETIC/02280.csv,43.31081015039868,23.87192370196777,19.43888644843091,6.452970047312924,37.692970047312926,5.617840103085754
data/SYNTHETIC/02281.csv,42.9737093787115,22.90498097685721,20.068728401854287,7.180211720737425,38.42021172073743,4.55349765797407
data/SYNTHETIC/02282.csv,51.38666753958801,30.69049202063521,20.6961755189528,3.203916701160026,34.44391670116003,16.942750838427983
data/SYNTHETIC/02283.csv,54.39828452289093,31.18513602656955,23.213148496321384,1.3896721881617606,32.629672188161756,21.768612334729177
data/SYNTHETIC/02284.csv,36.754866940752606,20.17541506413722,16.57945187661539,5.185438278903259,36.42543827890326,0.3294286618493487
data/SYNTHETIC/02285.csv,42.476077000084516,22.697123793531453,19.77895320655306,4.262396152483699,35.5023961524837,6.973680847600818
data/SYNTHETIC/02286.csv,28.035392969535653,15.742698114318726,12.292694855216928,3.1459467921789623,34.38594679217896,-6.35055382264331
data/SYNTHETIC/02287.csv,8.938797978325201,6.3068728573660335,2.6319251209591674,0.27038979441519173,31.51038979441519,-22.571591816089988
data/SYNTHETIC/02288.csv,42.016422852499815,20.771829815166967,21.24459303733285,5.484189369552995,36.724189369552995,5.29223348294682
data/SYNTHETIC/02289.csv,72.57700729834798,38.860106681437934,33.71690061691005,10.708533756236632,41.94853375623663,30.62847354211135
data/SYNTHETIC/02290.csv,44.36368771709773,24.311723169517116,20.05196454758062,1.3155869640037146,32.555586964003716,11.808100753094017
data/SYNTHETIC/02291.csv,52.727140265485936,29.26732362770975,23.459816637776186,5.929241686349336,37.16924168634934,15.557898579136598
data/SYNTHETIC/02292.csv,34.78578996933965,18.819416191873955,15.9663737774657,8.97470303607834,40.21470303607834,-5.428913066738687
data/SYNTHETIC/02293.csv,126.05987874543216,60.065374142819024,65.99450460261313,25.703937004303004,56.943937004303,69.11594174112915
data/SYNTHETIC/02294.csv,12.335606768923043,8.602056938554217,3.733549830368827,0.32954429617962727,31.569544296179625,-19.233937527256582
data/SYNTHETIC/02295.csv,49.3970198975548,26.64128513927089,22.75573475828391,5.370940756604528,36.61094075660453,12.786079140950271
data/SYNTHETIC/02296.csv,43.555810088913006,20.61806776994402,22.93774231896899,3.168272068102186,34.408272068102185,9.14753802081082
data/SYNTHETIC/02297.csv,54.46881431963021,30.391129910054715,24.077684409575497,2.7489088638683516,33.98890886386835,20.47990545576186
data/SYNTHETIC/02298.csv,32.30186623888763,19.209296051186293,13.092570187701332,3.2134287643627824,34.45342876436278,-2.151562525475157
data/SYNTHETIC/02299.csv,56.01679425943837,33.17245055713672,22.844343702301646,3.0923303206643467,34.33233032066435,21.684463938774023
data/SYNTHETIC/02300.csv,56.444322100292744,31.114138292844906,25.33018380744784,3.124443876361311,34.36444387636131,22.079878223931438
data/SYNTHETIC/02301.csv,47.62174128276966,28.57081831895695,19.050922963812713,0.7531654352377948,31.993165435237792,15.62857584753187
data/SYNTHETIC/02302.csv,44.69101309180424,23.592505070284442,21.098508021519798,1.7752104900996721,33.01521049009967,11.675802601704568
data/SYNTHETIC/02303.csv,32.17302242552353,22.028495753655434,10.144526671868089,1.2061084479676012,32.4461084479676,-0.2730860224440761
data/SYNTHETIC/02304.csv,10.001636078859446,6.771001876699377,3.2306342021600694,0.5823298782279265,31.822329878227926,-21.820693799368478
data/SYNTHETIC/02305.csv,40.04282121661362,22.907767312643784,17.135053903969837,5.450113156576225,36.690113156576224,3.3527080600373935
data/SYNTHETIC/02306.csv,48.84644705098437,25.781778406800772,23.064668644183598,5.590564029177992,36.83056402917799,12.015883021806374
data/SYNTHETIC/02307.csv,58.728032213182075,32.8135083424822,25.914523870699874,1.779126246796208,33.019126246796205,25.70890596638587
data/SYNTHETIC/02308.csv,14.168477312323628,7.882031959714155,6.286445352609474,4.6320093961739754,35.87200939617397,-21.703532083850344
data/SYNTHETIC/02309.csv,59.49876575496236,30.811021420139866,28.6877443348225,5.01601036545334,36.256010365453335,23.24275538950903
data/SYNTHETIC/02310.csv,12.937528285447064,6.663057114461607,6.274471170985457,1.0732713316979117,32.31327133169791,-19.375743046250847
data/SYNTHETIC/02311.csv,56.90121853852569,28.56551514344935,28.33570339507634,19.113726139211288,50.35372613921129,6.5474923993144
data/SYNTHETIC/02312.csv,14.518943058933843,9.602344084112033,4.91659897482181,1.5385018830009947,32.77850188300099,-18.25955882406715
data/SYNTHETIC/02313.csv,39.7686355308606,29.942622090191378,9.82601344066922,5.772432132313321,37.01243213231332,2.756203398547278
data/SYNTHETIC/02314.csv,74.94819189405214,49.83833302848625,25.109858865565894,1.4351154273992772,32.67511542739928,42.27307646665287
data/SYNTHETIC/02315.csv,35.21953056432801,20.531999384307476,14.687531180020539,1.1813246675301585,32.42132466753016,2.798205896797853
data/SYNTHETIC/02316.csv,23.500183204833107,15.51579889793786,7.984384306895248,1.0164014593562571,32.256401459356255,-8.756218254523148
data/SYNTHETIC/02317.csv,23.10942908934591,12.828396746964016,10.281032342381893,0.4883379995475168,31.728337999547517,-8.618908910201608
data/SYNTHETIC/02318.csv,78.09614566609898,42.96389678122999,35.13224888486899,7.018226638975347,38.258226638975344,39.83791902712363
data/SYNTHETIC/02319.csv,31.084252435854882,16.15005311437953,14.93419932147535,1.400045233048331,32.640045233048326,-1.555792797193444
data/SYNTHETIC/02320.csv,58.01488251800113,28.563185395566293,29.451697122434833,4.981879165825535,36.221879165825534,21.793003352175596
data/SYNTHETIC/02321.csv,29.648620720593293,15.622064366218552,14.026556354374742,0.6169609682281105,31.85696096822811,-2.2083402476348155
data/SYNTHETIC/02322.csv,49.308817365284185,28.986236313000756,20.32258105228343,1.0094531577260082,32.24945315772601,17.059364207558176
data/SYNTHETIC/02323.csv,41.20786820096515,25.14091129785772,16.06695690310743,9.937854361983765,41.17785436198376,0.03001383898138954
data/SYNTHETIC/02324.csv,60.11680564722994,33.656259094474855,26.460546552755083,0.9664968302444938,32.20649683024449,27.91030881698545
data/SYNTHETIC/02325.csv,66.41478414018353,35.667480566029965,30.747303574153563,17.550506650394478,48.79050665039448,17.62427748978905
data/SYNTHETIC/02326.csv,44.797090665179994,25.738983192392862,19.058107472787132,4.629529548007298,35.86952954800729,8.9275611171727
data/SYNTHETIC/02327.csv,86.77904258582933,37.16918189899043,49.6098606868389,15.192399766837,46.432399766836994,40.346642818992336
data/SYNTHETIC/02328.csv,80.82932066044609,54.555571341025654,26.273749319420432,12.460594642212444,43.700594642212444,37.12872601823364
data/SYNTHETIC/02329.csv,30.438527159093503,23.744959631267417,6.693567527826088,7.523223381480288,38.76322338148029,-8.324696222386784
data/SYNTHETIC/02330.csv,57.1137560249932,28.928927318379504,28.184828706613697,3.600403257120826,34.840403257120826,22.273352767872375
data/SYNTHETIC/02331.csv,57.336696288460665,31.75026499425887,25.586431294201795,2.284846764962096,33.52484676496209,23.811849523498573
data/SYNTHETIC/02332.csv,44.336049521713825,22.593330528821852,21.742718992891973,2.776160234984437,34.01616023498443,10.319889286729392
data/SYNTHETIC/02333.csv,71.81957466876945,36.751986364670145,35.0675883040993,11.378377222204536,42.618377222204536,29.201197446564912
data/SYNTHETIC/02334.csv,37.71052815356653,20.68803155686247,17.022496596704055,3.3663859694609974,34.606385969460995,3.104142184105534
data/SYNTHETIC/02335.csv,114.61282974319101,63.54055028042922,51.072279462761784,0.9551457883898596,32.19514578838986,82.41768395480116
data/SYNTHETIC/02336.csv,39.8613550846334,22.664035436218654,17.19731964841475,2.2581431191751715,33.49814311917517,6.363211965458234
data/SYNTHETIC/02337.csv,36.255388394540795,19.27360401535838,16.981784379182415,0.795525604197457,32.03552560419745,4.219862790343342
data/SYNTHETIC/02338.csv,28.06559604223305,12.702721018617815,15.362875023615235,1.2783681817247436,32.51836818172474,-4.452772139491689
data/SYNTHETIC/02339.csv,31.46184919938703,18.340540975788052,13.121308223598977,2.0778956876337933,33.31789568763379,-1.8560464882467649
data/SYNTHETIC/02340.csv,40.27411429070208,23.534208380324838,16.739905910377242,1.3551371806837562,32.59513718068376,7.678977110018323
data/SYNTHETIC/02341.csv,74.2781318291621,41.023434622939185,33.25469720622293,1.735034944039596,32.97503494403959,41.303096885122514
data/SYNTHETIC/02342.csv,23.25234935763625,13.55086740585682,9.701481951779426,7.0354730937201255,38.27547309372012,-15.023123736083875
data/SYNTHETIC/02343.csv,68.8308358388073,35.85633448258639,32.97450135622091,1.4247459347975733,32.66474593479757,36.16608990400973
data/SYNTHETIC/02344.csv,5.738555181580814,4.114856153363967,1.6236990282168473,0.18022196207656133,31.42022196207656,-25.681666780495746
data/SYNTHETIC/02345.csv,54.194018844803956,30.770124751899854,23.423894092904103,1.9064787408059956,33.146478740805996,21.04754010399796
data/SYNTHETIC/02346.csv,47.75789573908139,31.678964654349954,16.078931084731433,1.06820915482209,32.30820915482209,15.449686584259304
data/SYNTHETIC/02347.csv,54.74593618671979,26.230620067283162,28.515316119436623,11.497396718559155,42.737396718559154,12.008539468160635
data/SYNTHETIC/02348.csv,81.16764995824282,51.42138796785716,29.746261990385666,8.664024076283772,39.90402407628377,41.26362588195905
data/SYNTHETIC/02349.csv,58.56214271712915,34.2090521302012,24.353090586927948,4.789094221096083,36.02909422109608,22.533048496033068
data/SYNTHETIC/02350.csv,21.185801930075083,13.749835141559874,7.435966788515208,2.9288319779781737,34.16883197797817,-12.983030047903089
data/SYNTHETIC/02351.csv,35.7710214521304,19.850149564835974,15.920871887294421,7.036591983755357,38.27659198375535,-2.5055705316249544
data/SYNTHETIC/02352.csv,57.16318604039347,28.971172824805368,28.1920132155881,7.6001682420732966,38.8401682420733,18.323017798320173
data/SYNTHETIC/02353.csv,18.95312009618209,12.187707478611893,6.765412617570196,0.3321782094047524,31.57217820940475,-12.61905811322266
data/SYNTHETIC/02354.csv,33.933437846740475,20.33555719450558,13.597880652234892,1.2631121192140955,32.503112119214094,1.4303257275263803
data/SYNTHETIC/02355.csv,45.05902127277588,21.635127179871738,23.423894092904142,23.11475339582686,54.35475339582686,-9.295732123050982
data/SYNTHETIC/02356.csv,21.684709152084856,13.817671825105002,7.867037326979856,1.227444660145311,32.46744466014531,-10.782735508060455
data/SYNTHETIC/02357.csv,11.92570312402874,6.47505564877572,5.450647475253021,6.718278057830428,37.95827805783043,-26.032574933801687
data/SYNTHETIC/02358.csv,41.1587803843838,20.934387621417272,20.224392762966534,11.845264628236723,43.08526462823672,-1.9264842438529186
data/SYNTHETIC/02359.csv,61.47079952159061,31.853858692744332,29.61694082884628,3.4630357185239866,34.703035718523985,26.76776380306662
data/SYNTHETIC/02360.csv,59.485069101912316,34.87812586455522,24.60694323735709,3.347551249166547,34.587551249166545,24.89751785274577
data/SYNTHETIC/02361.csv,51.82022844630257,32.730988101293,19.08924034500957,0.8498604720099365,32.08986047200993,19.73036797429264
data/SYNTHETIC/02362.csv,3.810647351327279,2.6180188615750817,1.1926284897521975,0.13534025594891308,31.375340255948913,-27.564692904621634
data/SYNTHETIC/02363.csv,55.68950532390584,28.97750095704635,26.712004366859492,18.179617251469914,49.419617251469916,6.269888072435926
data/SYNTHETIC/02364.csv,65.62570910916114,39.11726582990998,26.508443279251154,1.7641917840303132,33.00419178403031,32.621517325130824
data/SYNTHETIC/02365.csv,3.0892103846718486,2.4928961397957496,0.5963142448760987,0.022294810067471943,31.26229481006747,-28.173084425395622
data/SYNTHETIC/02366.csv,10.183958400018222,5.957072286739852,4.22688611327837,0.7144063373912528,31.95440633739125,-21.770447937373028
data/SYNTHETIC/02367.csv,47.245393428549626,23.469458395899363,23.775935032650263,13.519857791691972,44.75985779169197,2.485535636857655
data/SYNTHETIC/02368.csv,28.898549056252335,15.770056323678949,13.128492732573388,0.8070447267289625,32.04704472672896,-3.1484956704766276
data/SYNTHETIC/02369.csv,42.62310249349075,24.285840754469447,18.337261739021297,10.922075875486986,42.162075875486984,0.4610266180037641
data/SYNTHETIC/02370.csv,19.824554171174604,12.22334367624795,7.601210494926655,0.3306007198878641,31.570600719887864,-11.74604654871326
data/SYNTHETIC/02371.csv,30.44392243184475,18.395500881757794,12.048421550086957,2.5708533771447715,33.81085337714477,-3.366930945300016
data/SYNTHETIC/02372.csv,92.24918396061256,49.58517483423615,42.66400912637641,14.392982271967652,45.63298227196765,46.61620168864491
data/SYNTHETIC/02373.csv,21.010476780188185,14.901249315614177,6.1092274645740074,0.8391617892924967,32.07916178929249,-11.068685009104307
data/SYNTHETIC/02374.csv,18.781345066457067,7.159204382185136,11.622140684271931,6.388555082421242,37.628555082421244,-18.847210015964176
data/SYNTHETIC/02375.csv,46.55154290917804,26.535500906469444,20.016042002708595,5.825048582723371,37.06504858272337,9.486494326454668
data/SYNTHETIC/02376.csv,4.108153287598334,2.6089857482712744,1.4991675393270596,0.011312353597391394,31.25131235359739,-27.143159065999054
data/SYNTHETIC/02377.csv,40.30641667165572,23.26955105700284,17.03686561465288,4.412696696760634,35.65269669676063,4.65371997489509
data/SYNTHETIC/02378.csv,5.973657775219343,3.315389454687337,2.6582683205320063,2.6282873389293595,33.868287338929356,-27.894629563710012
data/SYNTHETIC/02379.csv,65.64928370670945,35.20372950948111,30.445554197228347,6.955761090954618,38.19576109095462,27.453522615754835
data/SYNTHETIC/02380.csv,28.174356827959187,10.493280241934114,17.68107658602507,14.71508915490186,45.955089154901856,-17.78073232694267
data/SYNTHETIC/02381.csv,54.78611702167471,36.956560583511845,17.82955643816287,1.266851310258009,32.50685131025801,22.279265711416706
data/SYNTHETIC/02382.csv,51.35931958157972,29.700419860055877,21.65889972152384,0.9632046799086029,32.2032046799086,19.156114901671117
data/SYNTHETIC/02383.csv,68.64925638793403,34.793455264185354,33.85580112374868,6.321998387630618,37.56199838763062,31.087258000303414
data/SYNTHETIC/02384.csv,51.829871384906866,28.118596933026325,23.711274451880538,2.3578851367301663,33.59788513673016,18.231986248176703
data/SYNTHETIC/02385.csv,56.51843749265916,32.98438092881409,23.53405656384507,1.3524494850370252,32.59244948503702,23.925988007622138
data/SYNTHETIC/02386.csv,12.614652811742245,6.9269165403336626,5.687736271408582,3.3069139340878886,34.54691393408789,-21.932261122345643
data/SYNTHETIC/02387.csv,46.38173141713682,29.22272914991896,17.159002267217865,3.1737170753916715,34.41371707539167,11.968014341745146
data/SYNTHETIC/02388.csv,24.02866256831558,15.52938845158757,8.499274116728008,0.5614647503105379,31.801464750310537,-7.772802181994958
data/SYNTHETIC/02389.csv,6.669565662113045,4.74890692962055,1.9206587324924949,0.1996774051270311,31.43967740512703,-24.770111743013985
data/SYNTHETIC/02390.csv,32.748034937434,16.34819578517888,16.399839152255122,1.8721756103325782,33.11217561033258,-0.36414067289857854
data/SYNTHETIC/02391.csv,46.43454400594197,27.84821928914114,18.586324716800835,2.8973795827453666,34.13737958274537,12.297164423196605
data/SYNTHETIC/02392.csv,48.74874356631483,25.17157994862326,23.57716361769157,22.570940994186454,53.81094099418645,-5.062197427871624
data/SYNTHETIC/02393.csv,101.79209836106553,68.00335265441136,33.78874570665417,6.205479818728627,37.44547981872863,64.3466185423369
data/SYNTHETIC/02394.csv,18.497450160267427,12.378643350394194,6.118806809873231,3.9537738419690927,35.19377384196909,-16.696323681701664
data/SYNTHETIC/02395.csv,35.472515176613214,17.714803828194434,17.757711348418784,4.464878404502863,35.704878404502864,-0.2323632278896497
data/SYNTHETIC/02396.csv,37.73673987739787,22.00506005976296,15.73167981763491,1.3728261546748541,32.61282615467485,5.1239137227230245
data/SYNTHETIC/02397.csv,14.147037663020228,9.695036935210313,4.452000727809916,2.1032556177096624,33.34325561770966,-19.19621795468943
data/SYNTHETIC/02398.csv,54.65869179641308,30.068512413329596,24.590179383083484,2.621049394219112,33.86104939421911,20.797642402193972
data/SYNTHETIC/02399.csv,36.323104568546654,20.902753473136215,15.420351095410442,1.31582690319102,32.55582690319102,3.7672776653556355
data/SYNTHETIC/02400.csv,19.11859798640628,7.685649371793835,11.432948614612444,10.666930462142961,41.90693046214296,-22.78833247573668
data/SYNTHETIC/02401.csv,29.035646961041707,17.619462200702902,11.416184760338806,0.5596771503711188,31.799677150371117,-2.764030189329411
data/SYNTHETIC/02402.csv,119.95649372019828,47.891079034207905,72.06541468599038,37.19277769827971,68.43277769827971,51.523716021918574
data/SYNTHETIC/02403.csv,34.011230580429185,17.31682656022321,16.694404020205976,7.251935811193973,38.49193581119397,-4.480705230764784
data/SYNTHETIC/02404.csv,38.758139833262604,23.26115397545843,15.496985857804171,1.3239990265704797,32.56399902657048,6.1941408066921255
data/SYNTHETIC/02405.csv,25.424270081169162,15.991009797767743,9.433260283401419,0.7477699253175639,31.98776992531756,-6.563499844148399
data/SYNTHETIC/02406.csv,105.07520991034139,48.43493599241111,56.64027391793027,50.36383012022055,81.60383012022055,23.471379790120835
data/SYNTHETIC/02407.csv,53.63317147713752,36.56038331761259,17.07278815952493,1.3672047434413255,32.60720474344132,21.0259667336962
data/SYNTHETIC/02408.csv,51.919060887380404,27.424674957289035,24.49438593009137,5.79097444286673,37.03097444286673,14.888086444513675
data/SYNTHETIC/02409.csv,68.63589368578457,41.20304358515911,27.432850100625462,1.770951335876533,33.010951335876534,35.62494234990803
data/SYNTHETIC/02410.csv,3.0550952326731884,1.9151531420666703,1.139942090606518,0.48032882571968694,31.720328825719687,-28.665233593046498
data/SYNTHETIC/02411.csv,52.43668777230769,29.815063848212787,22.6216239240949,4.4521388548693395,35.69213885486934,16.74454891743835
data/SYNTHETIC/02412.csv,13.839648453834766,6.506659627286111,7.332988826548656,2.940309799146061,34.18030979914606,-20.340661345311293
data/SYNTHETIC/02413.csv,61.87995388017005,34.06392996757614,27.816023912593916,1.5770189611086982,32.817018961108694,29.062934919061355
data/SYNTHETIC/02414.csv,16.67783079899856,10.286012648097726,6.391818150900834,2.20632313619634,33.44632313619634,-16.76849233719778
data/SYNTHETIC/02415.csv,36.08682240784276,19.70135227353641,16.385470134306352,2.600705466284357,33.840705466284355,2.2461169415584052
data/SYNTHETIC/02416.csv,31.60193373709842,18.650658892560504,12.951274844537918,1.0136042210473706,32.25360422104737,-0.6516704839489478
data/SYNTHETIC/02417.csv,61.574385443023544,34.96775387445544,26.6066315685681,2.721032002302743,33.961032002302744,27.6133534407208
data/SYNTHETIC/02418.csv,53.72800747660823,26.472375264018304,27.255632212589926,29.440601204159805,60.6806012041598,-6.952593727551573
data/SYNTHETIC/02419.csv,63.76755084102139,38.98578455195362,24.781766289067768,5.76011061286904,37.00011061286904,26.767440228152353
data/SYNTHETIC/02420.csv,74.44220652343003,41.83890479755365,32.60330172587637,14.26205109152858,45.50205109152858,28.940155431901452
data/SYNTHETIC/02421.csv,35.30568549916056,23.21176205890233,12.09392344025823,2.8728368099154897,34.112836809915486,1.192848689245075
data/SYNTHETIC/02422.csv,4.3962175867331785,3.007212518347085,1.3890050683860937,0.0796401209587659,31.319640120958763,-26.923422534225583
data/SYNTHETIC/02423.csv,64.68850704215967,34.98056243297086,29.707944609188807,4.708243733150588,35.94824373315058,28.740263309009087
data/SYNTHETIC/02424.csv,44.29700567943843,26.220781099820783,18.076224579617644,1.0939543655699464,32.333954365569944,11.963051313868483
data/SYNTHETIC/02425.csv,65.2616860120105,34.29884716862461,30.962838843385892,4.429170116743251,35.669170116743246,29.592515895267255
data/SYNTHETIC/02426.csv,43.23391172986514,24.702668248534813,18.531243481330325,1.3461251836162478,32.58612518361625,10.647786546248895
data/SYNTHETIC/02427.csv,76.12673130419309,38.27155351802242,37.855177786170664,9.875743296293328,41.115743296293324,35.01098800789976
data/SYNTHETIC/02428.csv,16.86019557367491,9.06979300908876,7.7904025645861505,2.80870520939144,34.048705209391436,-17.188509635716525
data/SYNTHETIC/02429.csv,63.984189476289885,31.07674353716347,32.90744593912642,29.149964043611508,60.389964043611506,3.5942254326783782
data/SYNTHETIC/02430.csv,33.99803751533712,20.330706609682924,13.667330905654197,1.6010455440750422,32.841045544075044,1.156991971262073
data/SYNTHETIC/02431.csv,47.06406365537689,27.89579371164877,19.16826994372812,5.329486105720941,36.56948610572094,10.49457754965595
data/SYNTHETIC/02432.csv,19.328216047336497,11.810824823777965,7.51739122355853,2.0408909717354065,33.2808909717354,-13.952674924398906
data/SYNTHETIC/02433.csv,126.42580620347465,71.67505814581453,54.750748057660125,2.4422061332465006,33.682206133246495,92.74360007022815
data/SYNTHETIC/02434.csv,49.46724833792719,28.12446701127741,21.342781326649778,6.601730210304426,37.841730210304426,11.625518127622762
data/SYNTHETIC/02435.csv,33.42700043137718,16.33265874492901,17.09434168644817,3.1245057548952175,34.36450575489522,-0.9375053235180388
data/SYNTHETIC/02436.csv,60.45689777553064,32.43491793900357,28.021979836527073,3.3343486311181247,34.57434863111812,25.882549144412522
data/SYNTHETIC/02437.csv,26.449287216021112,15.109737218076011,11.3395499979451,3.620265795563782,34.86026579556378,-8.410978579542665
data/SYNTHETIC/02438.csv,57.796278735590434,32.03262955335319,25.76364918223724,6.784794342608441,38.02479434260844,19.771484392981996
data/SYNTHETIC/02439.csv,43.30484768536053,23.159484521112557,20.145363164247968,3.2185101311076454,34.458510131107644,8.846337554252884
data/SYNTHETIC/02440.csv,16.137368197840267,9.929952443949313,6.207415753890956,0.8286825780795632,32.06868257807956,-15.931314380239293
data/SYNTHETIC/02441.csv,40.68995031182292,24.694838498459575,15.995111813363346,7.8544748390269605,39.09447483902696,1.595475472795961
data/SYNTHETIC/02442.csv,14.001500529193429,8.88852497573772,5.1129755534557075,1.645940635031729,32.88594063503173,-18.8844401058383
data/SYNTHETIC/02443.csv,51.28051533783819,30.682528108202344,20.597987229635844,1.8139704309529372,33.05397043095294,18.226544906885252
data/SYNTHETIC/02444.csv,41.21183283305923,20.39591549786623,20.815917335193006,10.49144117110955,41.73144117110955,-0.5196083380503183
data/SYNTHETIC/02445.csv,35.125229569668946,22.003921346069973,13.121308223598977,0.5749682793450748,31.814968279345074,3.310261290323872
data/SYNTHETIC/02446.csv,21.404483145862834,13.501523274010921,7.9029598718519125,1.0494467447679243,32.28944674476792,-10.884963598905088
data/SYNTHETIC/02447.csv,22.6933851541474,13.478054976303111,9.215330177844287,1.0381527866407472,32.278152786640746,-9.584767632493346
data/SYNTHETIC/02448.csv,48.709132225442104,25.768995070148325,22.940137155293783,4.0719688881277145,35.311968888127716,13.397163337314389
data/SYNTHETIC/02449.csv,16.226032591401548,9.64741720716602,6.578615384235527,4.0523822980960205,35.292382298096015,-19.066349706694467
data/SYNTHETIC/02450.csv,29.93016758867002,16.42329071677766,13.50687687189236,1.5572562151428269,32.79725621514282,-2.8670886264728033
data/SYNTHETIC/02451.csv,28.91066632092742,17.096938730671216,11.813727590256205,0.29800099519922785,31.538000995199226,-2.6273346742718076
data/SYNTHETIC/02452.csv,20.550216962662166,12.024599646361315,8.52561731630085,2.099060755652255,33.339060755652255,-12.78884379299009
data/SYNTHETIC/02453.csv,98.70555831738002,53.1677456012394,45.53781271614062,2.3985124509510083,33.638512450951005,65.06704586642903
data/SYNTHETIC/02454.csv,40.499364795932394,22.614727122299012,17.88463767363338,3.2037790327266804,34.44377903272668,6.055585763205713
data/SYNTHETIC/02455.csv,31.102995928315416,15.409633491877345,15.693362436438068,6.287774882033092,37.52777488203309,-6.424778953717677
data/SYNTHETIC/02456.csv,169.66992974632058,109.6128350761584,60.05709467016217,16.777867671519942,48.01786767151994,121.65206207480064
data/SYNTHETIC/02457.csv,41.56205162582016,23.145760288080336,18.416291337739825,2.226896840266484,33.466896840266486,8.095154785553675
data/SYNTHETIC/02458.csv,56.14361937997547,32.492215836215024,23.651403543760445,2.7899774226499416,34.02997742264994,22.113641957325527
data/SYNTHETIC/02459.csv,38.44672813010613,19.872377594929315,18.574350535176816,7.522402839062429,38.762402839062425,-0.3156747089562941
data/SYNTHETIC/02460.csv,58.76268571565561,34.059949025306366,24.70273669034924,2.0382757872729935,33.27827578727299,25.484409928382618
data/SYNTHETIC/02461.csv,42.03277326693278,22.775894379186962,19.25687888774582,1.9025057622391048,33.142505762239104,8.890267504693675
data/SYNTHETIC/02462.csv,39.019467411017104,19.13993107882231,19.87953633219479,16.889297873107974,48.12929787310797,-9.10983046209087
data/SYNTHETIC/02463.csv,62.431361271473406,30.350133864404256,32.08122740706915,1.5735940514507716,32.81359405145077,29.617767220022635
data/SYNTHETIC/02464.csv,20.573369123312986,13.113453971549715,7.459915151763269,6.805434016908432,38.04543401690843,-17.472064893595444
data/SYNTHETIC/02465.csv,38.262533563410386,23.026584865009806,15.235948698400584,4.089801840924912,35.32980184092491,2.932731722485478
data/SYNTHETIC/02466.csv,33.022226722421294,18.629260410351588,14.392966312069703,4.625589812180458,35.86558981218046,-2.8433630897591655
data/SYNTHETIC/02467.csv,60.17392799368032,28.69140966781204,31.48251832586828,8.424608993303424,39.664608993303425,20.509319000376898
data/SYNTHETIC/02468.csv,73.47309907246321,39.473607769226376,33.999491303236844,3.2369341337715434,34.47693413377154,38.99616493869167
data/SYNTHETIC/02469.csv,82.2194392841174,46.85728611206731,35.36215317205009,3.0456825113110026,34.285682511311,47.9337567728064
data/SYNTHETIC/02470.csv,16.135461967277145,8.644413943291445,7.491048023985701,5.00439031532975,36.244390315329746,-20.1089283480526
data/SYNTHETIC/02471.csv,51.70937359393416,28.254346628807582,23.455026965126578,17.51566348639109,48.755663486391086,2.953710107543074
data/SYNTHETIC/02472.csv,86.68869956479907,50.23450102863845,36.45419853616062,7.119304063167167,38.359304063167166,48.3293955016319
data/SYNTHETIC/02473.csv,70.47820482353782,46.66634724601551,23.81185757752231,4.56132907769782,35.801329077697815,34.67687574584001
data/SYNTHETIC/02474.csv,27.349235118654406,18.531447770727517,8.81778734792689,2.0563503489158936,33.296350348915894,-5.947115230261488
data/SYNTHETIC/02475.csv,72.76722489452554,35.47243880835889,37.29478608616665,19.049822701877318,50.28982270187731,22.477402192648228
data/SYNTHETIC/02476.csv,35.12098843515554,22.71813110899764,12.402857326157903,0.7723683892575205,32.01236838925752,3.1086200458980215
data/SYNTHETIC/02477.csv,73.40482725144858,38.6102502883769,34.79457696307167,10.809544791077599,42.049544791077594,31.355282460370987
data/SYNTHETIC/02478.csv,9.35205234874608,5.48439168418825,3.86766066455783,0.22327979810322823,31.463279798103226,-22.111227449357145
data/SYNTHETIC/02479.csv,48.41725194706784,28.750856047780594,19.66639589928724,13.540596109584614,44.780596109584614,3.636655837483225
data/SYNTHETIC/02480.csv,89.64299323709335,39.78250095468212,49.86049228241122,56.79222054133451,88.03222054133451,1.6107726957588397
data/SYNTHETIC/02481.csv,24.8716726131042,18.15176188570527,6.719910727398928,0.4654869200254211,31.705486920025418,-6.833814306921219
data/SYNTHETIC/02482.csv,56.0861432604638,28.356333455562797,27.729809804901006,2.0570229717534567,33.29702297175346,22.789120288710343
data/SYNTHETIC/02483.csv,47.56295759678944,28.758595006796867,18.80436258999257,10.341676635688154,41.581676635688154,5.981280961101284
data/SYNTHETIC/02484.csv,42.17321732059375,24.202365539267465,17.97085178132628,2.0718113019246434,33.31181130192464,8.861406018669108
data/SYNTHETIC/02485.csv,60.40899692696199,33.10307315155123,27.30592377541076,2.3062145178131486,33.54621451781315,26.862782409148842
data/SYNTHETIC/02486.csv,45.28702201118922,26.317523482419812,18.969498528769414,11.623866439457233,42.86386643945723,2.4231555717319893
data/SYNTHETIC/02487.csv,51.485308982822986,25.621076674943964,25.86423230787902,4.582632430420122,35.82263243042012,15.662676552402864
data/SYNTHETIC/02488.csv,43.92352125346916,23.751814889648347,20.17170636382081,5.7471405009172924,36.98714050091729,6.9363807525518695
data/SYNTHETIC/02489.csv,53.68525693150056,29.636310557822686,24.04894637367787,7.994042940257795,39.234042940257794,14.451213991242767
data/SYNTHETIC/02490.csv,61.327351676539706,31.07817405794528,30.24917761859443,8.685810481963767,39.925810481963765,21.40154119457594
data/SYNTHETIC/02491.csv,34.59475655461646,23.379738045561155,11.215018509055305,1.115716014598791,32.35571601459879,2.239040540017669
data/SYNTHETIC/02492.csv,52.80206966454626,30.96834689131175,21.83372277323451,1.547038146688596,32.787038146688595,20.015031517857665
data/SYNTHETIC/02493.csv,60.06723034787707,32.751727227167024,27.315503120710048,1.7115444217951956,32.95154442179519,27.11568592608188
data/SYNTHETIC/02494.csv,42.446202472733646,24.822601958503885,17.623600514229764,1.298067756446778,32.53806775644678,9.908134716286867
data/SYNTHETIC/02495.csv,109.85498227628077,79.61059433033594,30.244387945944823,21.61300141147867,52.85300141147867,57.00198086480209
data/SYNTHETIC/02496.csv,62.22657935628235,35.79477083942489,26.43180851685746,10.014927134267888,41.25492713426789,20.971652222014463
data/SYNTHETIC/02497.csv,65.24481015384403,32.306231342495124,32.938578811348904,22.91248633194275,54.15248633194275,11.092323821901282
data/SYNTHETIC/02498.csv,100.89031819063852,52.28711497874923,48.603203211889294,20.039607284480603,51.279607284480605,49.61071090615792
data/SYNTHETIC/02499.csv,36.46653035842083,19.870314627531815,16.596215730889018,2.8610210117374324,34.10102101173743,2.365509346683403
data/SYNTHETIC/02500.csv,61.92037376438978,34.415678574020326,27.504695190369453,1.5977773236773034,32.8377773236773,29.08259644071248
data/SYNTHETIC/02501.csv,52.527002455497794,27.12976323095552,25.39723922454228,0.43233383754457577,31.672333837544574,20.85466861795322
data/SYNTHETIC/02502.csv,120.5380781185388,66.46027906814842,54.07779905039038,59.50046697616299,90.74046697616299,29.797611142375814
data/SYNTHETIC/02503.csv,66.86235099273472,35.707925243364535,31.15442574937018,8.771624410805101,40.0116244108051,26.85072658192962
data/SYNTHETIC/02504.csv,84.96474104938954,44.882365481151446,40.08237556823809,9.134341903676303,40.3743419036763,44.59039914571324
data/SYNTHETIC/02505.csv,32.49533213043278,18.986060422215605,13.509271708217172,8.57418235320914,39.81418235320914,-7.318850222776362
data/SYNTHETIC/02506.csv,35.06061739573287,25.105282793524264,9.955334602208605,2.2401650952962555,33.48016509529626,1.5804523004366118
data/SYNTHETIC/02507.csv,87.49752366305354,49.2974894461111,38.20003421694244,11.542287807360026,42.78228780736002,44.71523585569352
data/SYNTHETIC/02508.csv,36.26040979403025,23.713862288384142,12.54654750564611,0.5732204114681918,31.81322041146819,4.447189382562062
data/SYNTHETIC/02509.csv,47.8032989933902,26.551521447082955,21.251777546307242,2.469460509448765,33.70946050944876,14.09383848394144
data/SYNTHETIC/02510.csv,56.87082710909152,29.756490239665023,27.114336869426502,11.532132408439939,42.77213240843994,14.098694700651585
data/SYNTHETIC/02511.csv,66.78824326073283,35.880485652817406,30.907757607915414,9.878298618852265,41.118298618852265,25.669944641880562
data/SYNTHETIC/02512.csv,41.269314836874926,20.359998885014612,20.909315951860314,2.0685408362004094,33.30854083620041,7.960774000674519
data/SYNTHETIC/02513.csv,40.945682954559715,23.61664730828078,17.32903564627894,3.8609557331619544,35.10095573316195,5.844727221397761
data/SYNTHETIC/02514.csv,41.998137250621895,28.867249681723706,13.130887568898192,1.9081378441826575,33.148137844182656,8.849999406439238
data/SYNTHETIC/02515.csv,59.42376747246606,32.13939722397851,27.284370248487548,5.393752543764189,36.63375254376419,22.790014928701872
data/SYNTHETIC/02516.csv,48.41859216872474,26.01968802283655,22.398904145888196,3.1874503086768273,34.427450308676825,13.991141860047918
data/SYNTHETIC/02517.csv,69.6728264771166,35.67094033755489,34.00188613956171,11.217733648047796,42.45773364804779,27.21509282906881
data/SYNTHETIC/02518.csv,57.03773156603836,36.322397356487116,20.715334209551248,2.556898002985832,33.79689800298583,23.240833563052533
data/SYNTHETIC/02519.csv,46.76044477659511,31.43588713417681,15.324557642418302,8.11804001765566,39.35804001765566,7.402404758939447
data/SYNTHETIC/02520.csv,13.359597592529433,8.761511848906501,4.5980857436229305,0.8116137786461703,32.05161377864617,-18.69201618611674
data/SYNTHETIC/02521.csv,22.958246389421355,14.193145440640142,8.76510094878121,1.8435784038262406,33.08357840382624,-10.125332014404883
data/SYNTHETIC/02522.csv,11.79429593126136,8.161329226534283,3.6329667047270755,1.6110610491946349,32.851061049194634,-21.056765117933274
data/SYNTHETIC/02523.csv,49.20523253639115,26.241147017849343,22.96408551854181,1.6898863023031523,32.92988630230315,16.275346234087998
data/SYNTHETIC/02524.csv,27.645958449939222,18.655742886626474,8.990215563312749,1.7869682027771856,33.026968202777184,-5.3810097528379615
data/SYNTHETIC/02525.csv,104.4335881765036,65.92462007366156,38.50896810284205,2.717592905023714,33.95759290502371,70.47599527147989
data/SYNTHETIC/02526.csv,37.622486380660945,20.611963965580888,17.01052241508006,3.8165742752748897,35.05657427527489,2.5659121053860545
data/SYNTHETIC/02527.csv,80.03601494232389,45.14803936258486,34.88797557973903,2.1583866199712913,33.39838661997129,46.6376283223526
data/SYNTHETIC/02528.csv,25.789447904773546,14.83546655512184,10.953981349651707,1.1609103088121844,32.400910308812186,-6.61146240403864
data/SYNTHETIC/02529.csv,25.586045068666035,14.169860308327229,11.416184760338806,3.4571866942138314,34.697186694213826,-9.111141625547791
data/SYNTHETIC/02530.csv,61.72885927793024,31.070164647794407,30.658694630135834,7.872805078983519,39.11280507898352,22.61605419894672
data/SYNTHETIC/02531.csv,315.87773974742714,158.78067977806012,157.09705996936702,151.79556596042954,183.03556596042955,132.8421737869976
data/SYNTHETIC/02532.csv,37.88714875490088,22.79967990863814,15.087468846262741,1.6876239544923783,32.927623954492375,4.959524800408502
data/SYNTHETIC/02533.csv,39.353601371420496,22.819651384976353,16.533949986444142,7.468126175674508,38.70812617567451,0.6454751957459877
data/SYNTHETIC/02534.csv,35.34688619922048,20.458799451179253,14.888086748041228,4.100053552283911,35.34005355228391,0.006832646936565823
data/SYNTHETIC/02535.csv,31.892271403068406,18.47639831151858,13.415873091549829,3.627220349225094,34.86722034922509,-2.9749489461566867
data/SYNTHETIC/02536.csv,47.95522251740009,25.35754695655323,22.59767556084686,3.4043211199309806,34.64432111993098,13.31090139746911
data/SYNTHETIC/02537.csv,13.407773791738984,8.522307689139621,4.885466102599363,0.6192307041003535,31.85923070410035,-18.451456912361365
data/SYNTHETIC/02538.csv,58.94372329485999,31.561164757055458,27.38255853780453,9.6032008581221,40.8432008581221,18.10052243673789
data/SYNTHETIC/02539.csv,48.49232664687153,28.215247484759367,20.277079162112162,1.2165882883336043,32.456588288333606,16.035738358537927
data/SYNTHETIC/02540.csv,9.179470293482018,5.194462649008811,3.9850076444732068,1.1921378011656751,32.43213780116567,-23.252667507683654
data/SYNTHETIC/02541.csv,82.878330435353,43.375505257717464,39.502825177635536,2.602572898551319,33.84257289855132,49.03575753680169
data/SYNTHETIC/02542.csv,48.81060266294611,26.70147371235918,22.10912895058693,3.848820878345319,35.08882087834532,13.721781784600793
data/SYNTHETIC/02543.csv,45.76598570802293,24.341779946329822,21.42420576169311,3.3448492857481935,34.58484928574819,11.18113642227474
data/SYNTHETIC/02544.csv,53.000070487728436,27.607620935835765,25.392449551892675,5.058669221148698,36.2986692211487,16.701401266579737
data/SYNTHETIC/02545.csv,54.93513630403569,28.570383204272726,26.36475309976296,11.155957339447012,42.39595733944701,12.539178964588679
data/SYNTHETIC/02546.csv,81.79078835331235,40.300249026089766,41.490539327222585,34.77301264035656,66.01301264035656,15.777775712955787
data/SYNTHETIC/02547.csv,25.670137946140564,16.49312514949313,9.17701279664743,1.1993645204962249,32.43936452049623,-6.769226574355663
data/SYNTHETIC/02548.csv,40.01427970404164,21.200445536384468,18.813834167657173,8.64230588538642,39.882305885386415,0.13197381865522573
data/SYNTHETIC/02549.csv,58.747199517395764,26.687525637249777,32.059673880145986,5.9509783931148545,37.190978393114854,21.55622112428091
data/SYNTHETIC/02550.csv,33.0972659275707,18.347469003105267,14.74979692446544,4.498822290322689,35.73882229032269,-2.6415563627519845
data/SYNTHETIC/02551.csv,33.888650107600114,21.823464703239534,12.065185404360584,0.6853650274192168,31.925365027419215,1.9632850801808992
data/SYNTHETIC/02552.csv,45.12249037415306,19.28460126584688,25.837889108306182,27.260385838149972,58.50038583814997,-13.377895463996907
data/SYNTHETIC/02553.csv,3.809083482439915,2.520661539695573,1.2884219427443417,0.09458629492728765,31.334586294927288,-27.525502812487375
data/SYNTHETIC/02554.csv,59.092841849670876,34.761304789666205,24.33153706000467,1.0458814307068134,32.28588143070681,26.806960418964067
data/SYNTHETIC/02555.csv,24.92081995772282,14.661341142264146,10.259478815458674,6.7823322432243485,38.02233224322435,-13.101512285501528
data/SYNTHETIC/02556.csv,19.320251544606446,12.066292316776314,7.253959227830133,6.603806346701344,37.84380634670134,-18.523554802094896
data/SYNTHETIC/02557.csv,32.159218579999894,19.260630134607652,12.898588445392242,3.9643513654440574,35.204351365444055,-3.04513278544416
data/SYNTHETIC/02558.csv,33.40955676138634,22.172984725407794,11.236572035978545,5.636579415624404,36.876579415624406,-3.4670226542380647
data/SYNTHETIC/02559.csv,34.542098384846284,20.544280066369186,13.997818318477098,1.2190621490744944,32.45906214907449,2.083036235771793
data/SYNTHETIC/02560.csv,34.36813716962684,18.39697371951157,15.971163450115272,0.9319230749351977,32.171923074935194,2.1962140946916477
data/SYNTHETIC/02561.csv,44.69691491549078,26.752406333737312,17.94450858175347,2.924602306970198,34.164602306970195,10.532312608520584
data/SYNTHETIC/02562.csv,51.98031070422008,31.68407285150949,20.29623785271059,4.445995931039018,35.68599593103902,16.294314773181064
data/SYNTHETIC/02563.csv,64.74299177193325,35.092523234539726,29.650468537393525,33.85966117770693,65.09966117770693,-0.3566694057736868
data/SYNTHETIC/02564.csv,61.45395793725962,39.85013945120621,21.603818486053402,20.351994086747077,51.59199408674708,9.861963850512538
data/SYNTHETIC/02565.csv,12.425736916522425,8.457493126322845,3.9682437901995806,0.192308020105411,31.43230802010541,-19.006571103582985
data/SYNTHETIC/02566.csv,70.14225524278307,35.618294784414225,34.52396045836884,0.9333450365943041,32.173345036594306,37.96891020618876
data/SYNTHETIC/02567.csv,72.28631546265368,35.015477739735104,37.27083772291858,3.310184864219684,34.55018486421968,37.736130598433995
data/SYNTHETIC/02568.csv,65.09667244913999,38.81094894809557,26.285723501044416,1.2311908678192842,32.47119086781928,32.625481581320706
data/SYNTHETIC/02569.csv,30.310796775724725,20.238115193600745,10.072681582123982,1.3204766246592756,32.56047662465927,-2.249679848934548
data/SYNTHETIC/02570.csv,33.24350848085944,18.615848208958994,14.627660271900448,1.1686375365242394,32.40863753652424,0.8348709443352007
data/SYNTHETIC/02571.csv,19.92752238862012,13.815900087721305,6.111622300898815,0.5364217883063344,31.776421788306333,-11.848899399686214
data/SYNTHETIC/02572.csv,42.86097555355253,22.97904438503296,19.881931168519568,3.941200790647801,35.1812007906478,7.679774762904728
data/SYNTHETIC/02573.csv,55.82402730102205,38.2938254034596,17.53020189756245,5.435849143781179,36.67584914378118,19.14817815724087
data/SYNTHETIC/02574.csv,62.16022470823569,32.46425428067089,29.6959704275648,20.93932741332112,52.17932741332112,9.98089729491457
data/SYNTHETIC/02575.csv,39.823665342923384,20.672159253468912,19.15150608945447,3.622831141562117,34.86283114156212,4.960834201361266
data/SYNTHETIC/02576.csv,22.167086401132366,11.96987333011859,10.197213071013776,6.348261315405935,37.58826131540593,-15.421174914273564
data/SYNTHETIC/02577.csv,29.894278659492144,18.173949685903278,11.720328973588865,1.7222887857100901,32.962288785710086,-3.068010126217942
data/SYNTHETIC/02578.csv,56.470697598596665,30.273583041569957,26.19711455702671,5.866957594703016,37.10695759470301,19.363740003893653
data/SYNTHETIC/02579.csv,28.43167326178769,15.676774995883658,12.754898265904032,3.088305859550811,34.32830585955081,-5.896632597763119
data/SYNTHETIC/02580.csv,117.08168265702278,68.28689253914916,48.794790117873625,54.9373812603361,86.1773812603361,30.904301396686677
data/SYNTHETIC/02581.csv,47.140483592797096,23.09153721911924,24.04894637367786,1.0898907329875884,32.329890732987586,14.81059285980951
data/SYNTHETIC/02582.csv,99.64362581081195,52.78183980668519,46.86178600412677,18.216553072705967,49.456553072705965,50.18707273810599
data/SYNTHETIC/02583.csv,23.463122535658485,13.119824448831693,10.34329808682679,1.7940709268077524,33.03407092680775,-9.570948391149265
data/SYNTHETIC/02584.csv,65.77028887204062,35.145121950452065,30.62516692158856,1.144241913043412,32.38424191304341,33.38604695899721
data/SYNTHETIC/02585.csv,42.089864978248286,20.25374736868894,21.836117609559345,22.472713826817813,53.71271382681781,-11.622848848569525
data/SYNTHETIC/02586.csv,58.7707814155018,36.52514679440102,22.24563462110078,0.48440017906053784,31.724400179060535,27.046381236441267
data/SYNTHETIC/02587.csv,109.30674302038479,68.54902360855209,40.757719411832696,43.43954717671524,74.67954717671523,34.627195843669554
data/SYNTHETIC/02588.csv,13.409825674332598,8.078920015319763,5.330905659012836,0.3269920147574826,31.56699201475748,-18.157166340424883
data/SYNTHETIC/02589.csv,113.40327731746146,53.469037750761714,59.93423956669975,45.42857222297065,76.66857222297065,36.734705094490806
data/SYNTHETIC/02590.csv,32.457024928039594,19.994296693761612,12.462728234277984,0.9495888448994467,32.18958884489945,0.2674360831401472
data/SYNTHETIC/02591.csv,47.743408143635826,25.964766605871798,21.778641537764027,3.375555534269888,34.61555553426989,13.127852609365938
data/SYNTHETIC/02592.csv,7.143233870604455,5.016619214178849,2.1266146564256054,0.22069990290652122,31.46069990290652,-24.317466032302065
data/SYNTHETIC/02593.csv,14.828809319454379,9.06204344932728,5.766765870127098,1.6424023529629872,32.882402352962984,-18.053593033508605
data/SYNTHETIC/02594.csv,42.21793711712807,27.33402935847363,14.883907758654441,5.293718301510187,36.533718301510184,5.684218815617889
data/SYNTHETIC/02595.csv,79.03586179347664,41.35790189534146,37.677959898135185,3.2420434307454116,34.48204343074541,44.553818362731235
data/SYNTHETIC/02596.csv,32.258800166639816,17.135408775505024,15.123391391134794,0.8695078967839307,32.10950789678393,0.14929226985588429
data/SYNTHETIC/02597.csv,39.975983509653915,24.050321949709915,15.925661559943999,1.9383509856627565,33.17835098566275,6.797632523991162
data/SYNTHETIC/02598.csv,57.19189552242952,34.13680622354517,23.05508929888435,2.2978879314855964,33.53788793148559,23.654007590943927
data/SYNTHETIC/02599.csv,42.66791281892297,21.004223424749505,21.66368939417347,5.643614336887068,36.883614336887064,5.784298482035908
data/SYNTHETIC/02600.csv,73.63460122937019,36.15541274619363,37.47918848317655,24.808996659066043,56.04899665906604,17.58560457030415
data/SYNTHETIC/02601.csv,59.20862234781639,28.650510843322337,30.55811150449405,4.276938899570375,35.51693889957038,23.69168344824601
data/SYNTHETIC/02602.csv,53.45473903773037,34.9713922828961,18.483346754834272,1.932000523435481,33.17200052343548,20.28273851429489
data/SYNTHETIC/02603.csv,39.88185872257411,22.258258208344344,17.623600514229764,2.8547023627273536,34.094702362727354,5.787156359846755
data/SYNTHETIC/02604.csv,59.65071558347307,32.85968161789508,26.79103396557799,5.2247743690136215,36.46477436901362,23.185941214459454
data/SYNTHETIC/02605.csv,99.87260992296237,56.71286967735172,43.15974024561066,10.739465789528353,41.97946578952835,57.89314413343402
data/SYNTHETIC/02606.csv,55.44420165929856,35.349130057871434,20.09507160142712,1.6575376067173615,32.89753760671736,22.5466640525812
data/SYNTHETIC/02607.csv,4.924026655522546,2.8045965080713513,2.1194301474511943,0.6060703654105966,31.846070365410593,-26.922043709888047
data/SYNTHETIC/02608.csv,68.56236214785241,37.20916498352354,31.353197164328872,13.698855680820268,44.93885568082027,23.623506467032144
data/SYNTHETIC/02609.csv,10.686174069235614,6.236568177750508,4.449605891485106,3.428689463235984,34.668689463235985,-23.982515394000373
data/SYNTHETIC/02610.csv,38.35562205935459,20.33447871520742,18.021143344147166,2.320664347442537,33.56066434744253,4.794957711912055
data/SYNTHETIC/02611.csv,19.547782688722233,15.179601232280449,4.368181456441784,0.8735254952698291,32.113525495269826,-12.565742806547593
data/SYNTHETIC/02612.csv,62.67161177921791,34.757399577307034,27.914212201910875,3.4353856319278515,34.67538563192785,27.99622614729006
data/SYNTHETIC/02613.csv,68.03393069866081,34.38887517149487,33.64505552716594,7.249087481793708,38.4890874817937,29.544843216867108
data/SYNTHETIC/02614.csv,38.062533196350486,21.552531573154408,16.510001623196082,1.0767432250482902,32.31674322504829,5.7457899713021945
data/SYNTHETIC/02615.csv,67.35037931850088,38.15971935546964,29.19065996303124,34.79510945654459,66.03510945654459,1.3152698619562955
data/SYNTHETIC/02616.csv,56.27753029652534,29.184746954022085,27.092783342503253,2.177906650361719,33.417906650361715,22.859623646163627
data/SYNTHETIC/02617.csv,42.69601239538352,27.704337002112922,14.991675393270596,0.7695659784250181,32.009565978425016,10.686446416958503
data/SYNTHETIC/02618.csv,139.0558547800554,71.01615995605997,68.03969482399543,39.19070550496811,70.4307055049681,68.6251492750873
data/SYNTHETIC/02619.csv,1.8223341620686582,1.1757283543716837,0.6466058076969746,0.010296078853552918,31.25029607885355,-29.427961916784895
data/SYNTHETIC/02620.csv,58.482555058366145,31.36582335261484,27.116731705751306,9.885196333973488,41.125196333973484,17.35735872439266
data/SYNTHETIC/02621.csv,27.394356534244423,15.585418616637828,11.808937917606597,0.6511894249616729,31.89118942496167,-4.496832890717247
data/SYNTHETIC/02622.csv,41.699729716778535,24.375483743149196,17.324245973629342,16.48270356708069,47.722703567080686,-6.022973850302151
data/SYNTHETIC/02623.csv,32.00237481214089,20.76819761248715,11.234177199653743,2.836886609464965,34.076886609464964,-2.074511797324071
data/SYNTHETIC/02624.csv,1.9933070753604945,1.3419115950139124,0.6513954803465819,0.042405965527789025,31.282405965527786,-29.289098890167292
data/SYNTHETIC/02625.csv,55.27722861310412,31.72880303131023,23.548425581793893,2.683203503095311,33.92320350309531,21.354025110008813
data/SYNTHETIC/02626.csv,63.966641504553834,32.67810492099466,31.288536583559168,4.063545464062857,35.30354546406286,28.663096040490977
data/SYNTHETIC/02627.csv,32.72911934464927,17.035756908211216,15.693362436438052,0.6703974943475268,31.910397494347524,0.8187218503017455
data/SYNTHETIC/02628.csv,27.700539270626013,15.93710324319067,11.763436027435343,9.108699235538028,40.34869923553803,-12.648159964912015
data/SYNTHETIC/02629.csv,23.1610505312486,14.879706520077718,8.281344011170882,1.747401387914692,32.98740138791469,-9.826350856666089
data/SYNTHETIC/02630.csv,74.89081241166218,36.870390919079966,38.020421492582216,8.460144692755863,39.70014469275586,35.19066771890632
data/SYNTHETIC/02631.csv,46.183535707740134,26.509955299478488,19.67358040826165,1.6463348425078517,32.88633484250785,13.297200865232284
data/SYNTHETIC/02632.csv,47.22575751524365,24.537078174054223,22.688679341189427,14.677749312900412,45.91774931290041,1.3080082023432382
data/SYNTHETIC/02633.csv,50.28920254242869,28.371660497826024,21.917542044602666,21.687399435621863,52.927399435621865,-2.638196893193175
data/SYNTHETIC/02634.csv,37.460798834252955,22.701422564488293,14.759376269764662,13.08242521255108,44.32242521255108,-6.861626378298126
data/SYNTHETIC/02635.csv,67.77564713017762,36.15901797012037,31.616629160057247,3.8662232463787642,35.10622324637876,32.669423883798856
data/SYNTHETIC/02636.csv,6.284782049525649,3.9234734332692893,2.3613086162563595,0.08568063899823869,31.325680638998236,-25.040898589472587
data/SYNTHETIC/02637.csv,46.79401041702915,25.29795956559191,21.49605085143724,2.259963457170455,33.49996345717045,13.294046959858697
data/SYNTHETIC/02638.csv,40.15577636530115,23.566745143386537,16.58903122191461,1.9113069490233316,33.15130694902333,7.004469416277821
data/SYNTHETIC/02639.csv,65.36755679223536,34.95553030355432,30.412026488681043,3.7341971514420216,34.97419715144202,30.393359640793342
data/SYNTHETIC/02640.csv,53.766891588863324,28.779169375862452,24.987722213000872,6.671030658230631,37.91103065823063,15.855860930632694
data/SYNTHETIC/02641.csv,59.304519090027526,28.50452911672826,30.79998997329927,4.425421730525239,35.66542173052524,23.639097359502287
data/SYNTHETIC/02642.csv,66.57220985530648,32.84572989309721,33.726479962209275,20.418802571028515,51.65880257102852,14.913407284277966
data/SYNTHETIC/02643.csv,30.52122045560322,17.112531873027812,13.40868858257541,1.0427825041374337,32.28278250413743,-1.7615620485342092
data/SYNTHETIC/02644.csv,42.08804059434734,21.70319379761901,20.38484679672833,0.9288602421402397,32.16886024214024,9.9191803522071
data/SYNTHETIC/02645.csv,93.19741461307311,49.201876490105974,43.99553812296714,42.23293489560387,73.47293489560387,19.724479717469237
data/SYNTHETIC/02646.csv,63.125771481696816,38.02788679775498,25.097884683941835,3.0097040013143017,34.2497040013143,28.876067480382517
data/SYNTHETIC/02647.csv,12.260295303272144,7.959169263924862,4.301126039347283,0.5086608952877273,31.748660895287724,-19.48836559201558
data/SYNTHETIC/02648.csv,28.899850191271003,19.524065979664844,9.37578421160616,4.748063816558066,35.98806381655807,-7.0882136252870644
data/SYNTHETIC/02649.csv,60.423559254068564,30.90241187821445,29.521147375854117,7.155551860645253,38.39555186064525,22.028007393423316
data/SYNTHETIC/02650.csv,43.14199203374303,27.039112585763526,16.102879447979504,3.608960416572273,34.84896041657227,8.293031617170762
data/SYNTHETIC/02651.csv,54.7180040125745,32.06764205258196,22.650361959992537,4.007703477047495,35.247703477047494,19.470300535527002
data/SYNTHETIC/02652.csv,59.59971801067481,32.43269474210267,27.167023268572144,1.9419826114111693,33.181982611411165,26.41773539926365
data/SYNTHETIC/02653.csv,14.78212370390749,9.226103430363118,5.556020273544374,0.522031780664321,31.76203178066432,-16.97990807675683
data/SYNTHETIC/02654.csv,48.96583370809081,26.657933342545114,22.307900365545702,6.277695171623417,37.517695171623416,11.448138536467397
data/SYNTHETIC/02655.csv,50.336832675331536,21.819121719570113,28.517710955761423,14.44885650117602,45.68885650117602,4.647976174155517
data/SYNTHETIC/02656.csv,12.020491059138815,7.221239064232382,4.799251994906433,0.4577576873610276,31.697757687361026,-19.677266628222213
data/SYNTHETIC/02657.csv,49.01828366221132,25.132186158620094,23.886097503591227,15.485834596448903,46.725834596448905,2.292449065762412
data/SYNTHETIC/02658.csv,61.15284680050366,39.41731231658607,21.73553448391759,4.353513569611923,35.59351356961192,25.55933323089174
data/SYNTHETIC/02659.csv,31.605681919471387,14.360465544560578,17.24521637491081,9.076888622621443,40.31688862262144,-8.711206703150054
data/SYNTHETIC/02660.csv,38.64883297234756,22.416632362828693,16.232200609518866,1.0528551015036882,32.29285510150369,6.355977870843873
data/SYNTHETIC/02661.csv,50.06628015414849,30.792637412129032,19.27364274201945,1.057030283634251,32.29703028363425,17.769249870514237
data/SYNTHETIC/02662.csv,63.345732875826016,30.467024972597244,32.87870790322877,15.5476388151782,46.7876388151782,16.558094060647818
data/SYNTHETIC/02663.csv,31.440484564624143,17.751600132046708,13.688884432577437,6.855393284995474,38.095393284995474,-6.654908720371331
data/SYNTHETIC/02664.csv,34.23240941537569,21.276344898188164,12.956064517187526,0.6361782848632515,31.87617828486325,2.356231130512441
data/SYNTHETIC/02665.csv,43.47458277955752,27.709375253375324,15.765207526182195,2.3202498025503178,33.56024980255032,9.914332977007206
data/SYNTHETIC/02666.csv,75.22215538319324,37.81481198976081,37.40734339343243,20.726095497830425,51.96609549783042,23.256059885362816
data/SYNTHETIC/02667.csv,40.32661432834398,22.295891638897583,18.030722689446392,1.8114858381283117,33.05148583812831,7.275128490215671
data/SYNTHETIC/02668.csv,55.17827385111492,29.13442881887566,26.043845032239265,3.199983219065584,34.43998321906558,20.738290632049342
data/SYNTHETIC/02669.csv,5.800588617437047,3.7649777413539787,2.0356108760830685,0.2254972163073801,31.46549721630738,-25.664908598870333
data/SYNTHETIC/02670.csv,56.88984248310725,29.809033322228036,27.080809160879216,7.769174102916351,39.00917410291635,17.880668380190905
data/SYNTHETIC/02671.csv,59.671625524528864,31.350291147401332,28.321334377127528,9.577282763852965,40.817282763852965,18.854342760675898
data/SYNTHETIC/02672.csv,45.642198068634436,26.0476472590913,19.594550809543136,1.4555912689696389,32.695591268969636,12.9466067996648
data/SYNTHETIC/02673.csv,18.581908405629015,11.572222482928849,7.009685922700165,0.6610798046697877,31.901079804669784,-13.31917139904077
data/SYNTHETIC/02674.csv,45.746512357643304,21.790964600632744,23.95554775701056,8.81712960659676,40.05712960659676,5.689382751046544
data/SYNTHETIC/02675.csv,120.7593088393611,66.94494178469908,53.81436705466201,82.32964305230746,113.56964305230746,7.189665787053642
data/SYNTHETIC/02676.csv,111.39622107877335,64.10778300920119,47.28843806957216,19.173189027811933,50.41318902781193,60.98303205096142
data/SYNTHETIC/02677.csv,36.5400133916875,19.28761250780229,17.252400883885212,8.233528624294546,39.473528624294545,-2.933515232607043
data/SYNTHETIC/02678.csv,26.600077226537856,13.766149361915293,12.833927864622563,14.594757489983566,45.834757489983566,-19.23468026344571
data/SYNTHETIC/02679.csv,8.168755263994736,4.152614747299071,4.016140516695665,3.4121998839673506,34.65219988396735,-26.483444619972612
data/SYNTHETIC/02680.csv,60.6525034654413,32.168320218227166,28.48418324721413,1.3641213908130503,32.60412139081305,28.04838207462825
data/SYNTHETIC/02681.csv,36.33948753316189,23.381028179649565,12.95845935351233,1.0202825225450816,32.26028252254508,4.0792050106168105
data/SYNTHETIC/02682.csv,42.47762386500516,25.141403709751753,17.336220155253407,1.9336366652028416,33.17363666520284,9.303987199802314
data/SYNTHETIC/02683.csv,79.31212855780461,42.38614726565771,36.9259812921469,8.756394990811305,39.996394990811304,39.31573356699331
data/SYNTHETIC/02684.csv,119.17279433919597,86.5838616312684,32.588932707927576,30.044024314660255,61.28402431466026,57.88877002453572
data/SYNTHETIC/02685.csv,58.1487270957211,34.18120515708658,23.967521938634523,1.6970933147825995,32.9370933147826,25.2116337809385
data/SYNTHETIC/02686.csv,2.2633452198899677,1.4730492327047766,0.7902959871851911,0.03550015747171655,31.275500157471715,-29.012154937581748
data/SYNTHETIC/02687.csv,37.329319788677005,22.12450396249888,15.204815826178123,2.896633099434432,34.136633099434434,3.1926866892425707
data/SYNTHETIC/02688.csv,23.165200332557028,14.184564114543491,8.980636218013535,0.6085434006405763,31.848543400640576,-8.683343068083548
data/SYNTHETIC/02689.csv,45.32587368374511,22.163016750244594,23.162856933500514,4.25949669393758,35.49949669393758,9.826376989807528
data/SYNTHETIC/02690.csv,32.577995431113166,17.90243843271662,14.67555699839654,14.087913566420564,45.32791356642056,-12.749918135307396
data/SYNTHETIC/02691.csv,50.34393858189883,26.37162697061466,23.972311611284173,8.232648696573829,39.47264869657383,10.871289885325005
data/SYNTHETIC/02692.csv,49.343713168492,26.092247290973724,23.251465877518275,3.451958083714976,34.69195808371497,14.65175508477703
data/SYNTHETIC/02693.csv,36.20139100633284,19.602780439118998,16.59861056721384,3.8705747184774095,35.11057471847741,1.0908162878554322
data/SYNTHETIC/02694.csv,38.01865896667198,20.62975241227297,17.388906554399007,0.9220672636717155,32.162067263671716,5.856591703000262
data/SYNTHETIC/02695.csv,69.05996700747188,44.51049984191007,24.549467165561815,3.268294716116719,34.508294716116716,34.55167229135517
data/SYNTHETIC/02696.csv,53.996134282501565,31.843898278068178,22.152236004433387,0.9004537479180825,32.14045374791808,21.855680534583485
data/SYNTHETIC/02697.csv,64.68348415375122,32.6405741278789,32.042910025872324,7.192159156016457,38.43215915601645,26.25132499773477
data/SYNTHETIC/02698.csv,75.13571488941875,41.358943364388566,33.77677152503018,6.197189119826035,37.43718911982603,37.69852576959272
data/SYNTHETIC/02699.csv,16.29961240511543,9.378535426432997,6.921076978682432,0.3290991241816073,31.569099124181605,-15.269486719066176
data/SYNTHETIC/02700.csv,83.48650665055641,55.433393941806905,28.053112708749506,2.984091838609475,34.224091838609475,49.26241481194693
data/SYNTHETIC/02701.csv,51.93340701564729,29.4698422889893,22.463564726657992,1.7696649424267756,33.009664942426774,18.923742073220517
data/SYNTHETIC/02702.csv,1.485116109292972,0.9678314631353925,0.5172846461575796,0.00044252355150122805,31.2404425235515,-29.75532641425853
data/SYNTHETIC/02703.csv,22.07298239879184,14.105361946170225,7.967620452621614,5.7003627120139955,36.94036271201399,-14.867380313222153
data/SYNTHETIC/02704.csv,29.02514825462152,14.548362671183687,14.476785583437835,2.1414968565668895,33.38149685656689,-4.3563486019453705
data/SYNTHETIC/02705.csv,64.49838700969343,34.57730196759709,29.92108504209634,6.841906668302808,38.08190666830281,26.416480341390624
data/SYNTHETIC/02706.csv,2.63438257994789,1.4728869624181393,1.1614956175297508,0.12779319307576723,31.367793193075766,-28.733410613127877
data/SYNTHETIC/02707.csv,50.00375680445457,32.260414473984625,17.743342330469943,1.8247211239428003,33.064721123942796,16.939035680511772
data/SYNTHETIC/02708.csv,31.55056703347188,19.224344469707688,12.326222563764192,6.5525784082381,37.7925784082381,-6.242011374766221
data/SYNTHETIC/02709.csv,40.292490295156114,23.099960319391,17.192529975765115,0.641768177266687,31.881768177266686,8.410722117889428
data/SYNTHETIC/02710.csv,45.246718875275896,23.90154271230128,21.345176162974617,12.154264473697634,43.39426447369763,1.8524544015782638
data/SYNTHETIC/02711.csv,14.236190539159189,8.445476305784052,5.7907142333751365,3.7899429522567876,35.02994295225679,-20.7937524130976
data/SYNTHETIC/02712.csv,23.114995344336986,10.398414459629803,12.716580884707183,8.542532937106857,39.78253293710686,-16.66753759276987
data/SYNTHETIC/02713.csv,11.663675065477472,7.817567927842875,3.846107137634597,0.19667757691006776,31.436677576910068,-19.773002511432594
data/SYNTHETIC/02714.csv,56.82637580944885,28.28950616308904,28.536869646359808,1.7243157844892938,32.964315784489294,23.862060024959554
data/SYNTHETIC/02715.csv,60.11670308987958,31.771420349504027,28.345282740375556,10.435564352091767,41.67556435209177,18.44113873778781
data/SYNTHETIC/02716.csv,60.95778481984621,24.302420032402093,36.65536478744412,31.7789743659777,63.0189743659777,-2.0611895461314873
data/SYNTHETIC/02717.csv,39.01044554191638,22.009502472135527,17.000943069780856,14.484790393489405,45.7247903934894,-6.714344851573017
data/SYNTHETIC/02718.csv,13.217345402029897,7.579900693442182,5.637444708587715,3.609977591065963,34.849977591065965,-21.632632189036066
data/SYNTHETIC/02719.csv,30.94268832801849,20.6640508219614,10.278637506057093,2.051959627622124,33.29195962762212,-2.349271299603629
data/SYNTHETIC/02720.csv,46.34585997751113,25.74308307522568,20.602776902285452,0.8306083075154682,32.070608307515464,14.275251669995669
data/SYNTHETIC/02721.csv,14.497580701474977,8.809844430066406,5.687736271408572,0.9850009812281122,32.22500098122811,-17.727420279753137
data/SYNTHETIC/02722.csv,32.32764207041183,17.029427627566324,15.298214442845499,2.3579456120061675,33.597945612006164,-1.2703035415943376
data/SYNTHETIC/02723.csv,51.98626649291863,26.742296793163767,25.243969699754864,8.213679992139578,39.45367999213958,12.532586500779054
data/SYNTHETIC/02724.csv,59.557791490100826,34.29466309974754,25.263128390353284,1.9198246212496946,33.15982462124969,26.397966868851135
data/SYNTHETIC/02725.csv,36.8478726617967,19.413464217226405,17.4344084445703,3.7413267948436193,34.98132679484362,1.8665458669530821
data/SYNTHETIC/02726.csv,14.694219329747362,6.283554157037069,8.410665172710292,7.95172167632165,39.19172167632165,-24.497502346574286
data/SYNTHETIC/02727.csv,21.888355259495793,13.278918671826798,8.609436587668995,5.391975502846118,36.63197550284612,-14.743620243350325
data/SYNTHETIC/02728.csv,21.983883486486732,12.675154691975093,9.308728794511637,4.601652841954895,35.8416528419549,-13.857769355468164
data/SYNTHETIC/02729.csv,28.85284387004889,15.506421031918356,13.346422838130534,8.591685244104168,39.831685244104165,-10.978841374055275
data/SYNTHETIC/02730.csv,29.310143647397958,17.953829795179242,11.356313852218717,1.2581133529127937,32.49811335291279,-3.1879697055148313
data/SYNTHETIC/02731.csv,30.82404057650812,13.789569798180015,17.034470778328107,15.056372506270028,46.296372506270025,-15.472331929761904
data/SYNTHETIC/02732.csv,143.9036039478113,100.6911773030549,43.21242664475638,31.873404764370093,63.11340476437009,80.7901991834412
data/SYNTHETIC/02733.csv,25.271473529435724,16.899125737922308,8.372347791513418,1.6054539403439771,32.84545394034397,-7.5739804109082485
data/SYNTHETIC/02734.csv,38.68635389056465,24.2598598699477,14.426494020616943,0.9051167925387527,32.14511679253875,6.541237098025896
data/SYNTHETIC/02735.csv,30.45898205440208,18.024991856021742,12.43399019838034,2.0947835213547474,33.334783521354744,-2.8758014669526624
data/SYNTHETIC/02736.csv,23.632431853303864,14.012374336567767,9.620057516736097,1.1902130293617788,32.43021302936178,-8.797781176057917
data/SYNTHETIC/02737.csv,82.65297186000885,43.554874021265114,39.09809783874373,4.406637932714331,35.64663793271433,47.00633392729452
data/SYNTHETIC/02738.csv,14.117824780931002,9.605953145001003,4.51187163593,0.29837479703832376,31.538374797038323,-17.42055001610732
data/SYNTHETIC/02739.csv,14.345110019339542,9.859581582982381,4.485528436357161,1.5180658046142346,32.75806580461423,-18.41295578527469
data/SYNTHETIC/02740.csv,35.49252809660976,21.707850211040185,13.784677885569577,1.0418813500097333,32.28188135000973,3.210646746600027
data/SYNTHETIC/02741.csv,50.01140648167683,32.52910131061045,17.482305171066383,13.210234783735103,44.4502347837351,5.561171697941731
data/SYNTHETIC/02742.csv,22.125659316377067,15.693128947954566,6.4325303684224995,0.7546009661826829,31.99460096618268,-9.868941649805613
data/SYNTHETIC/02743.csv,49.327121613858154,25.108141861119194,24.218979752738957,4.210976043034354,35.45097604303435,13.876145570823802
data/SYNTHETIC/02744.csv,18.554496639620005,11.240666503669763,7.313830135950242,1.8420489911689646,33.08204899116896,-14.527552351548955
data/SYNTHETIC/02745.csv,67.1346410887707,34.7636384864003,32.37100260237041,9.474270052024982,40.71427005202498,26.420371036745728
data/SYNTHETIC/02746.csv,31.498174672231013,17.474013154181073,14.02416151804994,2.824938339185901,34.0649383391859,-2.5667636669548877
data/SYNTHETIC/02747.csv,41.13118384799017,22.346087716230667,18.78509613175951,1.8102804385858642,33.050280438585865,8.080903409404307
data/SYNTHETIC/02748.csv,90.27476761340924,49.77808536098017,40.496682252429075,24.28298314578197,55.522983145781964,34.751784467627274
data/SYNTHETIC/02749.csv,44.51080371984368,21.290470714547855,23.22033300529582,7.14686919023816,38.38686919023816,6.1239345296055205
data/SYNTHETIC/02750.csv,85.63092515593681,42.241280623144995,43.38964453279181,7.253252348357934,38.493252348357935,47.13767280757887
data/SYNTHETIC/02751.csv,25.99906574852031,16.88671353264256,9.11235221587775,7.185897985714776,38.425897985714776,-12.426832237194468
data/SYNTHETIC/02752.csv,53.78534445043627,34.401539237475816,19.383805212960457,4.767019173167077,36.00701917316707,17.778325277269197
data/SYNTHETIC/02753.csv,31.684857917656473,15.455052144462394,16.229805773194077,4.573318963303952,35.81331896330395,-4.128461045647477
data/SYNTHETIC/02754.csv,28.158728097251235,16.677882756142733,11.480845341108504,0.43563199595407676,31.675631995954074,-3.5169038987028394
data/SYNTHETIC/02755.csv,2.3145800495295057,1.5530220982419578,0.7615579512875479,0.031564123034685906,31.271564123034683,-28.956984073505176
data/SYNTHETIC/02756.csv,26.471175671073325,16.27156776373475,10.199607907338574,0.7489011791627006,31.9889011791627,-5.517725508089374
data/SYNTHETIC/02757.csv,26.297008863191078,15.76930837935439,10.527700483836687,10.42408722821931,41.66408722821931,-15.367078365028231
data/SYNTHETIC/02758.csv,79.81704706805431,38.99945674810159,40.81759031995272,1.5075058279277365,32.74750582792773,47.069541240126576
data/SYNTHETIC/02759.csv,17.894120970823792,11.207737951972115,6.686383018851677,0.5957507363464303,31.83575073634643,-13.941629765522638
data/SYNTHETIC/02760.csv,36.078448266398254,21.527422756891525,14.551025509506733,0.4846747584972464,31.724674758497244,4.3537735079010105
data/SYNTHETIC/02761.csv,82.82612466860334,44.755411613200295,38.07071305540305,32.89812879774645,64.13812879774645,18.687995870856895
data/SYNTHETIC/02762.csv,33.15594677852857,18.303171892096557,14.85277488643202,4.661959872868769,35.901959872868765,-2.746013094340192
data/SYNTHETIC/02763.csv,18.63521639741295,11.795563853773842,6.839652543639109,1.0095806902031226,32.24958069020312,-13.614364292790167
data/SYNTHETIC/02764.csv,35.45057321441751,17.218684273687593,18.231888940729917,8.581899051932469,39.82189905193247,-4.371325837514959
data/SYNTHETIC/02765.csv,8.96532926165355,6.091525671889218,2.8738035897643313,0.38338830872499263,31.62338830872499,-22.65805904707144
data/SYNTHETIC/02766.csv,86.17083612840902,60.28265545728196,25.888180671127063,18.926092636911992,50.16609263691199,36.00474349149703
data/SYNTHETIC/02767.csv,19.433205284389757,12.184035729209231,7.249169555180527,1.5823097877293442,32.822309787729345,-13.389104503339588
data/SYNTHETIC/02768.csv,14.290264677855866,9.768813696626651,4.521450981229214,0.6789869855000308,31.91898698550003,-17.628722307644164
data/SYNTHETIC/02769.csv,55.4762083857525,29.121034631288765,26.35517375446374,2.7226362758699523,33.962636275869954,21.513572109882546
data/SYNTHETIC/02770.csv,38.255117458126435,24.590181388797042,13.664936069329395,0.6533359267076683,31.893335926707667,6.361781531418767
data/SYNTHETIC/02771.csv,33.41950500197487,21.002278657868157,12.417226344106716,1.4214680342417707,32.66146803424177,0.7580369677330978
data/SYNTHETIC/02772.csv,95.85224337226235,48.547041448416614,47.305201923845736,5.771280540147633,37.01128054014763,58.84096283211472
data/SYNTHETIC/02773.csv,67.36505151454219,33.92355707498457,33.44149443955762,12.460287010377485,43.70028701037748,23.664764504164708
data/SYNTHETIC/02774.csv,12.21336112753438,6.942326376641622,5.271034750892758,2.161078484269752,33.40107848426975,-21.187717356735373
data/SYNTHETIC/02775.csv,44.363786016249215,24.41000975798554,19.953776258263673,1.8568292225297882,33.096829222529784,11.26695679371943
data/SYNTHETIC/02776.csv,46.552018090066895,24.50515488392481,22.046863206142085,7.9891572709339025,39.229157270933904,7.322860819132991
data/SYNTHETIC/02777.csv,50.25650036289046,27.634876438795565,22.621623924094898,1.93125567589003,33.17125567589003,17.085244687000433
data/SYNTHETIC/02778.csv,38.401443805263,22.020763343606266,16.38068046165673,3.5847529132405294,34.82475291324053,3.5766908920224694
data/SYNTHETIC/02779.csv,66.59362748028784,45.018547030132105,21.575080450155728,5.308584575122458,36.548584575122455,30.04504290516538
data/SYNTHETIC/02780.csv,40.85183883483417,24.198147032149873,16.653691802684296,1.260664793100358,32.500664793100356,8.351174041733813
data/SYNTHETIC/02781.csv,63.75303133758521,30.721053909569008,33.031977428016205,9.700982818588631,40.94098281858863,22.812048518996583
data/SYNTHETIC/02782.csv,12.77581543691717,8.582457032186051,4.19335840473112,0.08072266011412846,31.32072266011413,-18.544907223196958
data/SYNTHETIC/02783.csv,67.5862900725574,34.793796277021535,32.79249379553586,5.177278735871515,36.41727873587151,31.16901133668589
data/SYNTHETIC/02784.csv,21.802857669424156,12.120534408243163,9.682323261180995,2.15490505536063,33.39490505536063,-11.592047385936475
data/SYNTHETIC/02785.csv,51.63157468103884,26.507346797524146,25.124227883514692,6.76264878677476,38.002648786774756,13.628925894264086
data/SYNTHETIC/02786.csv,55.856612468894,34.7173922298525,21.1392202390415,4.988536279729077,36.22853627972908,19.628076189164922
data/SYNTHETIC/02787.csv,51.2168149394477,28.39881443671889,22.818000502728815,4.945561590230657,36.185561590230655,15.031253349217046
data/SYNTHETIC/02788.csv,30.467240250018577,14.370719092481437,16.09652115753714,2.7002979126062625,33.94029791260626,-3.473057662587685
data/SYNTHETIC/02789.csv,78.70672747025792,40.22410256698872,38.4826249032692,0.8215980997430583,32.06159809974306,46.64512937051486
data/SYNTHETIC/02790.csv,6.128265402548803,4.617123681597725,1.5111417209510778,0.5011277165661762,31.741127716566176,-25.612862314017374
data/SYNTHETIC/02791.csv,21.88865821041702,11.466330524871696,10.422327685545323,4.532612250804249,35.772612250804244,-13.883954040387223
data/SYNTHETIC/02792.csv,42.61016700042968,25.455954405861412,17.154212594568268,6.13929838864708,37.37929838864708,5.230868611782604
data/SYNTHETIC/02793.csv,9.038160959147163,5.455485817240961,3.5826751419062024,2.5719285217081516,33.81192852170815,-24.773767562560984
data/SYNTHETIC/02794.csv,101.00391171822241,64.6431117987292,36.360799919493225,2.0758780687284037,33.3158780687284,67.688033649494
data/SYNTHETIC/02795.csv,13.107833063340196,8.660622008179894,4.447211055160302,0.28453952942155847,31.524539529421556,-18.416706466081358
data/SYNTHETIC/02796.csv,56.14214943211901,31.448992087068984,24.693157345050025,5.950471610588165,37.19047161058816,18.95167782153085
data/SYNTHETIC/02797.csv,80.33225398722844,44.19177900961717,36.14047497761127,2.8527104616016823,34.09271046160168,46.23954352562676
data/SYNTHETIC/02798.csv,47.89548856286981,27.060412537078303,20.835076025791505,1.780593083968156,33.02059308396815,14.874895478901657
data/SYNTHETIC/02799.csv,45.2445734650879,24.75914354271782,20.485429922370084,14.546806090676974,45.786806090676976,-0.5422326255890724
data/SYNTHETIC/02800.csv,54.021115754538435,30.194889159067284,23.82622659547115,6.630596376141825,37.870596376141826,16.15051937839661
data/SYNTHETIC/02801.csv,54.418502302238736,28.44889719606839,25.969605106170345,2.123323189316653,33.36332318931665,21.055179112922083
data/SYNTHETIC/02802.csv,43.18992716059644,24.09110747028762,19.09881969030882,4.706590807015266,35.94659080701526,7.243336353581178
data/SYNTHETIC/02803.csv,20.337561785297975,11.167733497624956,9.169828287673019,2.169105715676892,33.40910571567689,-13.071543930378912
data/SYNTHETIC/02804.csv,58.28625441719573,34.11277655462809,24.173477862567637,3.3815360173994073,34.62153601739941,23.66471839979632
data/SYNTHETIC/02805.csv,63.47431473860027,37.74179842858547,25.732516310014798,4.474347164429852,35.71434716442985,27.759967574170417
data/SYNTHETIC/02806.csv,41.366761910958125,25.271066971953065,16.09569493900506,1.328631141294573,32.568631141294574,8.798130769663551
data/SYNTHETIC/02807.csv,56.00178472614209,28.046860306709533,27.954924419432558,18.650528170188185,49.89052817018818,6.111256555953908
data/SYNTHETIC/02808.csv,38.59880986517497,18.58037302614159,20.01843683903338,3.7955815874579297,35.035581587457926,3.5632282777170445
data/SYNTHETIC/02809.csv,45.17688189520376,25.90323915318431,19.27364274201945,1.9400844409005642,33.180084440900565,11.996797454303199
data/SYNTHETIC/02810.csv,10.098162465384329,5.603054683727954,4.495107781656375,0.31716965723848467,31.557169657238482,-21.459007191854155
data/SYNTHETIC/02811.csv,52.95263652653725,27.426076140455525,25.52656038608172,2.717102891888506,33.9571028918885,18.995533634648744
data/SYNTHETIC/02812.csv,58.822134196694236,31.113877918716458,27.70825627797778,2.0681447921791047,33.30814479217911,25.51398940451513
data/SYNTHETIC/02813.csv,40.14419512343515,19.184587608753898,20.95960751468126,3.7994023497293425,35.03940234972934,5.10479277370581
data/SYNTHETIC/02814.csv,44.11012806580602,23.818679885745023,20.291448180061,8.77833172362963,40.01833172362963,4.091796342176394
data/SYNTHETIC/02815.csv,33.422756176010495,19.027395027615935,14.395361148394562,1.7653537252933267,33.005353725293325,0.4174024507171694
data/SYNTHETIC/02816.csv,13.625997135428591,8.093925225132251,5.532071910296339,1.1956983301415858,32.435698330141584,-18.809701194712993
data/SYNTHETIC/02817.csv,58.54167037426589,33.096534423227546,25.44513595103835,5.94141860219565,37.18141860219565,21.360251772070242
data/SYNTHETIC/02818.csv,52.775965277935875,26.72254090039737,26.053424377538505,19.93028552546047,51.17028552546047,1.6056797524754032
data/SYNTHETIC/02819.csv,28.14901785168317,19.02229661785661,9.126721233826556,0.7057167193338073,31.945716719333806,-3.796698867650637
data/SYNTHETIC/02820.csv,49.40367928185735,27.0981737526365,22.305505529220845,2.372992842571041,33.61299284257104,15.790686439286311
data/SYNTHETIC/02821.csv,7.084326111769218,4.3901352463651575,2.6941908654040603,0.11154654444157648,31.351546544441575,-24.267220432672357
data/SYNTHETIC/02822.csv,60.632190237517676,37.86208646128496,22.77010377623272,3.29358211192589,34.53358211192589,26.098608125591788
data/SYNTHETIC/02823.csv,33.02886017148748,25.84195636075185,7.186903810735632,2.2187206120100025,33.45872061201,-0.4298604405225177
data/SYNTHETIC/02824.csv,59.015440381111034,35.380800691624174,23.634639689486857,3.643695034414485,34.88369503441449,24.131745346696547
data/SYNTHETIC/02825.csv,43.08501724293562,23.717975884248826,19.36704135868679,1.6863310615872336,32.926331061587234,10.158686181348386
data/SYNTHETIC/02826.csv,75.88915058321135,36.668916091902645,39.2202344913087,6.248319090679901,37.4883190906799,38.400831492531445
data/SYNTHETIC/02827.csv,39.37981800194436,21.978937265921317,17.400880736023037,2.8335757112575934,34.07357571125759,5.306242290686768
data/SYNTHETIC/02828.csv,41.20107038998081,23.012288503097384,18.188781886883426,3.7311811980986995,34.9711811980987,6.2298891918821155
data/SYNTHETIC/02829.csv,36.04443644386161,19.88168608776203,16.162750356099583,5.309418110879308,36.54941811087931,-0.5049816670176952
data/SYNTHETIC/02830.csv,21.478424847346247,12.80911735155717,8.669307495789075,5.679694113023229,36.919694113023226,-15.44126926567698
data/SYNTHETIC/02831.csv,88.19770577170634,53.46299971675479,34.73470605495155,1.6031562467769322,32.84315624677693,55.35454952492941
data/SYNTHETIC/02832.csv,59.574600739940834,32.92725695385108,26.64734378608976,2.6862825052481503,33.926282505248146,25.648318234692688
data/SYNTHETIC/02833.csv,53.35948766832931,32.6800760036501,20.679411664679208,7.3045467425868065,38.5445467425868,14.814940925742505
data/SYNTHETIC/02834.csv,29.487208844925213,18.69128669271053,10.795922152214683,3.239433926701287,34.47943392670128,-4.99222508177607
data/SYNTHETIC/02835.csv,23.349619179288467,11.67479209587085,11.674827083417616,10.63870939120952,41.87870939120952,-18.52909021192105
data/SYNTHETIC/02836.csv,45.13184382009034,25.997101584909498,19.134742235180845,4.452589037700377,35.69258903770037,9.439254782389966
data/SYNTHETIC/02837.csv,10.320962898535587,6.81971219167271,3.5012507068628773,0.5277300258442628,31.767730025844262,-21.446767127308675
data/SYNTHETIC/02838.csv,2.3949615914723603,1.5423998598422755,0.8525617316300851,0.016161235407027533,31.256161235407028,-28.86119964393467
data/SYNTHETIC/02839.csv,17.342971984454095,11.125976885263928,6.21699509919017,0.2733172100968506,31.51331721009685,-14.170345225642755
data/SYNTHETIC/02840.csv,15.267269356622053,9.534031195042212,5.733238161579841,0.36370559217636855,31.603705592176368,-16.336436235554316
data/SYNTHETIC/02841.csv,5.668938701438801,3.31241975783205,2.3565189436067517,0.3314095589960202,31.57140955899602,-25.90247085755722
data/SYNTHETIC/02842.csv,58.29827551441369,32.42206902491069,25.876206489503,2.011172456280884,33.251172456280884,25.047103058132805
data/SYNTHETIC/02843.csv,61.500642174133965,31.577162295712867,29.923479878421098,1.7621252412964372,33.00212524129643,28.498516932837532
data/SYNTHETIC/02844.csv,31.10111626154275,19.98668087812918,11.11443538341357,6.899645723503365,38.139645723503364,-7.038529461960614
data/SYNTHETIC/02845.csv,17.626577944124378,12.513602390668671,5.112975553455707,1.5959025602882173,32.83590256028822,-15.20932461616384
data/SYNTHETIC/02846.csv,52.67691177703101,29.207515793955608,23.4693959830754,5.607214453867823,36.84721445386782,15.829697323163188
data/SYNTHETIC/02847.csv,29.335179466716696,15.749272996105795,13.585906470610901,8.919557057731726,40.159557057731725,-10.824377591015029
data/SYNTHETIC/02848.csv,0.5598702893969243,0.3227814932413669,0.23708879615555734,0.0035681657430544074,31.243568165743053,-30.68369787634613
data/SYNTHETIC/02849.csv,37.331855085577985,21.542699196147787,15.789155889430198,3.1325050883296646,34.37250508832966,2.9593499972483244
data/SYNTHETIC/02850.csv,87.13008591028404,56.610291786986835,30.51979412329721,5.4935095631199635,36.73350956311996,50.39657634716408
data/SYNTHETIC/02851.csv,29.48826704538631,16.00773337306679,13.480533672319517,0.6711315816013992,31.9111315816014,-2.4228645362150907
data/SYNTHETIC/02852.csv,54.691798814563526,28.813197488735714,25.878601325827816,9.118445046586547,40.358445046586546,14.33335376797698
data/SYNTHETIC/02853.csv,25.89340316264572,14.757414252308926,11.135988910336792,5.312689485317033,36.55268948531703,-10.659286322671313
data/SYNTHETIC/02854.csv,53.91510936315335,25.596169822350667,28.318939540802685,4.20030755024252,35.440307550242515,18.474801812910833
data/SYNTHETIC/02855.csv,62.35054581160094,34.63749986097357,27.713045950627368,6.413404688330726,37.653404688330724,24.697141123270214
data/SYNTHETIC/02856.csv,13.26765146567886,7.397907633585212,5.869743832093647,0.891446808462041,32.13144680846204,-18.863795342783177
data/SYNTHETIC/02857.csv,37.766435559765824,19.546520800659913,18.219914759105908,2.9317758055864864,34.171775805586485,3.5946597541793395
data/SYNTHETIC/02858.csv,25.674390351764202,15.584944915366588,10.089445436397613,2.5131744456997915,33.75317444569979,-8.078784093935589
data/SYNTHETIC/02859.csv,58.41261051136455,36.77286948043913,21.63974103092542,1.7029739731290867,32.942973973129085,25.469636538235463
data/SYNTHETIC/02860.csv,59.75954114690268,29.903116685576066,29.856424461326608,6.5964119504801255,37.83641195048013,21.92312919642255
data/SYNTHETIC/02861.csv,4.566688471533227,3.4195618719522978,1.1471265995809288,0.01384029067088182,31.25384029067088,-26.687151819137654
data/SYNTHETIC/02862.csv,124.8699548631988,76.83911753293755,48.03083733026125,24.335869441309598,55.57586944130959,69.2940854218892
data/SYNTHETIC/02863.csv,28.66554000581745,16.86139176086046,11.804148244956991,0.9994246571559342,32.23942465715593,-3.573884651338478
data/SYNTHETIC/02864.csv,56.263249412853625,36.026882468263125,20.2363669445905,2.320588299175715,33.56058829917571,22.702661113677912
data/SYNTHETIC/02865.csv,8.8428736311401,6.819236936681048,2.0236366944590505,0.0013513178002959277,31.241351317800294,-22.398477686660193
data/SYNTHETIC/02866.csv,129.74886111084987,81.92158486819694,47.827276242652935,16.369472712570918,47.60947271257092,82.13938839827895
data/SYNTHETIC/02867.csv,250.91243829551198,126.78354534028679,124.12889295522518,75.157317103085,106.397317103085,144.515121192427
data/SYNTHETIC/02868.csv,52.33773430246437,26.674668245868894,25.66306605659548,0.8334316986790351,32.07343169867903,20.26430260378534
data/SYNTHETIC/02869.csv,19.700623073435434,12.29339432081787,7.407228752617565,1.5401830404873071,32.78018304048731,-13.079559967051875
data/SYNTHETIC/02870.csv,10.020129914348013,7.500762100654616,2.519367813693397,0.016593318026613624,31.256593318026614,-21.2364634036786
data/SYNTHETIC/02871.csv,15.161940654924212,9.684949980098354,5.476990674825857,3.143838210691859,34.383838210691856,-19.221897555767644
data/SYNTHETIC/02872.csv,39.16007746722752,26.08187629747499,13.078201169752523,3.0712520820740363,34.311252082074034,4.848825385153482
data/SYNTHETIC/02873.csv,45.130150732515126,25.284142108867584,19.846008623647542,11.042716041507896,42.282716041507896,2.84743469100723
data/SYNTHETIC/02874.csv,17.10919233037839,9.460085108955644,7.649107221422748,5.130235458407052,36.37023545840705,-19.26104312802866
data/SYNTHETIC/02875.csv,61.82048198651289,36.382530544448926,25.437951442063962,1.4082615853816,32.6482615853816,29.17222040113129
data/SYNTHETIC/02876.csv,55.28793689911245,29.378202701062207,25.90973419805025,1.1959093608454905,32.435909360845486,22.852027538266967
data/SYNTHETIC/02877.csv,52.82205865734103,31.666074564025926,21.1559840933151,4.7888930424622265,36.02889304246222,16.79316561487881
data/SYNTHETIC/02878.csv,29.432434940116607,14.797590159241746,14.634844780874861,12.526845728053067,43.76684572805306,-14.334410787936456
data/SYNTHETIC/02879.csv,76.296246355041,45.56810147148584,30.72814488355517,26.608365060289174,57.84836506028917,18.447881294751838
data/SYNTHETIC/02880.csv,7.901027496017809,4.689551984456168,3.2114755115616416,0.18416012675038043,31.42416012675038,-23.52313263073257
data/SYNTHETIC/02881.csv,7.202950650821055,4.49199593114337,2.7109547196776855,0.05710663812699153,31.29710663812699,-24.094155987305935
data/SYNTHETIC/02882.csv,22.0943674096411,10.716500030499144,11.377867379141957,5.712379315471057,36.952379315471056,-14.858011905829954
data/SYNTHETIC/02883.csv,13.349277882971068,8.238697165840165,5.110580717130903,0.6383218442719343,31.878321844271934,-18.529043961300864
data/SYNTHETIC/02884.csv,73.31211270808876,41.14467119332662,32.16744151476214,4.442613875000871,35.68261387500087,37.629498833087894
data/SYNTHETIC/02885.csv,52.49894459128613,29.59233514453961,22.906609446746522,1.2431013966560647,32.48310139665606,20.015843194630072
data/SYNTHETIC/02886.csv,41.68190050992116,22.31006947858475,19.371831031336406,3.8403259341532583,35.08032593415326,6.6015745757678985
data/SYNTHETIC/02887.csv,58.73841877963356,33.34117955509129,25.39723922454228,0.924528890579086,32.164528890579085,26.573889889054477
data/SYNTHETIC/02888.csv,82.46104239963506,37.5578613095673,44.903181090067754,31.805857192866746,63.04585719286675,19.415185206768314
data/SYNTHETIC/02889.csv,93.59422335067998,56.18687995724756,37.40734339343243,6.1361569773997715,37.37615697739977,56.21806637328021
data/SYNTHETIC/02890.csv,103.62219315953811,69.51972389433469,34.102469265203425,41.63839836894489,72.87839836894489,30.743794790593228
data/SYNTHETIC/02891.csv,66.62157796642646,37.7254828713461,28.896095095080348,0.8252041526536229,32.06520415265362,34.55637381377284
data/SYNTHETIC/02892.csv,58.967861839534486,35.8888241774021,23.079037662132386,1.1982621752344074,32.43826217523441,26.52959966430008
data/SYNTHETIC/02893.csv,48.664920974028135,26.47676242472269,22.18815854930544,1.7556070760536082,32.99560707605361,15.669313897974526
data/SYNTHETIC/02894.csv,282.76878498320775,178.36453034668898,104.40425463651874,124.46291978324835,155.70291978324835,127.0658651999594
data/SYNTHETIC/02895.csv,46.86557514048753,26.20771700273159,20.657858137755937,1.6660260548041657,32.906026054804165,13.959549085683364
data/SYNTHETIC/02896.csv,38.81345724579378,23.065013573885235,15.748443671908543,6.320770113460339,37.560770113460336,1.2526871323334419
data/SYNTHETIC/02897.csv,23.792841537474494,12.891546586968456,10.90129495050604,4.233011579895479,35.47301157989548,-11.680170042420983
data/SYNTHETIC/02898.csv,49.93551208516358,27.64677041021639,22.28874167494719,1.9998510355023318,33.23985103550233,16.695661049661247
data/SYNTHETIC/02899.csv,40.03653148270828,22.50872442147066,17.527807061237617,2.2018958086435414,33.44189580864354,6.59463567406474
data/SYNTHETIC/02900.csv,63.48687429601563,42.74040721424192,20.746467081773705,14.393520041782295,45.63352004178229,17.853354254233338
data/SYNTHETIC/02901.csv,25.80508457286993,12.068303413796402,13.736781159073526,9.918756451949204,41.1587564519492,-15.353671879079272
data/SYNTHETIC/02902.csv,77.73909669310785,42.764907005675916,34.974189687431945,9.582453275686184,40.822453275686186,36.91664341742167
data/SYNTHETIC/02903.csv,52.33146215006329,21.514708322490385,30.816753827572906,30.522264083174235,61.76226408317423,-9.430801933110942
data/SYNTHETIC/02904.csv,49.2016626162642,23.05004994940876,26.151612666855446,8.91272550033562,40.15272550033562,9.048937115928581
data/SYNTHETIC/02905.csv,16.651393523796898,13.593187537022688,3.0582059867742095,2.679354596618202,33.9193545966182,-17.2679610728213
data/SYNTHETIC/02906.csv,18.860054375114494,8.50238727033887,10.357667104775622,9.798649662834642,41.03864966283464,-22.17859528772015
data/SYNTHETIC/02907.csv,6.292389528202078,3.8304977863039666,2.4618917418981106,1.7594060077010403,32.99940600770104,-26.70701647949896
data/SYNTHETIC/02908.csv,33.41663567444197,17.55323985894285,15.863395815499123,9.978100979057427,41.218100979057425,-7.801465304615455
data/SYNTHETIC/02909.csv,19.697209544168402,10.165760971450034,9.53144857271837,4.088665104783066,35.32866510478306,-15.631455560614661
data/SYNTHETIC/02910.csv,60.75772304597763,38.18878552102836,22.56893752494927,2.5689992404357,33.808999240435696,26.94872380554193
data/SYNTHETIC/02911.csv,55.91333440218824,27.04597734300548,28.867357059182762,26.146693132505813,57.38669313250581,-1.473358730317571
data/SYNTHETIC/02912.csv,71.15016237948116,39.11922653523282,32.03093584424834,36.712881460937226,67.95288146093722,3.197280918543939
data/SYNTHETIC/02913.csv,38.979640301676575,21.861350251980348,17.118290049696228,1.429031241058509,32.669031241058505,6.31060906061807
data/SYNTHETIC/02914.csv,42.47745080088106,26.161430919994068,16.31601988088699,2.0454766780716196,33.28547667807162,9.191974122809441
data/SYNTHETIC/02915.csv,26.145027045408177,16.78361185175085,9.361415193657324,6.658212009322047,37.898212009322044,-11.753184963913867
data/SYNTHETIC/02916.csv,32.53314408443132,17.27803669543232,15.255107388999,3.3474117365229348,34.58741173652293,-2.0542676520916103
data/SYNTHETIC/02917.csv,61.47053411690125,37.71375777484942,23.75677634205183,16.811320866859177,48.05132086685917,13.419213250042077
data/SYNTHETIC/02918.csv,76.8720213368502,42.07504953745374,34.79697179939646,2.5338541972762116,33.77385419727621,43.09816713957399
data/SYNTHETIC/02919.csv,61.55580825630946,34.30736055269398,27.24844770361548,10.086420806135573,41.32642080613557,20.22938745017389
data/SYNTHETIC/02920.csv,19.688670577250534,10.511657780603093,9.177012796647443,8.036917707381004,39.276917707381,-19.58824713013047
data/SYNTHETIC/02921.csv,64.93284196558088,34.34599242518914,30.586849540391736,16.034133720102425,47.27413372010243,17.65870824547845
data/SYNTHETIC/02922.csv,4.864787883309381,3.770347682874131,1.0944402004352494,0.09044439060361228,31.33044439060361,-26.465656507294227
data/SYNTHETIC/02923.csv,34.356389894305664,19.532353043771327,14.824036850534341,1.1056481400141007,32.3456481400141,2.0107417542915655
data/SYNTHETIC/02924.csv,47.82400227742878,25.949567286672615,21.874434990756168,1.7291955706377853,32.96919557063779,14.854806706790995
data/SYNTHETIC/02925.csv,80.5792878854049,39.46952753382599,41.109760351578906,11.593948265974294,42.83394826597429,37.7453396194306
data/SYNTHETIC/02926.csv,17.532455852451953,9.45467292888938,8.077782923562573,0.8548023710259235,32.09480237102592,-14.562346518573968
data/SYNTHETIC/02927.csv,33.04942707895682,15.38511434720536,17.66431273175146,15.767928882408466,47.007928882408464,-13.958501803451647
data/SYNTHETIC/02928.csv,4.990121945603542,3.8022831285009517,1.1878388171025906,0.00034425559248758527,31.240344255592486,-26.250222309988942
data/SYNTHETIC/02929.csv,33.04338585966031,16.257978059111803,16.78540780054851,5.173123688530065,36.413123688530064,-3.369737828869752
data/SYNTHETIC/02930.csv,7.22875092177064,3.770607268754228,3.4581436530164122,1.353012502430692,32.59301250243069,-25.36426158066005
data/SYNTHETIC/02931.csv,288.18200343219104,229.295373041595,58.88663039059604,35.8530524641846,67.0930524641846,221.08895096800643
data/SYNTHETIC/02932.csv,30.90661722244874,19.088099959542916,11.818517262905825,2.41201035647104,33.65201035647104,-2.7453931340222972
data/SYNTHETIC/02933.csv,1.3655478650267867,0.9488463445109585,0.41670152051582815,0.00813851983331539,31.248138519833315,-29.882590654806528
data/SYNTHETIC/02934.csv,51.9393833020608,27.811407329664394,24.127975972396403,26.70051834824695,57.94051834824695,-6.00113504618615
data/SYNTHETIC/02935.csv,2.267696908591746,1.465426739782537,0.8022701688092092,0.008875225476067415,31.248875225476066,-28.98117831688432
data/SYNTHETIC/02936.csv,23.251260008240003,14.510107422706826,8.741152585533175,1.1329279770531897,32.37292797705319,-9.121667968813185
data/SYNTHETIC/02937.csv,41.88931968628977,26.847352730198292,15.041966956091473,1.9791487258342013,33.2191487258342,8.670170960455565
data/SYNTHETIC/02938.csv,29.25358470678652,18.608537243034473,10.645047463752046,0.5287395223420603,31.76873952234206,-2.5151548155555403
data/SYNTHETIC/02939.csv,55.7108314753148,30.145953708036267,25.56487776727853,1.7817911741753578,33.021791174175355,22.689040301139443
data/SYNTHETIC/02940.csv,50.849221188234836,31.67855640818194,19.170664780052896,1.7332603191514862,32.973260319151485,17.87596086908335
data/SYNTHETIC/02941.csv,35.393410203994456,19.59706980558985,15.796340398404606,1.842876517521094,33.08287651752109,2.310533686473363
data/SYNTHETIC/02942.csv,31.061374621998194,18.29210733814532,12.769267283852873,12.080016258065038,43.32001625806504,-12.258641636066844
data/SYNTHETIC/02943.csv,37.78475657483583,19.694162977269368,18.090593597566464,1.6857359914158618,32.92573599141586,4.859020583419969
data/SYNTHETIC/02944.csv,74.26956863292037,40.49998161686466,33.7695870160557,2.2901167354814143,33.530116735481414,40.739451897438954
data/SYNTHETIC/02945.csv,12.854078531180008,7.688416578578621,5.165661952601386,0.886263001378083,32.12626300137808,-19.27218447019807
data/SYNTHETIC/02946.csv,70.31070499940935,46.61140472915283,23.69930027025652,2.0971548786198326,33.33715487861983,36.973550120789525
data/SYNTHETIC/02947.csv,43.30669615368357,25.079596885603273,18.227099268080295,7.273728871766872,38.51372887176687,4.792967281916695
data/SYNTHETIC/02948.csv,21.09773159692528,12.006932907970775,9.090798688954504,0.512744869895566,31.752744869895565,-10.655013272970287
data/SYNTHETIC/02949.csv,72.50747370254898,39.056399917692104,33.451073784856874,14.10709877765491,45.34709877765491,27.16037492489407
data/SYNTHETIC/02950.csv,46.97723803949087,27.895182203455715,19.08205583603516,0.8056151213081181,32.04561512130812,14.931622918182754
data/SYNTHETIC/02951.csv,54.0268966131247,33.982116574518486,20.044780038606213,1.4476549892207156,32.68765498922071,21.339241623903987
data/SYNTHETIC/02952.csv,75.6307937079449,45.613915212856426,30.016878495088473,7.671020777459328,38.91102077745933,36.719772930485576
data/SYNTHETIC/02953.csv,29.6823893690154,16.084508716780498,13.597880652234902,2.6055368068963114,33.84553680689631,-4.163147437880912
data/SYNTHETIC/02954.csv,96.24652088161389,62.826579968979516,33.41994091263437,1.8123695618967814,33.05236956189678,63.19415131971711
data/SYNTHETIC/02955.csv,127.43663272896339,97.40059554327647,30.03603718568692,24.24937880811186,55.48937880811186,71.94725392085152
data/SYNTHETIC/02956.csv,46.44336018226453,25.390354050915988,21.053006131348543,8.089993169353123,39.32999316935312,7.113367012911404
data/SYNTHETIC/02957.csv,66.40224400165326,34.59642277193651,31.805821229716752,6.744214608267708,37.984214608267706,28.418029393385552
data/SYNTHETIC/02958.csv,48.269964816595106,28.627517280555903,19.642447536039203,0.8612595458882163,32.10125954588821,16.168705270706894
data/SYNTHETIC/02959.csv,69.82924703305683,46.60172951878662,23.227517514270207,1.2652254727217787,32.505225472721776,37.324021560335055
data/SYNTHETIC/02960.csv,54.739216713135335,35.1494555762418,19.589761136893532,3.0015542017014343,34.24155420170143,20.4976625114339
data/SYNTHETIC/02961.csv,42.19008114013681,22.8086707635012,19.381410376635614,0.8257294495070722,32.06572944950707,10.124351690629744
data/SYNTHETIC/02962.csv,40.46359802278853,22.713071183344162,17.750526839444365,3.8679598141360967,35.107959814136095,5.355638208652437
data/SYNTHETIC/02963.csv,10.053638393156039,5.707010463637487,4.346627929518551,0.6400440120290641,31.880044012029064,-21.826405618873025
data/SYNTHETIC/02964.csv,60.20131123096539,34.59811608248998,25.60319514847541,5.803357469813853,37.04335746981385,23.15795376115154
data/SYNTHETIC/02965.csv,48.913850021548605,25.636040944457474,23.27780907709113,3.062603453420169,34.30260345342017,14.611246568128436
data/SYNTHETIC/02966.csv,12.095281518385098,8.704193282463187,3.3910882359219108,1.0452977640509018,32.2852977640509,-20.190016245665802
data/SYNTHETIC/02967.csv,33.19891555773808,20.44880696448366,12.750108593254422,10.503018549615472,41.74301854961547,-8.544102991877388
data/SYNTHETIC/02968.csv,69.5409173902996,41.02799610718782,28.512921283111776,4.712324792857475,35.952324792857475,33.58859259744212
data/SYNTHETIC/02969.csv,15.008071131247949,8.867710794451487,6.140360336796461,4.389548572757674,35.62954857275767,-20.62147744150972
data/SYNTHETIC/02970.csv,51.76183082065133,23.404573898651705,28.357256921999628,8.641026394714034,39.881026394714034,11.8808044259373
data/SYNTHETIC/02971.csv,36.36636600051273,17.825543173883172,18.540822826629558,1.4658921695761733,32.705892169576174,3.660473830936553
data/SYNTHETIC/02972.csv,59.835584629395434,29.75165071721247,30.083933912182964,6.637700284723881,37.87770028472388,21.957884344671555
data/SYNTHETIC/02973.csv,43.76607633707161,23.20161681598299,20.564459521088622,11.161013108153899,42.4010131081539,1.3650632289177125
data/SYNTHETIC/02974.csv,73.63896940069576,26.077519990095986,47.56144941059977,43.18665869572437,74.42665869572437,-0.7876892950286134
data/SYNTHETIC/02975.csv,44.546188481627595,22.734019235316303,21.812169246311296,6.152668345668263,37.39266834566826,7.153520135959333
data/SYNTHETIC/02976.csv,60.39724111192227,32.74885574206456,27.648385369857703,8.349240366379078,39.58924036637907,20.808000745543197
data/SYNTHETIC/02977.csv,56.26989282649864,32.15628587205109,24.113606954447548,3.3274343247532556,34.56743432475325,21.70245850174539
data/SYNTHETIC/02978.csv,11.99270927109533,7.133586368068803,4.8591229030265275,2.9921282016249737,34.232128201624974,-22.239418930529645
data/SYNTHETIC/02979.csv,52.224882502045716,27.6658359911847,24.559046510861013,1.5557184334649472,32.79571843346495,19.429164068580768
data/SYNTHETIC/02980.csv,51.19478003845932,26.06097280964544,25.133807228813883,2.4265337079576232,33.66653370795762,17.528246330501702
data/SYNTHETIC/02981.csv,0.4827553185570391,0.3199064484703936,0.16284887008664548,0.007473081245712986,31.24747308124571,-30.764717762688672
data/SYNTHETIC/02982.csv,27.613164203851177,16.776529834114832,10.836634369736347,8.203593182464468,39.44359318246447,-11.830428978613291
data/SYNTHETIC/02983.csv,35.782207694644555,21.075517824025567,14.706689870618986,4.271935276244119,35.51193527624412,0.27027241840043814
data/SYNTHETIC/02984.csv,74.4695883662801,40.57679899549484,33.89278937078527,31.394770185709163,62.63477018570916,11.834818180570949
data/SYNTHETIC/02985.csv,54.75384967163825,34.852759812520254,19.901089859117995,1.3125107922421366,32.55251079224214,22.20133887939611
data/SYNTHETIC/02986.csv,37.7362955886,23.273879023111004,14.462416565488997,0.34572848252357596,31.585728482523574,6.150567106076426
data/SYNTHETIC/02987.csv,45.472466605061086,24.000364116871904,21.472102488189186,8.783328349859024,40.02332834985902,5.449138255202065
data/SYNTHETIC/02988.csv,72.85896280913185,37.80334868665659,35.05561412247526,2.069432633429209,33.30943263342921,39.54953017570264
data/SYNTHETIC/02989.csv,19.602446834676712,11.826413288039394,7.77603354663732,1.2602819541917532,32.50028195419175,-12.897835119515037
data/SYNTHETIC/02990.csv,20.154537309198993,12.213260056150224,7.94127725304877,2.854834260367003,34.094834260367,-13.940296951168008
data/SYNTHETIC/02991.csv,54.97472778818067,33.14339985127096,21.831327936909705,1.7416266228552062,32.9816266228552,21.99310116532547
data/SYNTHETIC/02992.csv,37.737973008227485,17.721931005518897,20.016042002708584,10.527930438021674,41.76793043802167,-4.029957429794187
data/SYNTHETIC/02993.csv,47.699146476627085,28.037540249989405,19.66160622663768,5.0877717410541825,36.32777174105418,11.371374735572907
data/SYNTHETIC/02994.csv,22.175348312236206,12.581633995072938,9.593714317163268,6.664264997418469,37.904264997418466,-15.72891668518226
data/SYNTHETIC/02995.csv,127.91303491890878,69.34252292318686,58.57051199572191,2.97900755963844,34.21900755963844,93.69402735927034
data/SYNTHETIC/02996.csv,45.142771313013824,24.911194041072914,20.231577271940914,2.8937136687739717,34.13371366877397,11.009057644239853
data/SYNTHETIC/02997.csv,32.28054371606636,18.22524932579398,14.055294390272385,1.2742768574720411,32.51427685747204,-0.23373314140567913
data/SYNTHETIC/02998.csv,84.13926372402449,61.74275441446113,22.396509309563363,3.7697504692331307,35.009750469233126,49.12951325479136
data/SYNTHETIC/02999.csv,33.156133961354726,22.666750858714895,10.489383102639827,3.9338438002882867,35.17384380028828,-2.0177098389335555
data/SYNTHETIC/03000.csv,18.573495067424265,6.982487255374776,11.591007812049488,11.66527457440541,42.90527457440541,-24.331779506981146
data/SYNTHETIC/03001.csv,134.10745305714488,72.40295047915026,61.7045025779946,60.86246872000553,92.10246872000553,42.00498433713935
data/SYNTHETIC/03002.csv,29.27921688056132,15.650203356103983,13.62901352445734,3.7720577979997807,35.01205779799978,-5.732840917438459
data/SYNTHETIC/03003.csv,2.948816452296342,1.6963170544240542,1.2524993978722878,0.22168705627426927,31.46168705627427,-28.512870603977927
data/SYNTHETIC/03004.csv,18.49784719958342,10.264399914908598,8.23344728467482,4.66231255493377,35.90231255493377,-17.404465355350354
data/SYNTHETIC/03005.csv,8.289106521506863,5.578151801829177,2.710954719677686,0.9100525162768073,32.15005251627681,-23.860945994769946
data/SYNTHETIC/03006.csv,59.26067614202295,34.66810192261468,24.59257421940827,2.664543101005522,33.90454310100552,25.35613304101743
data/SYNTHETIC/03007.csv,16.28216762344961,10.510612080672908,5.771555542776699,0.8950076117143295,32.13500761171433,-15.85283998826472
data/SYNTHETIC/03008.csv,109.61355207731603,58.79512526498336,50.81842681233266,30.75615619967659,61.99615619967659,47.61739587763944
data/SYNTHETIC/03009.csv,59.820122594225886,33.29252062437628,26.527601969849606,17.490468779109804,48.7304687791098,11.089653815116087
data/SYNTHETIC/03010.csv,38.74132543254509,22.33190693499072,16.40941849755437,7.21505513914075,38.45505513914075,0.2862702934043426
data/SYNTHETIC/03011.csv,49.40971301074882,23.794543680649394,25.615169330099423,9.895917778264696,41.1359177782647,8.273795232484119
data/SYNTHETIC/03012.csv,27.990619926289245,21.277893707864703,6.7127262184245415,0.7518632658812939,31.991863265881292,-4.0012433395920475
data/SYNTHETIC/03013.csv,50.239440052196244,32.474544194803066,17.764895857393174,1.3932823818018467,32.63328238180185,17.606157670394396
data/SYNTHETIC/03014.csv,37.55913219498017,21.60952227178813,15.94960992319204,0.7283207530351602,31.968320753035158,5.590811441945014
data/SYNTHETIC/03015.csv,7.49287128105774,4.4849568571044065,3.0079144239533333,0.34272446684485003,31.582724466844848,-24.089853185787106
data/SYNTHETIC/03016.csv,40.1647063211859,23.74570847833236,16.418997842853543,3.9856373079686365,35.22563730796863,4.939069013217271
data/SYNTHETIC/03017.csv,9.917236630013239,6.511779376142507,3.4054572538707326,0.31832640499937515,31.558326404999374,-21.641089774986135
data/SYNTHETIC/03018.csv,22.436071361335117,10.488232936889894,11.947838424445225,11.435386339365202,42.675386339365204,-20.239314978030087
data/SYNTHETIC/03019.csv,30.696197325507747,18.966289006619668,11.72990831888808,0.531966369804852,31.77196636980485,-1.075769044297104
data/SYNTHETIC/03020.csv,42.86993057657364,24.1758382251566,18.694092351417034,4.149678853593022,35.38967885359302,7.4802517229806185
data/SYNTHETIC/03021.csv,25.44874246644241,14.173853049267017,11.274889417175393,2.051353953938721,33.29135395393872,-7.842611487496306
data/SYNTHETIC/03022.csv,53.72789923695377,34.45904616758392,19.268853069369847,5.366221161943654,36.60622116194365,17.121678075010117
data/SYNTHETIC/03023.csv,51.535910976578755,28.61014283923377,22.925768137344985,12.83834028581331,44.07834028581331,7.4575706907654435
data/SYNTHETIC/03024.csv,57.30274610126157,27.472664839507775,29.830081261753794,6.769977580743582,38.00997758074358,19.29276852051799
data/SYNTHETIC/03025.csv,70.92563583106528,39.61075604793326,31.314879783132017,7.358960541253134,38.598960541253135,32.326675289812144
data/SYNTHETIC/03026.csv,15.005205865270906,8.46251302590744,6.542692839363467,7.570296668874427,38.81029666887443,-23.805090803603523
data/SYNTHETIC/03027.csv,43.81287034481531,25.667195511778345,18.14567483303696,0.9321380008171587,32.17213800081716,11.640732343998152
data/SYNTHETIC/03028.csv,15.52042324259065,8.374231649376672,7.146191593213979,9.653771922990945,40.89377192299094,-25.37334868040029
data/SYNTHETIC/03029.csv,56.38827036611969,31.153880011664047,25.234390354455645,5.996558873066882,37.23655887306688,19.151711493052808
data/SYNTHETIC/03030.csv,0.6692847958577655,0.40106312747976125,0.26822166837800426,0.0040181311100204445,31.244018131110018,-30.57473333525225
data/SYNTHETIC/03031.csv,61.9636968842226,30.780533098954756,31.183163785267844,10.398855625025135,41.63885562502513,20.32484125919747
data/SYNTHETIC/03032.csv,38.63415129829482,16.01252737419989,22.621623924094926,18.053138184413818,49.29313818441382,-10.658986886119003
data/SYNTHETIC/03033.csv,39.57691470354278,23.65843765257317,15.918477050969615,13.187665194219475,44.42766519421947,-4.850750490676688
data/SYNTHETIC/03034.csv,42.72505643510918,23.334066713174355,19.390989721934822,2.4853920177888753,33.72539201778888,8.999664417320304
data/SYNTHETIC/03035.csv,43.53613503545682,25.35453765754781,18.18159737790901,4.933726084712262,36.17372608471226,7.362408950744566
data/SYNTHETIC/03036.csv,30.021441524960583,17.565897799656998,12.455543725303585,8.069660106943468,39.30966010694347,-9.288218581982886
data/SYNTHETIC/03037.csv,57.35029698123691,32.20930524344857,25.140991737788337,3.5731363985393543,34.813136398539356,22.537160582697553
data/SYNTHETIC/03038.csv,48.90509984906435,26.702572281810088,22.20252756725426,0.6781255355538119,31.91812553555381,16.98697431351054
data/SYNTHETIC/03039.csv,49.951263395055264,29.353276165419416,20.597987229635844,2.203485803158881,33.44348580315888,16.507777591896385
data/SYNTHETIC/03040.csv,30.827321371405898,19.662594425171463,11.164726946234435,8.98216026642574,40.22216026642574,-9.394838895019841
data/SYNTHETIC/03041.csv,63.51052582927622,30.083400407667334,33.427125421608885,10.128650820101281,41.36865082010128,22.14187500917494
data/SYNTHETIC/03042.csv,62.89175591488726,34.64705630015349,28.244699614733776,10.793288417023383,42.033288417023385,20.858467497863877
data/SYNTHETIC/03043.csv,44.219745821827615,23.801371316552018,20.4183745052756,10.961563482926309,42.2015634829263,2.018182338901312
data/SYNTHETIC/03044.csv,38.761660135112635,20.38847585121934,18.3731842838933,4.200551931584041,35.44055193158404,3.3211082035285955
data/SYNTHETIC/03045.csv,37.37116692799943,21.498191767201106,15.872975160798324,1.2744316441069115,32.51443164410691,4.856735283892526
data/SYNTHETIC/03046.csv,45.18923339235279,27.843433891800238,17.345799500552552,2.6098294991607016,33.8498294991607,11.339403893192092
data/SYNTHETIC/03047.csv,5.217270248291905,3.5289106393053604,1.688359608986545,0.09751832761584,31.33751832761584,-26.120248079323936
data/SYNTHETIC/03048.csv,37.601055443911115,19.924768530535676,17.67628691337544,1.4747172184253632,32.71471721842536,4.886338225485751
data/SYNTHETIC/03049.csv,49.26482884785362,29.852285598995532,19.412543248858086,5.144738714265639,36.38473871426564,12.880090133587984
data/SYNTHETIC/03050.csv,6.626493259087367,4.308291696677472,2.3182015624098944,0.9475718620250406,32.18757186202504,-25.56107860293767
data/SYNTHETIC/03051.csv,37.01511467280642,20.227312035933114,16.7878026368733,8.025305862850669,39.26530586285067,-2.250191190044248
data/SYNTHETIC/03052.csv,21.90488006823101,13.249941590390756,8.654938477840252,7.555357899464321,38.79535789946432,-16.890477831233312
data/SYNTHETIC/03053.csv,48.106764220825255,25.03730590399203,23.069458316833224,3.3231109427309846,34.56311094273099,13.543653278094268
data/SYNTHETIC/03054.csv,35.43171230223584,20.631623814949517,14.800088487286322,5.26878050301513,36.50878050301513,-1.0770682007792942
data/SYNTHETIC/03055.csv,59.39809116230798,35.205454609141874,24.192636553166107,6.700370500848587,37.94037050084859,21.45772066145939
data/SYNTHETIC/03056.csv,50.176997790687935,29.054541405920098,21.122456384767837,2.24544037956948,33.48544037956948,16.691557411118453
data/SYNTHETIC/03057.csv,31.47601569375786,18.94383720606056,12.532178487697296,3.8956923032849833,35.13569230328498,-3.659676609527125
data/SYNTHETIC/03058.csv,50.82477828263124,29.0413470722176,21.78343121041364,3.2531995291105424,34.49319952911054,16.331578753520702
data/SYNTHETIC/03059.csv,59.81029064247157,34.645350541435235,25.164940101036333,1.3569397905255567,32.59693979052555,27.213350851946018
data/SYNTHETIC/03060.csv,6.739665295927783,5.137519794634168,1.602145501293615,0.4814203847644336,31.721420384764432,-24.98175508883665
data/SYNTHETIC/03061.csv,78.71152358585488,40.020547922327694,38.690975663527176,11.749240145794658,42.98924014579465,35.722283440060224
data/SYNTHETIC/03062.csv,55.89217335714001,31.711510985597947,24.18066237154206,2.9372970200918584,34.177297020091856,21.714876337048153
data/SYNTHETIC/03063.csv,61.835128613323214,32.41216952678606,29.422959086537155,5.627915639765744,36.86791563976574,24.967212973557473
data/SYNTHETIC/03064.csv,71.96871722831835,45.48220714337788,26.48651008494048,13.83844369340023,45.07844369340023,26.890273534918123
data/SYNTHETIC/03065.csv,75.37224792411581,39.792164646508546,35.58008327760726,20.227620377461875,51.46762037746187,23.90462754665394
data/SYNTHETIC/03066.csv,54.7476068826097,28.660654796523964,26.086952086085734,3.986911293552831,35.22691129355283,19.52069558905687
data/SYNTHETIC/03067.csv,194.3758366014944,129.73441452239527,64.64142207909913,60.641159548102,91.881159548102,102.4946770533924
data/SYNTHETIC/03068.csv,42.89432095416984,29.028218633556918,13.866102320612923,13.266476983382372,44.50647698338237,-1.612156029212528
data/SYNTHETIC/03069.csv,55.77888842847032,19.69109985000467,36.08778857846565,31.82914759016247,63.06914759016247,-7.2902591616921555
data/SYNTHETIC/03070.csv,61.9582973127151,32.599998806947625,29.35829850576748,10.264370389664794,41.50437038966479,20.45392692305031
data/SYNTHETIC/03071.csv,11.52011561784386,8.222425998589289,3.297689619254571,0.9776066593537542,32.217606659353756,-20.697491041509895
data/SYNTHETIC/03072.csv,37.30796080003716,22.620429620016623,14.687531180020535,1.5366305515915282,32.77663055159152,4.531330248445634
data/SYNTHETIC/03073.csv,38.88545235620467,22.413768114205435,16.471684241999228,1.8769381425334144,33.116938142533414,5.768514213671253
data/SYNTHETIC/03074.csv,32.65275874074335,19.794882512872768,12.85787622787058,1.5472012903446954,32.7872012903447,-0.13444254960134572
data/SYNTHETIC/03075.csv,8.827896251946306,5.424833834400376,3.4030624175459296,1.5315407606550857,32.771540760655085,-23.94364450870878
data/SYNTHETIC/03076.csv,63.26355051035207,33.141299216972264,30.122251293379804,3.505150273504183,34.74515027350418,28.51840023684789
data/SYNTHETIC/03077.csv,39.929613116210476,21.77435893787426,18.155254178336218,6.161543280350472,37.40154328035047,2.528069835860009
data/SYNTHETIC/03078.csv,52.00688087489965,32.03155108971274,19.975329785186908,0.7135689227268225,31.95356892272682,20.05331195217283
data/SYNTHETIC/03079.csv,139.682354259764,68.1075337690913,71.57482049067268,84.31785583468735,115.55785583468735,24.124498425076652
data/SYNTHETIC/03080.csv,59.07357487820975,29.66019513697177,29.41337974123798,37.16056724650031,68.4005672465003,-9.326992368290554
data/SYNTHETIC/03081.csv,85.36881237389574,46.96042739669545,38.40838497720029,10.419285016372267,41.659285016372266,43.70952735752347
data/SYNTHETIC/03082.csv,53.16311759151367,27.85688214731389,25.306235444199782,15.23139273991074,46.47139273991074,6.6917248516029275
data/SYNTHETIC/03083.csv,38.46180046286249,21.875164077272686,16.586636385589806,4.399875263185132,35.63987526318513,2.8219251996773593
data/SYNTHETIC/03084.csv,46.9497395046215,24.217953109585604,22.731786395035893,6.393247379583116,37.63324737958311,9.316492125038387
data/SYNTHETIC/03085.csv,25.02494263588555,13.141764792210035,11.883177843675519,5.602791940616922,36.84279194061692,-11.817849304731368
data/SYNTHETIC/03086.csv,18.449441747223123,10.642275328363358,7.807166418859766,0.8653570372920129,32.10535703729201,-13.655915290068886
data/SYNTHETIC/03087.csv,38.82346577710949,19.164254386796664,19.65921139031283,0.8830358527092513,32.12303585270925,6.70042992440024
data/SYNTHETIC/03088.csv,54.98581568006706,35.26912821795894,19.716687462108123,3.109923603286372,34.34992360328637,20.635892076780692
data/SYNTHETIC/03089.csv,23.784789674921555,13.81508605476413,9.969703620157427,2.049815454830777,33.28981545483077,-9.505025779909218
data/SYNTHETIC/03090.csv,28.78791306163323,19.16785554489713,9.6200575167361,0.8493829886522803,32.089382988652275,-3.3014699270190455
data/SYNTHETIC/03091.csv,33.731153496054645,25.727610498560967,8.003542997493675,5.2332243691080365,36.47322436910804,-2.742070873053393
data/SYNTHETIC/03092.csv,3.442034787479084,2.297303024222959,1.1447317632561254,0.16482787080368502,31.404827870803683,-27.9627930833246
data/SYNTHETIC/03093.csv,34.435063743060525,20.80126054595357,13.63380319710695,2.022347697977786,33.26234769797779,1.172716045082737
data/SYNTHETIC/03094.csv,44.45232584959457,23.880681819531567,20.57164403006301,3.3141710531833537,34.55417105318335,9.89815479641122
data/SYNTHETIC/03095.csv,12.491522281874376,8.896872958344158,3.594649323530218,0.16771284134245376,31.407712841342452,-18.916190559468077
data/SYNTHETIC/03096.csv,77.48327746162954,41.07697565196503,36.40630180966451,7.167674333136386,38.407674333136384,39.07560312849316
data/SYNTHETIC/03097.csv,23.2632248733549,14.387961453632716,8.875263419722184,2.6113063059236916,33.85130630592369,-10.588081432568792
data/SYNTHETIC/03098.csv,30.653067132171174,18.85370855986378,11.799358572307394,8.63662295610967,39.87662295610967,-9.223555823938497
data/SYNTHETIC/03099.csv,15.056313298844952,8.712391874440167,6.343921424404786,2.4375474966167787,33.677547496616775,-18.621234197771823
data/SYNTHETIC/03100.csv,34.94915597306767,24.36397941743571,10.585176555631955,0.6064099298941986,31.846409929894197,3.1027460431734717
data/SYNTHETIC/03101.csv,30.960943529241533,18.51737398556198,12.443569543679553,2.161339943081111,33.40133994308111,-2.4403964138395793
data/SYNTHETIC/03102.csv,39.22448108023781,20.789031051899613,18.435450028338195,3.2553473726765585,34.495347372676555,4.729133707561253
data/SYNTHETIC/03103.csv,32.778627582074634,18.68741064693019,14.091216935144441,1.5171228276449347,32.757122827644935,0.021504754429699346
data/SYNTHETIC/03104.csv,10.153722402044465,6.836874092191464,3.3168483098530004,0.5946642763280867,31.834664276328084,-21.68094187428362
data/SYNTHETIC/03105.csv,33.34684885642715,19.816023621286742,13.530825235140409,4.180581896664498,35.420581896664494,-2.073733040237343
data/SYNTHETIC/03106.csv,67.71859978851283,38.29803553830049,29.42056425021234,1.0861931818345048,32.326193181834505,35.39240660667833
data/SYNTHETIC/03107.csv,67.54477829167256,38.19126945855468,29.353508833117875,12.205269478899362,43.44526947889936,24.099508812773195
data/SYNTHETIC/03108.csv,5.4334160863100065,3.278063393986757,2.1553526923232496,0.705326693671605,31.945326693671603,-26.511910607361596
data/SYNTHETIC/03109.csv,70.02613229004825,38.43345149323898,31.59268079680927,23.555972349856756,54.795972349856754,15.230159940191498
data/SYNTHETIC/03110.csv,26.763015064656287,16.704702500481126,10.058312564175163,2.6783818777571162,33.91838187775711,-7.155366813100827
data/SYNTHETIC/03111.csv,129.8254366374623,72.13861924559292,57.68681739186938,63.16774592766622,94.40774592766621,35.41769070979609
data/SYNTHETIC/03112.csv,48.73748334478886,29.99070459422621,18.746778750562655,0.7773460459306586,32.01734604593066,16.720137298858205
data/SYNTHETIC/03113.csv,47.465258711111034,24.505962865218827,22.95929584589221,0.8309244499573859,32.07092444995738,15.394334261153652
data/SYNTHETIC/03114.csv,49.44658903177546,25.646705635877172,23.799883395898284,6.13148079315199,37.37148079315199,12.075108238623471
data/SYNTHETIC/03115.csv,42.81378404060607,24.84532709560458,17.968456945001492,6.168768532820674,37.40876853282067,5.4050155077854
data/SYNTHETIC/03116.csv,55.43758756100693,31.32398060655938,24.113606954447548,0.9956897808686186,32.23568978086862,23.20189778013831
data/SYNTHETIC/03117.csv,0.5885276425344073,0.41130975449894014,0.17721788803546712,0.00210404505619382,31.24210404505619,-30.653576402521782
data/SYNTHETIC/03118.csv,37.732203497150024,20.491776794888825,17.240426702261196,2.808243135798577,34.04824313579857,3.6839603613514527
data/SYNTHETIC/03119.csv,47.34820055063435,24.376930523118116,22.971270027516237,1.2362196766817524,32.47621967668175,14.871980873952602
data/SYNTHETIC/03120.csv,42.57985180833059,24.50362722871293,18.076224579617655,2.4847209380182917,33.724720938018294,8.855130870312294
data/SYNTHETIC/03121.csv,12.883160156045141,7.106814940618836,5.776345215426305,3.4791191727660093,34.71911917276601,-21.835959016720864
data/SYNTHETIC/03122.csv,47.380840115812404,26.639162706688275,20.741677409124126,8.431425713781813,39.671425713781815,7.709414402030589
data/SYNTHETIC/03123.csv,46.50260678359909,28.03362904671366,18.468977736885435,2.3462427404604966,33.58624274046049,12.9163640431386
data/SYNTHETIC/03124.csv,59.69148699317266,30.603804992108003,29.087682001064657,5.630515514239334,36.87051551423933,22.82097147893333
data/SYNTHETIC/03125.csv,35.28585239803926,20.495343256052166,14.790509141987092,1.6366777529491816,32.87667775294918,2.409174645090083
data/SYNTHETIC/03126.csv,72.44963191789473,44.11871819546804,28.330913722426697,0.9495037112526754,32.18950371125268,40.26012820664206
data/SYNTHETIC/03127.csv,65.4934772067993,40.632681319013024,24.86079588778628,1.5420911449147614,32.78209114491476,32.71138606188454
data/SYNTHETIC/03128.csv,23.604272574352663,13.548354846502287,10.055917727850376,6.1265481934352,37.3665481934352,-13.762275619082537
data/SYNTHETIC/03129.csv,62.39257150742209,35.692541322186635,26.700030185235452,10.135071083178289,41.375071083178284,21.017500424243806
data/SYNTHETIC/03130.csv,11.164572795992811,6.861051920320726,4.303520875672086,0.5410286548780773,31.781028654878074,-20.616455858885264
data/SYNTHETIC/03131.csv,44.79789313632982,32.68720584179794,12.110687294531878,2.2816690797075303,33.52166907970753,11.27622405662229
data/SYNTHETIC/03132.csv,75.78943539718345,39.45497867726303,36.334456719920425,34.18368272169942,65.42368272169942,10.365752675484032
data/SYNTHETIC/03133.csv,97.17809159981383,66.95286234446746,30.22522925534637,3.276149774330598,34.5161497743306,62.661941825483225
data/SYNTHETIC/03134.csv,153.9915105256489,87.3943573360805,66.59715318956839,76.18726549111591,107.4272654911159,46.56424503453299
data/SYNTHETIC/03135.csv,49.319985869802935,24.82081026706196,24.499175602740973,17.037840115882258,48.277840115882256,1.0421457539206784
data/SYNTHETIC/03136.csv,35.12344270676426,22.10271760880701,13.02072509795725,11.830984940908568,43.070984940908566,-7.947542234144308
data/SYNTHETIC/03137.csv,51.226515290646375,25.58739759729893,25.639117693347448,2.2356974442444315,33.47569744424443,17.750817846401944
data/SYNTHETIC/03138.csv,11.429835978080106,7.092787393860769,4.337048584219336,1.1512860752491967,32.3912860752492,-20.96145009716909
data/SYNTHETIC/03139.csv,66.13153338330437,35.91827830958203,30.21325507372235,1.9828095293134302,33.22280952931343,32.90872385399094
data/SYNTHETIC/03140.csv,13.671986692568671,8.71707033655,4.954916356018671,2.0075410149694277,33.24754101496943,-19.575554322400755
data/SYNTHETIC/03141.csv,38.237462586241406,21.085644827997942,17.151817758243464,5.390942747641944,36.63094274764194,1.6065198385994677
data/SYNTHETIC/03142.csv,43.993096054692515,24.63802887762974,19.35506717706278,6.745307778860665,37.985307778860665,6.0077882758318495
data/SYNTHETIC/03143.csv,79.79599614445729,46.36408105019887,33.43191509425842,1.1461353819441102,32.38613538194411,47.40986076251318
data/SYNTHETIC/03144.csv,4.083344819043587,2.6847604053582788,1.3985844136853083,0.12706455508745107,31.36706455508745,-27.283719736043864
data/SYNTHETIC/03145.csv,48.75667049774671,30.912745041635013,17.843925456111695,1.261338908549504,32.5013389085495,16.255331589197212
data/SYNTHETIC/03146.csv,30.67335458939856,17.777160980331125,12.896193609067435,1.8509863141398997,33.0909863141399,-2.4176317247413373
data/SYNTHETIC/03147.csv,40.56166974026323,15.662556471280059,24.899113268983164,16.34769735510276,47.58769735510276,-7.026027614839535
data/SYNTHETIC/03148.csv,48.819445221777585,28.0586091220551,20.76083609972249,0.6099233417795082,31.84992334177951,16.969521879998076
data/SYNTHETIC/03149.csv,14.959617694413495,9.58321014522939,5.376407549184104,0.4650405930983764,31.705040593098374,-16.74542289868488
data/SYNTHETIC/03150.csv,37.59758039643276,21.918586977943498,15.678993418489263,2.938051147179126,34.178051147179126,3.4195292492536353
data/SYNTHETIC/03151.csv,129.6369284257988,75.85129940703443,53.78562901876436,53.61714618429294,84.85714618429294,44.779782241505856
data/SYNTHETIC/03152.csv,42.1596572086068,25.527518932845723,16.632138275761076,1.6603167769796023,32.9003167769796,9.259340431627201
data/SYNTHETIC/03153.csv,20.906302661680144,11.892138735119344,9.014163926560798,6.090024644974822,37.33002464497482,-16.423721983294676
data/SYNTHETIC/03154.csv,12.457216506407697,8.407548281164793,4.049668225242904,0.1640353545690342,31.404035354569032,-18.946818848161335
data/SYNTHETIC/03155.csv,19.662545523186765,8.86183369832247,10.800711824864296,6.9766491985291115,38.21664919852911,-18.554103675342347
data/SYNTHETIC/03156.csv,44.38426485424338,25.71172602974963,18.672538824493753,2.769675385168041,34.00967538516804,10.374589469075346
data/SYNTHETIC/03157.csv,50.62002841692299,28.319312560351783,22.30071585657121,3.93105324379009,35.17105324379009,15.4489751731329
data/SYNTHETIC/03158.csv,22.325413600360772,11.986905186183588,10.338508414177184,3.067208898527116,34.307208898527115,-11.981795298166343
data/SYNTHETIC/03159.csv,47.191002275516865,29.332707801456348,17.858294474060514,1.5214886867182937,32.761488686718295,14.42951358879857
data/SYNTHETIC/03160.csv,2.906810040572246,2.066222490566179,0.8405875500060669,0.0051845825529146725,31.245184582552913,-28.338374541980667
data/SYNTHETIC/03161.csv,68.22592458200641,42.59159656130858,25.63432802069784,1.5284863768512484,32.76848637685125,35.457438205155164
data/SYNTHETIC/03162.csv,0.40564586891635857,0.3409852881466611,0.06466058076969745,0.0001014316056554714,31.240101431605655,-30.834455562689296
data/SYNTHETIC/03163.csv,219.7892247475214,155.19330455859352,64.59592018892786,54.939019480379415,86.17901948037941,133.61020526714196
data/SYNTHETIC/03164.csv,40.12526986287126,20.99531730034,19.129952562531255,20.963258753497577,52.20325875349758,-12.077988890626322
data/SYNTHETIC/03165.csv,35.60270230870256,21.221710178256888,14.380992130445675,0.8904197083775435,32.130419708377545,3.4722826003250162
data/SYNTHETIC/03166.csv,329.078681329774,206.84088285261154,122.23779847716243,54.88948756723623,86.12948756723623,242.94919376253776
data/SYNTHETIC/03167.csv,64.98102812168524,28.27297693509548,36.70805118658976,21.89401040135695,53.134010401356946,11.847017720328296
data/SYNTHETIC/03168.csv,58.164368365284275,32.82939488518688,25.3349734800974,5.065682421119472,36.30568242111947,21.858685944164804
data/SYNTHETIC/03169.csv,1.3431893761595868,0.8187202210275962,0.5244691551319904,0.050819048455503356,31.290819048455504,-29.947629672295918
data/SYNTHETIC/03170.csv,16.21179976211495,10.70367621506665,5.508123547048301,1.015560344377482,32.25556034437748,-16.04376058226253
data/SYNTHETIC/03171.csv,68.30254435949439,35.869276012679066,32.43326834681533,27.22494940783824,58.46494940783823,9.837594951656158
data/SYNTHETIC/03172.csv,64.26846170983652,34.2659522326969,30.002509477139615,1.2004350472272534,32.440435047227254,31.82802666260926
data/SYNTHETIC/03173.csv,108.02655455573779,76.13321403253104,31.893340523206753,17.59798249249386,48.83798249249386,59.18857206324393
data/SYNTHETIC/03174.csv,32.99076375362529,19.263561939850995,13.727201813774293,1.0305225350714717,32.27052253507147,0.7202412185538165
data/SYNTHETIC/03175.csv,25.77850033637889,16.690096483749194,9.088403852629698,1.1987969619586405,32.43879696195864,-6.660296625579747
data/SYNTHETIC/03176.csv,16.708868054371006,11.368383050058958,5.340485004312049,0.6174355948879128,31.85743559488791,-15.148567540516904
data/SYNTHETIC/03177.csv,57.08482463520764,32.13781463972843,24.94700999547921,1.378254889325797,32.6182548893258,24.46656974588184
data/SYNTHETIC/03178.csv,23.31742551242933,13.271087129878175,10.046338382551156,8.794942626522962,40.03494262652296,-16.71751711409363
data/SYNTHETIC/03179.csv,74.2128254575796,40.285179244086855,33.92764621349274,5.194108099691833,36.434108099691834,37.778717357887764
data/SYNTHETIC/03180.csv,63.92143543635204,34.35239133400187,29.569044102350173,0.8586457546162208,32.09864575461622,31.82278968173582
data/SYNTHETIC/03181.csv,86.55979453190128,40.02812474096706,46.531669790934224,38.511805604308066,69.75180560430806,16.807988927593215
data/SYNTHETIC/03182.csv,33.54590376764398,10.632109811923012,22.91379395572097,20.320605106142548,51.560605106142546,-18.01470133849857
data/SYNTHETIC/03183.csv,45.041318786308125,25.59045815625319,19.45086063005493,11.473320493631991,42.71332049363199,2.327998292676135
data/SYNTHETIC/03184.csv,62.01276917945064,38.009324695944066,24.003444483506577,5.234812591231186,36.474812591231185,25.53795658821946
data/SYNTHETIC/03185.csv,21.534499220338944,14.903197436957749,6.631301783381195,0.9690444948749743,32.20904449487497,-10.67454527453603
data/SYNTHETIC/03186.csv,3.8880406395737888,2.3194228468274245,1.5686177927463643,0.09203598096741578,31.332035980967415,-27.443995341393627
data/SYNTHETIC/03187.csv,42.16102396013398,24.12311676171314,18.037907198420843,1.7630857823470298,33.00308578234703,9.157938177786953
data/SYNTHETIC/03188.csv,46.29335870124642,27.156221629740774,19.13713707150565,3.650055447579325,34.89005544757932,11.403303253667097
data/SYNTHETIC/03189.csv,51.06128726808845,25.87000396747925,25.1912833006092,13.868659483389823,45.10865948338982,5.9526277846986275
data/SYNTHETIC/03190.csv,54.78231073569745,30.47232720261601,24.309983533081443,2.260087227742729,33.500087227742725,21.282223507954726
data/SYNTHETIC/03191.csv,58.20083307817188,34.757780294669324,23.44305278350256,0.9741302145466186,32.214130214546614,25.98670286362527
data/SYNTHETIC/03192.csv,37.68843240768623,23.511001364848845,14.177431042837382,1.8174666443012986,33.0574666443013,4.630965763384928
data/SYNTHETIC/03193.csv,46.95151059568972,23.27136901603159,23.68014157965813,28.959085486079488,60.19908548607948,-13.247574890389764
data/SYNTHETIC/03194.csv,74.52680410250156,36.116024288976455,38.4107798135251,2.2515739330081597,33.491573933008155,41.0352301694934
data/SYNTHETIC/03195.csv,37.8084695131284,18.65217375102428,19.156295762104122,2.718299852621416,33.958299852621415,3.8501696605069853
data/SYNTHETIC/03196.csv,108.07655998724888,55.074042446695316,53.002517540553576,29.284490596072196,60.5244905960722,47.55206939117669
data/SYNTHETIC/03197.csv,52.018591675761336,26.731514922160006,25.28707675360133,15.14910676720612,46.389106767206115,5.62948490855522
data/SYNTHETIC/03198.csv,16.76162249643278,11.507351599813646,5.254270896619132,2.781137471728685,34.021137471728686,-17.259514975295907
data/SYNTHETIC/03199.csv,42.74072161786495,23.776012761745154,18.964708856119795,2.284202383712626,33.52420238371263,9.216519234152322
data/SYNTHETIC/03200.csv,11.75845996351024,7.979408242970141,3.7790517205400995,2.530718294681444,33.770718294681444,-22.012258331171203
data/SYNTHETIC/03201.csv,45.08983744955086,23.342328784009247,21.747508665541616,5.854189061428462,37.09418906142846,7.9956483881224045
data/SYNTHETIC/03202.csv,19.543011049144837,11.501150670454308,8.041860378690528,4.065550045551007,35.30555004555101,-15.762538996406171
data/SYNTHETIC/03203.csv,38.023188003014965,23.505690202055472,14.517497800959495,14.041792623724003,45.281792623724,-7.258604620709036
data/SYNTHETIC/03204.csv,56.11900921376453,39.26894083244632,16.850068381318213,13.037462456891301,44.2774624568913,11.841546756873228
data/SYNTHETIC/03205.csv,37.82404371191287,17.400879533987677,20.423164177925194,10.82421401898316,42.06421401898316,-4.2401703070702865
data/SYNTHETIC/03206.csv,57.33329890541538,35.80372034543093,21.52957855998445,0.7924803626049257,32.03248036260492,25.30081854281046
data/SYNTHETIC/03207.csv,107.7353203767056,63.986450395193216,43.74886998151239,12.354429036108922,43.59442903610892,64.14089134059668
data/SYNTHETIC/03208.csv,30.318479139247497,18.11918290069791,12.199296238549586,0.7135705854650164,31.953570585465016,-1.635091446217519
data/SYNTHETIC/03209.csv,49.53620665458534,33.236950627971936,16.299256026613406,5.502154054188074,36.74215405418807,12.794052600397272
data/SYNTHETIC/03210.csv,45.834933684325094,29.272245661983327,16.562688022341764,8.138401058137392,39.37840105813739,6.456532626187702
data/SYNTHETIC/03211.csv,40.49692149838614,25.730360719647088,14.766560778739057,0.451600482345083,31.69160048234508,8.805321016041063
data/SYNTHETIC/03212.csv,45.65063493662509,27.114601782645153,18.536033153979936,2.7502325244187515,33.99023252441875,11.660402412206338
data/SYNTHETIC/03213.csv,61.17243787450019,35.830279885428396,25.342157989071794,3.2837251601605453,34.523725160160545,26.648712714339645
data/SYNTHETIC/03214.csv,78.04857457257182,37.10645276372924,40.942121808842586,32.938285709718244,64.17828570971824,13.870288862853585
data/SYNTHETIC/03215.csv,59.1600992384698,33.77004452290191,25.39005471556789,6.546644689270223,37.78664468927022,21.37345454919958
data/SYNTHETIC/03216.csv,42.36991887908829,24.490070878104543,17.87984800098375,0.8995992414094576,32.13959924140946,10.230319637678832
data/SYNTHETIC/03217.csv,52.86102026905853,34.85664077918496,18.00437948987357,7.1242035185351344,38.364203518535135,14.496816750523394
data/SYNTHETIC/03218.csv,45.1550037913545,22.701018409995825,22.45398538135868,8.522180108903104,39.7621801089031,5.3928236824514
data/SYNTHETIC/03219.csv,35.85516531606981,18.327358254832173,17.527807061237635,2.848480909116003,34.088480909116,1.7666844069538072
data/SYNTHETIC/03220.csv,47.515382663368335,26.507878422191062,21.007504241177273,6.764002265873254,38.004002265873254,9.511380397495081
data/SYNTHETIC/03221.csv,61.85067718480047,35.47873957606308,26.37193760873739,35.5035787068591,66.7435787068591,-4.892901522058629
data/SYNTHETIC/03222.csv,74.55545311475312,37.02597306875575,37.529480045997374,3.8135546661476525,35.05355466614765,39.50189844860547
data/SYNTHETIC/03223.csv,49.77767215297642,39.50861399221853,10.269058160757892,8.577906254323196,39.81790625432319,9.959765898653231
data/SYNTHETIC/03224.csv,11.231610573953287,6.616760976056731,4.614849597896555,2.982467988065719,34.222467988065716,-22.99085741411243
data/SYNTHETIC/03225.csv,88.69160312381803,55.906293837256584,32.78530928656144,3.3400563837593533,34.58005638375935,54.11154674005868
data/SYNTHETIC/03226.csv,57.979173466795714,28.826830884961318,29.152342581834397,8.287277714381016,39.527277714381015,18.4518957524147
data/SYNTHETIC/03227.csv,54.57527740442208,29.762378243131852,24.81289916129023,26.48642547272943,57.72642547272943,-3.15114806830735
data/SYNTHETIC/03228.csv,45.5312722495906,21.64517474599939,23.886097503591213,5.818436043838924,37.058436043838924,8.472836205751676
data/SYNTHETIC/03229.csv,20.75029052934042,13.268821850653945,7.4814686786864755,0.5426597718303869,31.782659771830385,-11.032369242489967
data/SYNTHETIC/03230.csv,74.0337024106834,48.842419110074225,25.191283300609175,1.5207496903511397,32.76074969035114,41.27295272033226
data/SYNTHETIC/03231.csv,45.55969481268221,25.045526854414472,20.51416795826774,2.035776436377172,33.27577643637717,12.283918376305039
data/SYNTHETIC/03232.csv,53.49414055372797,24.205292301379803,29.28884825234817,2.0167220314268315,33.25672203142683,20.23741852230114
data/SYNTHETIC/03233.csv,68.75963768379397,41.6668543412907,27.092783342503264,13.310049924430405,44.550049924430404,24.209587759363565
data/SYNTHETIC/03234.csv,31.077816666756277,19.56344361710051,11.514373049655765,4.42287256846971,35.66287256846971,-4.585055901713432
data/SYNTHETIC/03235.csv,10.06857866730952,5.257352490779069,4.811226176530451,1.7195618976891474,32.95956189768915,-22.89098323037963
data/SYNTHETIC/03236.csv,10.125612743963945,6.650705236673907,3.474907507290038,0.44037617602082224,31.680376176020822,-21.554763432056877
data/SYNTHETIC/03237.csv,46.53670292263051,30.110520570802557,16.426182351827954,0.6191885007494122,31.85918850074941,14.6775144218811
data/SYNTHETIC/03238.csv,74.42414407967482,47.302622701273926,27.1215213784009,2.0601187374390104,33.30011873743901,41.12402534223581
data/SYNTHETIC/03239.csv,18.849729405773427,13.688857125821649,5.1608722799517786,0.8758511501914938,32.11585115019149,-13.266121744418061
data/SYNTHETIC/03240.csv,85.5173276911434,63.278877579017035,22.238450112126355,6.515295197626598,37.755295197626594,47.7620324935168
data/SYNTHETIC/03241.csv,90.1291795752045,53.58397725870139,36.545202316503115,7.8654839749433645,39.10548397494336,51.02369560026114
data/SYNTHETIC/03242.csv,57.38862404895619,28.063853251735953,29.324770797220236,12.101392418368402,43.3413924183684,14.047231630587788
data/SYNTHETIC/03243.csv,92.08902192387977,58.41522836081621,33.67379356306356,1.8171866888431647,33.05718668884316,59.03183523503661
data/SYNTHETIC/03244.csv,56.90101117082425,33.604043403134725,23.296967767689523,4.311504748621701,35.551504748621696,21.349506422202552
data/SYNTHETIC/03245.csv,11.920859909569604,6.903677809106037,5.0171821004635655,3.0276819607021195,34.26768196070212,-22.346822051132516
data/SYNTHETIC/03246.csv,7.163850418618047,4.689984495095918,2.4738659235221285,0.1545071308540485,31.39450713085405,-24.230656712236
data/SYNTHETIC/03247.csv,72.67598267515216,52.87787077800069,19.798111897151465,18.74240559903086,49.982405599030855,22.6935770761213
data/SYNTHETIC/03248.csv,49.265550337478984,30.293656972384763,18.97189336509422,5.83092323225354,37.07092323225354,12.194627105225443
data/SYNTHETIC/03249.csv,19.470801208175082,10.724858949992278,8.745942258182804,6.911744986076362,38.15174498607636,-18.680943777901277
data/SYNTHETIC/03250.csv,15.310093045877665,6.978457471885897,8.331635573991766,5.0061448371023705,36.24614483710237,-20.936051791224706
data/SYNTHETIC/03251.csv,9.801217711540223,7.940429887167818,1.8607878243724045,0.01382009715796182,31.25382009715796,-21.452602385617737
data/SYNTHETIC/03252.csv,11.097126253845126,8.12034470211424,2.976781551730886,0.1376489101485719,31.37764891014857,-20.280522656303443
data/SYNTHETIC/03253.csv,39.583005293314564,25.836644788941836,13.746360504372726,5.091491765508435,36.33149176550843,3.2515135278061322
data/SYNTHETIC/03254.csv,31.73114601465651,17.08193221583281,14.649213798823697,8.240172523895488,39.48017252389549,-7.7490265092389805
data/SYNTHETIC/03255.csv,15.960353606042172,9.961288612409131,5.999064993633041,0.5091181031116356,31.749118103111634,-15.788764497069462
data/SYNTHETIC/03256.csv,36.01181614829993,20.81418483109622,15.197631317203705,0.6020617110221534,31.84206171102215,4.169754437277778
data/SYNTHETIC/03257.csv,46.672778167006456,28.766586966449857,17.906191200556602,11.775173804120957,43.015173804120955,3.6576043628855004
data/SYNTHETIC/03258.csv,40.630602885566674,25.174329245284177,15.456273640282497,0.5380354723767633,31.77803547237676,8.852567413189913
data/SYNTHETIC/03259.csv,90.64535973009012,50.23010191270434,40.415257817385786,11.563084744138155,42.803084744138154,47.84227498595197
data/SYNTHETIC/03260.csv,50.17396112449207,27.044631899538786,23.129329224953278,1.8920004599028686,33.13200045990287,17.041960664589197
data/SYNTHETIC/03261.csv,50.91836527259816,26.076728075410283,24.841637197187875,17.964918225180188,49.20491822518019,1.7134470474179722
data/SYNTHETIC/03262.csv,37.77569715036236,21.88835297161521,15.887344178747151,2.2033411707256634,33.44334117072566,4.332355979636702
data/SYNTHETIC/03263.csv,44.50746028838281,27.425092783558636,17.082367504824173,18.74516300521962,49.98516300521962,-5.477702716836809
data/SYNTHETIC/03264.csv,70.9431501714962,42.19553492855364,28.747615242942555,4.250286265702318,35.490286265702316,35.45286390579388
data/SYNTHETIC/03265.csv,61.7719742054512,33.364425720630784,28.407548484820417,1.698128137833467,32.938128137833466,28.833846067617735
data/SYNTHETIC/03266.csv,52.06885042738884,30.544061540053946,21.52478888733489,4.01462893080805,35.254628930808046,16.814221496580792
data/SYNTHETIC/03267.csv,32.126777623748964,13.023168260790538,19.103609362958423,21.873929815214606,53.113929815214604,-20.98715219146564
data/SYNTHETIC/03268.csv,43.85692683878621,25.73041069634768,18.12651614243853,6.569130885241602,37.8091308852416,6.0477959535446075
data/SYNTHETIC/03269.csv,7.102568698291262,4.09704911066273,3.005519587628532,0.7897576611097367,32.029757661109734,-24.927188962818473
data/SYNTHETIC/03270.csv,30.4625428149425,19.35768677682816,11.104856038114338,0.7331437030604172,31.973143703060416,-1.5106008881179172
data/SYNTHETIC/03271.csv,29.743684978812745,17.113318201798506,12.630366777014238,0.9542422121796903,32.19424221217969,-2.4505572333669434
data/SYNTHETIC/03272.csv,30.764020899301315,18.878448219301,11.885572680000314,2.770069145512825,34.01006914551282,-3.246048246211508
data/SYNTHETIC/03273.csv,65.74692572003556,31.876755578338056,33.870170141697514,18.88065716376872,50.12065716376872,15.626268556266844
data/SYNTHETIC/03274.csv,57.72430276057393,29.83643375823586,27.887869002338068,10.983678610721885,42.22367861072188,15.500624149852044
data/SYNTHETIC/03275.csv,34.59199319785091,17.16237442593022,17.42961877192069,10.182038940032827,41.42203894003283,-6.830045742181916
data/SYNTHETIC/03276.csv,72.83693139734106,37.37898477229875,35.45794662504231,26.353688133993053,57.593688133993055,15.243243263348006
data/SYNTHETIC/03277.csv,98.03691338558068,45.26908980485788,52.767823580722805,12.26337938202257,43.50337938202257,54.5335340035581
data/SYNTHETIC/03278.csv,59.816152667541644,33.386738987008975,26.429413680532665,1.4207284831955382,32.660728483195534,27.15542418434611
data/SYNTHETIC/03279.csv,67.69435249807896,28.442985134547726,39.25136736353122,22.06965008568681,53.30965008568681,14.384702412392144
data/SYNTHETIC/03280.csv,38.01690254810177,16.990239616326036,21.02666293177573,23.93016653142177,55.17016653142177,-17.153263983320002
data/SYNTHETIC/03281.csv,63.13716338918774,41.47826366766385,21.658899721523888,20.711621136919337,51.951621136919336,11.185542252268405
data/SYNTHETIC/03282.csv,35.21658820198294,19.7986319428973,15.417956259085638,1.7003161252160952,32.94031612521609,2.276272076766844
data/SYNTHETIC/03283.csv,65.46740265467922,40.32641091689088,25.140991737788337,6.203462561651199,37.443462561651195,28.023940093028024
data/SYNTHETIC/03284.csv,49.554496573405345,27.332810315552614,22.22168625785273,7.038342091893649,38.27834209189365,11.276154481511696
data/SYNTHETIC/03285.csv,26.09491171216313,9.079599624433468,17.015312087729665,16.93530354671494,48.17530354671494,-22.08039183455181
data/SYNTHETIC/03286.csv,27.11699289662041,14.48902095593096,12.627971940689452,2.46279647670622,33.70279647670622,-6.585803580085809
data/SYNTHETIC/03287.csv,47.13762524240218,27.140741930292013,19.996883312110167,1.0940244622131892,32.334024462213186,14.803600780188994
data/SYNTHETIC/03288.csv,28.416653385465317,16.16946042041964,12.247192965045677,6.370183107825984,37.61018310782598,-9.193529722360665
data/SYNTHETIC/03289.csv,46.12790756386852,27.35239077740822,18.775516786460297,0.9813249930249093,32.22132499302491,13.90658257084361
data/SYNTHETIC/03290.csv,49.773976768106955,31.369659611991217,18.404317156115738,1.0105596388344251,32.250559638834424,17.52341712927253
data/SYNTHETIC/03291.csv,61.31841888527288,46.6931534496972,14.625265435575674,9.670882986524106,40.9108829865241,20.407535898748776
data/SYNTHETIC/03292.csv,21.55098407306082,13.446857949925406,8.104126123135416,0.36166178758951983,31.601661787589517,-10.050677714528696
data/SYNTHETIC/03293.csv,17.77004672885238,10.872918113417985,6.8971286154343945,0.1968264088346944,31.436826408834694,-13.666779679982316
data/SYNTHETIC/03294.csv,10.28251879247572,7.291368222796011,2.9911505696797085,0.1304391709655864,31.370439170965586,-21.087920378489866
data/SYNTHETIC/03295.csv,43.936348511124024,22.04514966609423,21.891198845029795,4.15600773421146,35.39600773421146,8.540340776912565
data/SYNTHETIC/03296.csv,3.4511996456933374,2.227438283718693,1.2237613619746446,0.03602160203564725,31.276021602035645,-27.82482195634231
data/SYNTHETIC/03297.csv,53.24808071255447,30.710276059827702,22.537804652726766,1.5415462221374354,32.781546222137436,20.466534490417033
data/SYNTHETIC/03298.csv,53.73477503469604,26.907818524245986,26.82695651045006,3.303983530030406,34.5439835300304,19.19079150466564
data/SYNTHETIC/03299.csv,50.51378562187884,29.343432510614885,21.17035311126395,2.4777479787329444,33.717747978732945,16.796037643145894
data/SYNTHETIC/03300.csv,16.881116531755502,10.743151031283851,6.137965500471652,2.6507522582103027,33.8907522582103,-17.009635726454796
data/SYNTHETIC/03301.csv,37.791280196174725,19.38696304005897,18.404317156115756,7.968790201220602,39.2087902012206,-1.4175100050458767
data/SYNTHETIC/03302.csv,29.71230950189056,19.562993157372834,10.149316344517723,1.996416183589794,33.236416183589796,-3.5241066816992372
data/SYNTHETIC/03303.csv,57.47412012161304,31.791895374419134,25.68222474719391,2.176819016645014,33.416819016645015,24.057301104968026
data/SYNTHETIC/03304.csv,56.29842127195516,29.373276472188152,26.925144799767015,24.269827070003615,55.50982707000361,0.7885942019515539
data/SYNTHETIC/03305.csv,31.12563981593281,18.413848603875245,12.711791212057566,3.4009443548554597,34.640944354855456,-3.5153045389226456
data/SYNTHETIC/03306.csv,49.906175883147455,24.003626194071575,25.902549689075876,4.789658031983851,36.02965803198385,13.876517851163605
data/SYNTHETIC/03307.csv,27.788191415318106,17.844830994733503,9.943360420584604,3.403923218865769,34.643923218865766,-6.855731803547659
data/SYNTHETIC/03308.csv,53.83852778458312,32.85018223400426,20.988345550578867,7.5965960090997955,38.83659600909979,15.001931775483328
data/SYNTHETIC/03309.csv,36.30458606508681,20.594459774375128,15.710126290711685,1.1962668949246456,32.43626689492464,3.8683191701621666
data/SYNTHETIC/03310.csv,52.766694707183106,33.22961996943522,19.537074737747886,3.8996896025962697,35.13968960259627,17.627005104586836
data/SYNTHETIC/03311.csv,20.58240672751179,12.183715736425532,8.398690991086259,0.6426884916623067,31.882688491662304,-11.300281764150515
data/SYNTHETIC/03312.csv,55.06960758717127,32.203710357946406,22.865897229224863,1.1079367863956022,32.3479367863956,22.72167080077567
data/SYNTHETIC/03313.csv,67.72327308286751,39.33009361599588,28.393179466871622,7.368293160265216,38.60829316026521,29.114979922602295
data/SYNTHETIC/03314.csv,72.87573725085628,43.3019034758565,29.57383377499977,0.8996410728477978,32.139641072847795,40.73609617800848
data/SYNTHETIC/03315.csv,50.04614284291833,27.79571854916789,22.250424293750434,2.6266079656348493,33.86660796563485,16.17953487728348
data/SYNTHETIC/03316.csv,30.415652723937633,14.31756294860777,16.098089775329864,1.6253478695544883,32.86534786955448,-2.4496951456168503
data/SYNTHETIC/03317.csv,63.517035729224844,36.206322281164475,27.310713448060365,1.8762710711267485,33.11627107112675,30.400764658098097
data/SYNTHETIC/03318.csv,8.983183242844184,5.656755587691971,3.3264276551522136,0.17295983358460681,31.412959833584605,-22.42977659074042
data/SYNTHETIC/03319.csv,44.3023159954808,26.89664558680816,17.405670408672634,3.0223670519793187,34.26236705197932,10.039948943501479
data/SYNTHETIC/03320.csv,23.689799081076806,14.833694351953037,8.856104729123768,6.738615117661644,37.97861511766164,-14.288816036584834
data/SYNTHETIC/03321.csv,50.98564176389115,30.449920278700194,20.535721485190958,1.1616670284674537,32.40166702846745,18.583974735423702
data/SYNTHETIC/03322.csv,20.66581381068176,14.113541626019085,6.552272184662676,0.8434455164429155,32.083445516442914,-11.417631705761153
data/SYNTHETIC/03323.csv,51.61312845835705,27.02773874792318,24.58538971043387,4.4295372487661915,35.66953724876619,15.943591209590863
data/SYNTHETIC/03324.csv,20.45124924247649,12.76861431250651,7.682634929969979,1.0024105333084754,32.24241053330847,-11.791161290831983
data/SYNTHETIC/03325.csv,34.86029595509865,18.391006549424212,16.469289405674434,3.3524832293456335,34.59248322934563,0.26781272575301784
data/SYNTHETIC/03326.csv,48.73737091823066,32.27766085785545,16.45971006037521,1.1418555160435535,32.38185551604355,16.35551540218711
data/SYNTHETIC/03327.csv,16.715609121102734,11.389493134739507,5.326115986363228,5.297540769808046,36.53754076980805,-19.821931648705313
data/SYNTHETIC/03328.csv,59.7041183172817,36.30177775130083,23.402340565980868,0.5226555281199075,31.762655528119907,27.94146278916179
data/SYNTHETIC/03329.csv,37.55952734509523,20.874702670188487,16.684824674906746,1.8440744798787017,33.0840744798787,4.475452865216532
data/SYNTHETIC/03330.csv,42.17469927195198,27.23810511415187,14.936594157800112,1.6880652548791442,32.928065254879144,9.246634017072836
data/SYNTHETIC/03331.csv,61.10866821792064,29.185500008288468,31.923168209632173,23.79199825622657,55.03199825622657,6.076669961694066
data/SYNTHETIC/03332.csv,62.4012373557852,34.498999335498304,27.902238020286894,2.630622896565542,33.87062289656554,28.530614459219656
data/SYNTHETIC/03333.csv,56.68615116961628,26.35075944332892,30.33539172628736,15.230605004042884,46.47060500404288,10.2155461655734
data/SYNTHETIC/03334.csv,28.21154773654207,16.12241396893345,12.089133767608619,0.9054693369945117,32.14546933699451,-3.9339216004524395
data/SYNTHETIC/03335.csv,65.84872607001262,30.13213712189152,35.71658894812109,10.199750762467746,41.439750762467746,24.40897530754487
data/SYNTHETIC/03336.csv,64.32669454437152,32.37718313516651,31.949511409205016,7.277399991662882,38.517399991662884,25.809294552708636
data/SYNTHETIC/03337.csv,7.096527198311855,4.464602077352684,2.6319251209591705,0.47775907814065777,31.717759078140656,-24.6212318798288
data/SYNTHETIC/03338.csv,27.76895721678971,15.878594864139789,11.890362352649921,0.4970841321688521,31.73708413216885,-3.968126915379141
data/SYNTHETIC/03339.csv,26.670770399093307,17.25666880629029,9.414101592803018,2.4438734959726123,33.68387349597261,-7.0131030968793056
data/SYNTHETIC/03340.csv,39.02720660354075,23.48471885556532,15.542487747975429,1.4896856871154351,32.729685687115435,6.297520916425313
data/SYNTHETIC/03341.csv,71.32174925234459,31.725525458041602,39.596223794302986,4.435852559227653,35.67585255922765,35.64589669311694
data/SYNTHETIC/03342.csv,59.420960999609186,30.79308757290682,28.627873426702365,9.316799184378988,40.55679918437899,18.864161815230197
data/SYNTHETIC/03343.csv,38.2415929788983,22.93379919075362,15.307793788144677,2.217301182811657,33.457301182811655,4.784291796086642
data/SYNTHETIC/03344.csv,56.108462885697,27.2794232077111,28.8290396779859,19.064603819287935,50.304603819287934,5.803859066409068
data/SYNTHETIC/03345.csv,29.69778088837688,21.995987267808463,7.701793620568417,4.624890690357893,35.86489069035789,-6.1671098019810096
data/SYNTHETIC/03346.csv,14.533324897035968,9.049149713235701,5.484175183800266,0.6106431192213848,31.850643119221385,-17.317318222185417
data/SYNTHETIC/03347.csv,45.70197684132529,27.642516115981213,18.059460725344078,5.689054813343499,36.9290548133435,8.772922027981792
data/SYNTHETIC/03348.csv,27.02433269014853,14.49694387510085,12.52738881504768,1.2442938360646563,32.48429383606465,-5.459961145916122
data/SYNTHETIC/03349.csv,13.618491133070822,10.49801940185172,3.120471731219103,0.03501901090328315,31.275019010903282,-17.65652787783246
data/SYNTHETIC/03350.csv,46.845136356450716,23.900209528507247,22.94492682794347,9.753250946357939,40.99325094635794,5.851885410092777
data/SYNTHETIC/03351.csv,21.80831297916594,11.852978376957331,9.95533460220861,2.5741718888943117,33.81417188889431,-12.005858909728367
data/SYNTHETIC/03352.csv,34.5382383149113,21.26126573020007,13.276972584711224,13.925340098894136,45.165340098894134,-10.627101783982837
data/SYNTHETIC/03353.csv,44.087956257460846,26.392510653486973,17.69544560397387,1.3302759884466624,32.57027598844666,11.517680269014186
data/SYNTHETIC/03354.csv,49.99574894422401,32.786455114185244,17.209293830038767,7.087371482730666,38.32737148273066,11.66837746149335
data/SYNTHETIC/03355.csv,18.735940292831025,10.406699555164073,8.329240737666952,0.503062031721664,31.743062031721664,-13.007121738890639
data/SYNTHETIC/03356.csv,55.68497919693331,29.547735548026665,26.137243648906644,8.985734260227263,40.22573426022726,15.45924493670605
data/SYNTHETIC/03357.csv,37.43191446060367,21.364957557496254,16.066956903107418,1.2494653012597647,32.48946530125976,4.942449159343909
data/SYNTHETIC/03358.csv,26.589334255889597,14.682208048966034,11.907126206923563,8.976755850685755,40.21675585068576,-13.62742159479616
data/SYNTHETIC/03359.csv,27.077992188375326,15.453456667778603,11.624535520596721,3.9124090418962276,35.15240904189623,-8.074416853520901
data/SYNTHETIC/03360.csv,59.20485619157172,29.252638277252927,29.952217914318798,18.051042595703834,49.29104259570383,9.913813595867893
data/SYNTHETIC/03361.csv,37.0493750143028,20.457948956063372,16.591426058239428,5.303526648944824,36.54352664894482,0.5058483653579771
data/SYNTHETIC/03362.csv,49.88615969379537,28.260787680818776,21.625372012976595,1.6048893390525554,32.84488933905256,17.041270354742814
data/SYNTHETIC/03363.csv,38.626815388337285,19.65971169589268,18.967103692444606,15.799253451115074,47.03925345111507,-8.412438062777788
data/SYNTHETIC/03364.csv,46.66653693511773,26.87800438326551,19.78853255185222,1.2847735729825045,32.524773572982504,14.14176336213523
data/SYNTHETIC/03365.csv,47.029098765793805,24.95349752375412,22.07560124203968,3.7191875069676,34.959187506967595,12.06991125882621
data/SYNTHETIC/03366.csv,5.871440258292578,3.5484490232330765,2.3229912350595017,0.42696732529098663,31.666967325290987,-25.79552706699841
data/SYNTHETIC/03367.csv,36.038262345653735,17.571679445093096,18.466582900560642,5.305479578978414,36.545479578978416,-0.5072172333246812
data/SYNTHETIC/03368.csv,28.03533785428219,15.146328754189156,12.889009100093032,4.6766082064402665,35.916608206440266,-7.881270352158076
data/SYNTHETIC/03369.csv,60.382123586008206,39.39856770807895,20.983555877929252,12.300339775096017,43.540339775096015,16.84178381091219
data/SYNTHETIC/03370.csv,50.70730529207265,28.727497503025106,21.979807789047545,7.054439133308102,38.2944391333081,12.412866158764544
data/SYNTHETIC/03371.csv,35.997031377407694,19.867808729855373,16.12922264755232,3.633288271745038,34.87328827174504,1.1237431056626548
data/SYNTHETIC/03372.csv,48.57799385603592,24.016552508850065,24.561441347185855,7.364828447473546,38.604828447473544,9.973165408562373
data/SYNTHETIC/03373.csv,158.72908693048612,73.69802838200899,85.03105854847712,71.99782276111996,103.23782276111996,55.49126416936616
data/SYNTHETIC/03374.csv,33.653262018576406,20.642116265918396,13.01114575265801,1.485626828017589,32.72562682801759,0.9276351905588172
data/SYNTHETIC/03375.csv,28.850566065219958,17.089524874109433,11.761041191110527,2.8022113646739317,34.04221136467393,-5.191645299453974
data/SYNTHETIC/03376.csv,45.80733210038311,20.84834792327988,24.95898417710323,5.37446785799557,36.61446785799557,9.192864242387536
data/SYNTHETIC/03377.csv,41.030936279614096,25.521976240185907,15.508960039428189,3.300208253810349,34.54020825381035,6.490728025803747
data/SYNTHETIC/03378.csv,26.01408783140834,16.6430932924518,9.37099453895654,3.427686309560026,34.667686309560025,-8.653598478151686
data/SYNTHETIC/03379.csv,6.094839592512212,3.7335309762558526,2.3613086162563595,0.14572885963512777,31.385728859635126,-25.290889267122914
data/SYNTHETIC/03380.csv,36.58545027865914,18.518805044340663,18.06664523431847,1.3194772809595074,32.559477280959506,4.025972997699633
data/SYNTHETIC/03381.csv,49.61466628957934,28.16651216463818,21.44815412494116,10.23052559804,41.47052559804,8.144140691539342
data/SYNTHETIC/03382.csv,41.50963375794021,23.64175993858047,17.86787381935974,1.8326437006597185,33.07264370065972,8.43699005728049
data/SYNTHETIC/03383.csv,34.652149927669065,20.541774301926186,14.11037562574288,3.201331855436889,34.441331855436886,0.21081807223217908
data/SYNTHETIC/03384.csv,32.05898860016268,17.249320767577153,14.809667832585523,1.9992789766172236,33.23927897661722,-1.1802903764545434
data/SYNTHETIC/03385.csv,104.29940200359232,54.781371315628014,49.51803068796431,57.959980558353024,89.19998055835302,15.099421445239301
data/SYNTHETIC/03386.csv,37.28229523147069,21.423689088621188,15.858606142849505,3.217523591716083,34.45752359171608,2.8247716397546085
data/SYNTHETIC/03387.csv,46.697579516598644,24.981203723279503,21.71637579331914,1.3439573192779357,32.583957319277935,14.113622197320709
data/SYNTHETIC/03388.csv,29.535916927135442,16.860048259949938,12.675868667185505,0.61252187454882,31.852521874548817,-2.3166049474133743
data/SYNTHETIC/03389.csv,44.21064519755046,26.627756900842343,17.582888296708116,2.5308140665403114,33.77081406654031,10.439831131010152
data/SYNTHETIC/03390.csv,69.81906660589075,35.024489642819084,34.79457696307167,10.691974529570942,41.93197452957094,27.887092076319817
data/SYNTHETIC/03391.csv,38.90452655048839,24.468453184572205,14.436073365916185,22.857816415017453,54.09781641501745,-15.193289864529056
data/SYNTHETIC/03392.csv,57.84077506135785,30.913235425266034,26.92753963609182,12.463237807777093,43.70323780777709,14.13753725358076
data/SYNTHETIC/03393.csv,65.88914445816903,32.299170166473566,33.58997429169547,2.311222813762091,33.55122281376209,32.33792164440694
data/SYNTHETIC/03394.csv,77.25812722803737,45.75884504789548,31.49928218014189,7.126366953432385,38.36636695343238,38.891760274604984
data/SYNTHETIC/03395.csv,42.4818573966231,19.77641420116005,22.705443195463047,19.024712948020323,50.26471294802032,-7.782855551397219
data/SYNTHETIC/03396.csv,23.906737084803815,16.04688426679837,7.859852818005446,0.5386500805517439,31.778650080551742,-7.871912995747927
data/SYNTHETIC/03397.csv,87.70917438781626,45.80432837640263,41.904846011413625,28.733883572701494,59.973883572701496,27.735290815114766
data/SYNTHETIC/03398.csv,28.87979340738829,17.243283705167556,11.636509702220737,2.1622502003365933,33.40225020033659,-4.522456792948297
data/SYNTHETIC/03399.csv,29.16109878434785,11.372254563706605,17.788844220641245,10.628174941592222,41.86817494159222,-12.707076157244373
data/SYNTHETIC/03400.csv,12.050295067939302,6.843920897816255,5.2063741701230475,1.6312329075926912,32.87123290759269,-20.82093783965339
data/SYNTHETIC/03401.csv,12.322074242682195,7.0223014558918075,5.299772786790388,2.3044512357218445,33.544451235721844,-21.22237699303965
data/SYNTHETIC/03402.csv,16.938228188759695,10.244660660933594,6.693567527826103,1.1596526663223772,32.399652666322375,-15.46142447756268
data/SYNTHETIC/03403.csv,65.14856016747171,39.332224586088806,25.81633558138291,3.1128790980095697,34.352879098009566,30.795681069462148
data/SYNTHETIC/03404.csv,55.046104784832295,27.25881890813598,27.787285876696316,3.3570592139790376,34.59705921397904,20.449045570853258
data/SYNTHETIC/03405.csv,8.260540032870907,5.334050043960897,2.926489988910011,0.4120092294669804,31.65200922946698,-23.391469196596073
data/SYNTHETIC/03406.csv,60.015690603882256,29.83835807503194,30.177332528850314,14.94064868319169,46.18064868319169,13.835041920690564
data/SYNTHETIC/03407.csv,27.678227984696868,17.758815927360306,9.919412057336563,5.1793470486330015,36.419347048633,-8.741119063936132
data/SYNTHETIC/03408.csv,10.105077197435987,6.931919067071204,3.173158130364783,0.2022807066238723,31.44228070662387,-21.33720350918788
data/SYNTHETIC/03409.csv,18.780763290517307,11.898003693031729,6.882759597485576,1.20601845222014,32.44601845222014,-13.66525516170283
data/SYNTHETIC/03410.csv,44.03198108693402,25.816856000477763,18.215125086456254,0.8567258419698526,32.09672584196985,11.935255244964168
data/SYNTHETIC/03411.csv,68.18989010197372,42.13167605178564,26.058214050188074,1.2323292053025876,32.472329205302586,35.71756089667113
data/SYNTHETIC/03412.csv,16.2548591978878,10.116893697416147,6.137965500471652,0.3117767685734054,31.551776768573404,-15.296917570685604
data/SYNTHETIC/03413.csv,85.80339619089935,46.59513588121457,39.208260309684775,30.03947630556476,61.279476305564756,24.523919885334593
data/SYNTHETIC/03414.csv,49.257752951820336,27.649144793117365,21.608608158702967,0.8723844828280366,32.112384482828034,17.145368468992302
data/SYNTHETIC/03415.csv,55.842211442243034,37.32054730621191,18.521664136031127,1.194973954853185,32.434973954853184,23.40723748738985
data/SYNTHETIC/03416.csv,7.368164705628375,4.187822066289182,3.180342639339194,0.2533017149313957,31.493301714931395,-24.125137009303018
data/SYNTHETIC/03417.csv,25.479924663857602,15.893394855668754,9.58652980818885,2.1540330810812165,33.39403308108122,-7.914108417223616
data/SYNTHETIC/03418.csv,62.605606368831815,38.50636843233309,24.09923793649872,0.8942074863155737,32.134207486315574,30.47139888251624
data/SYNTHETIC/03419.csv,40.9223700138151,23.016178813258513,17.906191200556588,0.6130737435420062,31.853073743542005,9.069296270273092
data/SYNTHETIC/03420.csv,31.748699527654587,15.554816299332566,16.19388322832202,8.328041380766543,39.568041380766545,-7.819341853111958
data/SYNTHETIC/03421.csv,53.67578397867922,27.88339676054431,25.792387218134905,3.315518333423567,34.555518333423564,19.120265645255657
data/SYNTHETIC/03422.csv,39.78087184785951,24.693403001596767,15.08746884626274,1.106473197322269,32.34647319732227,7.43439865053724
data/SYNTHETIC/03423.csv,70.78031873238464,39.43430607703018,31.34601265535447,3.288919561182343,34.52891956118234,36.2513991712023
data/SYNTHETIC/03424.csv,56.04783023952088,32.975977086362846,23.071853153158028,4.238589613172781,35.47858961317278,20.569240626348098
data/SYNTHETIC/03425.csv,71.54724676710703,31.54869047023705,39.99855629686998,18.800088114514068,50.04008811451406,21.507158652592963
data/SYNTHETIC/03426.csv,22.331255793801525,13.175796524077327,9.155459269724199,1.2466522698742881,32.486652269874284,-10.15539647607276
data/SYNTHETIC/03427.csv,41.66973856739391,23.557591442904176,18.112147124489734,22.639168259086468,53.87916825908647,-12.209429691692563
data/SYNTHETIC/03428.csv,8.049362001265616,5.19950677474932,2.849855226516295,1.0332421757018329,32.27324217570183,-24.223880174436218
data/SYNTHETIC/03429.csv,40.71404594520064,25.066185398933854,15.647860546266786,2.634375464836463,33.87437546483646,6.839670480364177
data/SYNTHETIC/03430.csv,44.895345831586184,25.947400829739976,18.947945001846207,2.226269927969005,33.466269927969,11.429075903617182
data/SYNTHETIC/03431.csv,13.368883745679053,8.17927342982963,5.189610315849422,1.098746814191593,32.338746814191595,-18.96986306851254
data/SYNTHETIC/03432.csv,51.430058545323554,30.662037936626625,20.76802060869693,7.225305918756984,38.46530591875698,12.964752626566572
data/SYNTHETIC/03433.csv,7.33632442653912,4.23740622224325,3.0989182042958707,0.1809137099197807,31.42091370991978,-24.08458928338066
data/SYNTHETIC/03434.csv,64.51851584105809,36.43187542376132,28.086640417296767,2.432324776638432,33.67232477663843,30.846191064419656
data/SYNTHETIC/03435.csv,45.418307421908516,22.36321812302417,23.055089298884347,1.1238621549117482,32.36386215491174,13.054445266996773
data/SYNTHETIC/03436.csv,43.43835505458131,26.423042966851646,17.01531208772966,6.802558298331811,38.04255829833181,5.395796756249496
data/SYNTHETIC/03437.csv,60.011879771162114,30.97209449659355,29.03978527456857,1.182835927245527,32.42283592724552,27.589043843916592
data/SYNTHETIC/03438.csv,65.79203864909528,39.71706074463356,26.07497790446171,2.541983118210228,33.78198311821023,32.01005553088505
data/SYNTHETIC/03439.csv,47.95758537515886,29.577216582291154,18.380368792867706,2.5464128022205665,33.78641280222057,14.17117257293829
data/SYNTHETIC/03440.csv,4.398636896910097,2.7485946691204095,1.6500422277896873,0.01935737651465918,31.259357376514657,-26.86072047960456
data/SYNTHETIC/03441.csv,9.872960197548476,6.03164273256348,3.841317464984996,3.203866749041477,34.443866749041476,-24.570906551493
data/SYNTHETIC/03442.csv,73.05493203112668,37.87957609241123,35.175355938715455,20.614782651086813,51.85478265108681,21.200149380039875
data/SYNTHETIC/03443.csv,6.982781346882006,5.14115221310803,1.8416291337739759,0.6942162998792314,31.93421629987923,-24.95143495299722
data/SYNTHETIC/03444.csv,6.16785083066989,3.5359257097107224,2.631925120959167,0.4022322175965652,31.642232217596565,-25.474381386926673
data/SYNTHETIC/03445.csv,55.975315839626454,41.23509826046023,14.740217579166229,8.113938409659626,39.35393840965963,16.621377429966827
data/SYNTHETIC/03446.csv,78.59640951167708,40.99747921226033,37.59893029941674,27.23072842008652,58.470728420086516,20.125681091590565
data/SYNTHETIC/03447.csv,23.5728942742521,15.535823568211187,8.037070706040913,2.428147382737799,33.6681473827378,-10.0952531084857
data/SYNTHETIC/03448.csv,17.97573172757364,13.921273829681127,4.05445789789251,0.34106322098926334,31.58106322098926,-13.605331493415623
data/SYNTHETIC/03449.csv,64.18054794872566,35.18759369848857,28.992954250237084,23.17852078080762,54.41852078080762,9.762027167918042
data/SYNTHETIC/03450.csv,25.32580811670437,12.578094359774736,12.747713756929633,9.284416242580562,40.52441624258056,-15.198608125876188
data/SYNTHETIC/03451.csv,43.65120946078571,21.92046464951775,21.730744811267954,1.7941042119425097,33.034104211942505,10.617105248843203
data/SYNTHETIC/03452.csv,55.05060006085433,30.484369041018887,24.566231019835442,2.813866426262424,34.053866426262424,20.996733634591905
data/SYNTHETIC/03453.csv,28.298970085422802,15.841031523794397,12.457938561628405,1.513353130453273,32.75335313045327,-4.454383045030468
data/SYNTHETIC/03454.csv,70.22703475788228,40.626857783309504,29.60017697457277,1.9995716785706938,33.23957167857069,36.98746307931159
data/SYNTHETIC/03455.csv,58.081101363052284,27.027258739323834,31.05384262372845,22.159827980534008,53.399827980534006,4.6812733825182775
data/SYNTHETIC/03456.csv,39.57869147699164,20.546927203777287,19.031764273214346,1.723774954278087,32.96377495427809,6.61491652271355
data/SYNTHETIC/03457.csv,17.745456627407684,10.146640968805832,7.598815658601852,2.4468182996711305,33.68681829967113,-15.941361672263447
data/SYNTHETIC/03458.csv,89.64889675833159,41.436051867385245,48.21284489094634,44.32007118026209,75.56007118026209,14.088825578069503
data/SYNTHETIC/03459.csv,123.50757602209302,88.25116684796458,35.256409174128436,3.9957393938229964,35.235739393822996,88.27183662827002
data/SYNTHETIC/03460.csv,23.940935271035364,14.99143192524427,8.949503345791095,2.071013291915557,33.31101329191556,-9.370078020880193
data/SYNTHETIC/03461.csv,37.3964093348566,17.931179686852804,19.465229648003792,2.5833181068181656,33.823318106818164,3.573091228038436
data/SYNTHETIC/03462.csv,15.08566610349514,10.28880894491351,4.79685715858163,0.04055934242498395,31.280559342424983,-16.194893238929843
data/SYNTHETIC/03463.csv,61.18815441970971,33.90138933489738,27.28676508481233,2.7667415862610127,34.006741586261015,27.181412833448697
data/SYNTHETIC/03464.csv,40.04211520139323,27.052522975658448,12.989592225734786,7.827218066561475,39.06721806656147,0.9748971348317568
data/SYNTHETIC/03465.csv,59.52341910808566,33.53465531131688,25.988763796768776,6.004295763800766,37.244295763800764,22.279123344284898
data/SYNTHETIC/03466.csv,56.24487056002263,26.5991916952787,29.645678864743935,19.431260267678052,50.67126026767805,5.573610292344583
data/SYNTHETIC/03467.csv,10.487611272984527,6.4666810836392665,4.02093018934526,0.37464363942951545,31.614643639429513,-21.127032366444986
data/SYNTHETIC/03468.csv,73.21120054621379,51.71036002212694,21.500840524086847,4.014749429785577,35.254749429785576,37.95645111642821
data/SYNTHETIC/03469.csv,21.688861953011052,13.723636336714224,7.965225616296828,4.015818867202131,35.25581886720213,-13.566956914191078
data/SYNTHETIC/03470.csv,46.288819573008716,26.873881487825855,19.41493808518286,2.963820435744764,34.20382043574476,12.084999137263956
data/SYNTHETIC/03471.csv,94.99669188626842,46.61620845258587,48.380483433682556,3.1945652227562853,34.434565222756284,60.56212666351214
data/SYNTHETIC/03472.csv,35.45430808602648,20.94159995771661,14.512708128309873,1.4423870812715684,32.682387081271564,2.7719210047549154
data/SYNTHETIC/03473.csv,16.366483118821197,8.269541504660188,8.09694161416101,6.328159374315816,37.56815937431581,-21.201676255494615
data/SYNTHETIC/03474.csv,48.13033703198667,24.88366082711802,23.246676204868653,0.9705017230469587,32.21050172304696,15.91983530893971
data/SYNTHETIC/03475.csv,56.0942858279535,33.36489426924243,22.729391558711068,3.76829989959698,35.00829989959698,21.08598592835652
data/SYNTHETIC/03476.csv,9.221036252221058,5.667099146212502,3.553937106008557,0.45598300210715115,31.69598300210715,-22.47494674988609
data/SYNTHETIC/03477.csv,40.84189773824626,20.22714665433673,20.61475108390953,7.219228051402397,38.4592280514024,2.3826696868438617
data/SYNTHETIC/03478.csv,55.43565852331871,32.73261016418048,22.703048359138233,13.594062524938856,44.83406252493886,10.60159599837985
data/SYNTHETIC/03479.csv,54.88177631636983,27.73151690207129,27.15025941429854,8.186925913250256,39.42692591325026,15.454850403119572
data/SYNTHETIC/03480.csv,49.336432323130765,28.12776183067,21.208670492460765,0.5940569176033883,31.834056917603387,17.502375405527378
data/SYNTHETIC/03481.csv,105.21855187084347,73.52049827574285,31.69805359510062,15.717351315908108,46.957351315908106,58.261200554935364
data/SYNTHETIC/03482.csv,75.13456534342606,39.856231442744026,35.27833390068203,8.915036190395421,40.15503619039542,34.97952915303064
data/SYNTHETIC/03483.csv,9.149246615932178,4.675692361199035,4.473554254733143,0.8417711690494385,32.08177116904944,-22.93252455311726
data/SYNTHETIC/03484.csv,40.453324636218284,22.1591699510435,18.29415468517479,2.0313637574814987,33.271363757481495,7.181960878736788
data/SYNTHETIC/03485.csv,10.524237475984801,7.044540296045157,3.479697179939644,0.0059891892585480985,31.245989189258548,-20.721751713273747
data/SYNTHETIC/03486.csv,62.19336611647854,32.83746244703589,29.355903669442657,3.754194122313804,34.9941941223138,27.199171994164743
data/SYNTHETIC/03487.csv,4.664330439506138,2.944837958297146,1.7194924812089916,0.5620301295099974,31.802030129509994,-27.137699690003856
data/SYNTHETIC/03488.csv,1.1759825543211981,0.8215467782502638,0.35443577607093424,0.013998967199343477,31.25399896719934,-30.078016412878142
data/SYNTHETIC/03489.csv,32.752724686167625,18.02448128862542,14.728243397542206,7.37651469877134,38.61651469877134,-5.863790012603715
data/SYNTHETIC/03490.csv,27.995188533872003,15.05828270728291,12.936905826589095,3.012044343247962,34.25204434324796,-6.256855809375956
data/SYNTHETIC/03491.csv,32.517542877046914,20.35416918336938,12.163373693677535,7.52937448918836,38.76937448918836,-6.251831612141444
data/SYNTHETIC/03492.csv,33.3275073221765,22.28731186483186,11.040195457344641,3.2752514176469685,34.515251417646965,-1.187744095470464
data/SYNTHETIC/03493.csv,20.150339177006842,13.660332736789044,6.4900064402177975,0.6364975544622021,31.8764975544622,-11.72615837745536
data/SYNTHETIC/03494.csv,52.067801051196255,31.74043032626321,20.327370724933044,10.200736652115065,41.44073665211506,10.627064399081192
data/SYNTHETIC/03495.csv,35.1343492126539,20.49471475912937,14.639634453524533,1.7490692604725604,32.98906926047256,2.1452799521813404
data/SYNTHETIC/03496.csv,39.45286530663467,23.47451734754499,15.978347959089682,1.3965249819459518,32.63652498194595,6.816340324688717
data/SYNTHETIC/03497.csv,47.69386906819986,28.81776915609779,18.876099912102067,2.137773901084577,33.37777390108457,14.316095167115286
data/SYNTHETIC/03498.csv,31.512484103232584,19.28684466511016,12.225639438122425,0.8904986868107307,32.13049868681073,-0.6180145835781481
data/SYNTHETIC/03499.csv,47.98627265095587,28.595282929021014,19.390989721934854,1.70692799844502,32.94692799844502,15.039344652510849
data/SYNTHETIC/03500.csv,56.71704451217819,33.51587019748082,23.201174314697372,6.083389413705907,37.323389413705904,19.393655098472287
data/SYNTHETIC/03501.csv,33.18367590676645,18.70449548700383,14.479180419762622,1.80576156457257,33.045761564572565,0.13791434219388776
data/SYNTHETIC/03502.csv,40.92599951588963,22.308541926866372,18.61745758902326,2.9562608815085962,34.19626088150859,6.729738634381036
data/SYNTHETIC/03503.csv,77.62529649769026,42.87382658846505,34.75146990922521,7.923385889702499,39.1633858897025,38.46191060798776
data/SYNTHETIC/03504.csv,59.41780572517763,29.985267293341224,29.432538431836402,21.03496156119289,52.27496156119289,7.142844163984741
data/SYNTHETIC/03505.csv,58.4185165760518,36.76440652717757,21.654110048874234,3.4626361816738083,34.70263618167381,23.71588039437799
data/SYNTHETIC/03506.csv,1.853175520333251,1.2305180758843126,0.6226574444489384,0.03538648263498811,31.275386482634985,-29.422210962301733
data/SYNTHETIC/03507.csv,45.473033038030096,25.052263696429723,20.420769341600376,1.5460507335018379,32.78605073350184,12.686982304528257
data/SYNTHETIC/03508.csv,31.0774457471682,17.788498980832944,13.288946766335252,4.208447401844996,35.448447401844994,-4.371001654676796
data/SYNTHETIC/03509.csv,7.467865682085125,5.197560846171303,2.270304835913822,0.8557286681421994,32.0957286681422,-24.627862986057075
data/SYNTHETIC/03510.csv,57.002260528664245,32.03848667891141,24.963773849752833,1.6999106608640107,32.93991066086401,24.062349867800236
data/SYNTHETIC/03511.csv,54.34222947889934,31.701446864206012,22.640782614693325,1.042737724167774,32.282737724167774,22.059491754731567
data/SYNTHETIC/03512.csv,42.47517143991978,25.66581527612324,16.809356163796537,0.8712897451943645,32.11128974519436,10.363881694725414
data/SYNTHETIC/03513.csv,10.20230447726943,6.578917117841568,3.6233873594278614,0.31950294751522157,31.55950294751522,-21.35719847024579
data/SYNTHETIC/03514.csv,14.492423827100627,9.266890966379151,5.225532860721476,0.03134391091647528,31.271343910916475,-16.778920083815848
data/SYNTHETIC/03515.csv,14.114684490684212,8.826885885517841,5.28779860516637,0.7845990204219184,32.02459902042192,-17.909914529737705
data/SYNTHETIC/03516.csv,64.90536667720676,33.877867253051186,31.027499424155565,6.7892475877362255,38.02924758773622,26.876119089470535
data/SYNTHETIC/03517.csv,148.26593833710882,89.85588037514867,58.410057961960135,48.16307921456302,79.40307921456302,68.8628591225458
data/SYNTHETIC/03518.csv,20.425308699340203,9.811394107810596,10.613914591529607,4.428462446232805,35.6684624462328,-15.243153746892599
data/SYNTHETIC/03519.csv,56.12276472169955,29.04435039714509,27.078414324554462,24.292136456491555,55.53213645649156,0.5906282652079966
data/SYNTHETIC/03520.csv,72.2673497070501,38.631873525183366,33.63547618186674,5.801290280927239,37.041290280927235,35.226059426122866
data/SYNTHETIC/03521.csv,63.18368004343411,37.077569266749954,26.106110776684154,5.789475930249743,37.029475930249745,26.154204113184363
data/SYNTHETIC/03522.csv,34.80618838110925,20.695812755366386,14.110375625742865,3.2963753416133414,34.536375341613336,0.26981303949591506
data/SYNTHETIC/03523.csv,90.26991584160834,44.18368560708762,46.08623023452071,29.69390449616828,60.93390449616828,29.336011345440056
data/SYNTHETIC/03524.csv,10.55700227659046,6.227138201345533,4.3298640752449264,0.5215135895652967,31.761513589565297,-21.204511312974837
data/SYNTHETIC/03525.csv,16.901262450823843,10.617211934539172,6.284050516284672,0.38986569351284217,31.62986569351284,-14.728603242688997
data/SYNTHETIC/03526.csv,46.93870524742814,24.159022125896186,22.779683121531953,5.709686156260176,36.94968615626017,9.989019091167968
data/SYNTHETIC/03527.csv,44.527434845637856,25.866870202768126,18.660564642869726,1.7759746546065904,33.01597465460659,11.511460191031269
data/SYNTHETIC/03528.csv,27.623737383253584,15.67350412248355,11.950233260770032,4.257734173883318,35.497734173883316,-7.873996790629732
data/SYNTHETIC/03529.csv,20.86157653985323,11.842622940642826,9.018953599210402,3.7037354492700216,34.94373544927002,-14.082158909416794
data/SYNTHETIC/03530.csv,54.96378994019529,31.32436057805886,23.63942936213643,1.2890543738986568,32.52905437389865,22.434735566296638
data/SYNTHETIC/03531.csv,63.42891759932634,34.16641254655103,29.262505052775307,3.761302776312547,35.00130277631254,28.427614823013798
data/SYNTHETIC/03532.csv,20.87466035442973,12.195773513341447,8.678886841088282,0.8970184947549892,32.13701849475499,-11.262358140325262
data/SYNTHETIC/03533.csv,58.31202933802478,31.703002933131874,26.609026404892905,0.4364917148677894,31.676491714867787,26.635537623156992
data/SYNTHETIC/03534.csv,28.540530218156185,17.29916850952804,11.241361708628142,5.640600537983724,36.880600537983725,-8.34007031982754
data/SYNTHETIC/03535.csv,81.88531641755078,47.01170985576062,34.87360656179016,3.8886648156140264,35.12866481561402,46.75665160193676
data/SYNTHETIC/03536.csv,48.54611845877372,26.860875537677032,21.68524292109669,7.631786935513893,38.87178693551389,9.67433152325983
data/SYNTHETIC/03537.csv,22.34429158972383,15.818362604633995,6.525928985089835,0.7250479931086041,31.965047993108602,-9.620756403384771
data/SYNTHETIC/03538.csv,45.14741290013636,26.23539044316221,18.91202245697415,2.2497488973164175,33.48974889731642,11.657664002819942
data/SYNTHETIC/03539.csv,63.37040124431236,27.438277026958968,35.9321242173534,24.2494648211663,55.489464821166294,7.880936423146068
data/SYNTHETIC/03540.csv,7.373026344052745,5.327836122670462,2.045190221382283,0.8671326956037229,32.107132695603724,-24.734106351550977
data/SYNTHETIC/03541.csv,8.849285293545993,5.42466934907683,3.4246159444691617,0.2740557728712938,31.51405577287129,-22.6647704793253
data/SYNTHETIC/03542.csv,63.14096501289138,34.917818925080844,28.223146087810534,0.4882926779311936,31.728292677931194,31.412672334960185
data/SYNTHETIC/03543.csv,49.075717717517804,20.48137199936268,28.59434571815513,25.715843749741556,56.955843749741554,-7.88012603222375
data/SYNTHETIC/03544.csv,24.1163240687056,16.119965580186346,7.996358488519255,3.7250907014069807,34.96509070140698,-10.848766632701377
data/SYNTHETIC/03545.csv,65.38631170292604,33.89900370440814,31.487307998517906,14.155718797260365,45.395718797260365,19.99059290566567
data/SYNTHETIC/03546.csv,60.585426992005274,28.224003734934065,32.36142325707121,11.757968646414183,42.99796864641418,17.587458345591095
data/SYNTHETIC/03547.csv,71.73218504826728,45.01060133610858,26.721583712158708,14.441443466445449,45.681443466445444,26.05074158182184
data/SYNTHETIC/03548.csv,49.82509718596762,29.821029364883067,20.004067821084558,2.8797319348330603,34.119731934833055,15.705365251134566
data/SYNTHETIC/03549.csv,25.999097671937832,15.028352468012491,10.970745203925341,2.2641328708484614,33.50413287084846,-7.505035198910626
data/SYNTHETIC/03550.csv,82.47786488019284,43.90423619658108,38.57362868361176,6.42982192597096,37.66982192597096,44.80804295422188
data/SYNTHETIC/03551.csv,47.814314816449134,29.455499550504666,18.358815265944468,0.4674475300286976,31.707447530028695,16.10686728642044
data/SYNTHETIC/03552.csv,15.656260790399521,9.745804740784214,5.910456049615307,0.29098052547470027,31.5309805254747,-15.874719735075178
data/SYNTHETIC/03553.csv,55.78350751557532,32.2853734966023,23.498134018973023,3.1090566631755787,34.349056663175574,21.43445085239975
data/SYNTHETIC/03554.csv,41.45677278714864,26.88658858704348,14.57018420010516,1.3825007378548704,32.62250073785487,8.834272049293766
data/SYNTHETIC/03555.csv,35.77501948442964,18.187341515071903,17.58767796935774,12.983280738650057,44.223280738650054,-8.448261254220412
data/SYNTHETIC/03556.csv,29.284938541430904,15.928936358001176,13.35600218342973,0.6879360375234511,31.927936037523448,-2.642997496092544
data/SYNTHETIC/03557.csv,31.43214333400573,17.49419592364872,13.937947410357006,7.0043618569871455,38.24436185698714,-6.812218522981411
data/SYNTHETIC/03558.csv,18.606357408409348,12.343860419047909,6.2624969893614395,0.12775881453237622,31.367758814532376,-12.761401406123028
data/SYNTHETIC/03559.csv,9.712061313903122,7.573472475853499,2.1385888380496234,0.5426006789085712,31.78260067890857,-22.070539365005445
data/SYNTHETIC/03560.csv,60.63121754285865,32.82237813923908,27.808839403619572,2.7767711816702554,34.01677118167025,26.6144463611884
data/SYNTHETIC/03561.csv,44.43147246701359,27.18865092842757,17.24282153858602,3.953400761216331,35.19340076121633,9.23807170579726
data/SYNTHETIC/03562.csv,70.3353109378049,31.009703648204766,39.32560728960014,31.173150378935013,62.413150378935015,7.922160558869891
data/SYNTHETIC/03563.csv,7.880823506450271,6.120618807719618,1.7602046987306532,0.00459408865767203,31.24459408865767,-23.3637705822074
data/SYNTHETIC/03564.csv,49.348327131467244,29.796883375770523,19.55144375569672,1.8492422231853471,33.089242223185344,16.2590849082819
data/SYNTHETIC/03565.csv,42.49456657876054,24.777567447863444,17.7169991308971,4.704426576474556,35.944426576474555,6.5501400022859855
data/SYNTHETIC/03566.csv,28.290594883465694,16.85764626885326,11.432948614612434,0.48388371692343046,31.723883716923428,-3.433288833457734
data/SYNTHETIC/03567.csv,50.09001583543907,32.140717581036014,17.949298254403054,5.866276269951017,37.10627626995102,12.983739565488051
data/SYNTHETIC/03568.csv,81.6976702403638,46.46004855720349,35.23762168316031,2.088473715712212,33.328473715712214,48.36919652465159
data/SYNTHETIC/03569.csv,62.38135867984576,35.825018674098516,26.55634000574724,4.28438424169971,35.52438424169971,26.856974438146054
data/SYNTHETIC/03570.csv,38.94093091124176,23.90135879147508,15.039572119766678,5.338863350616128,36.578863350616125,2.3620675606256327
data/SYNTHETIC/03571.csv,59.47768964800807,33.39073756192234,26.08695208608572,1.3406753517932983,32.580675351793296,26.89701429621477
data/SYNTHETIC/03572.csv,112.71470349853841,66.19500788922824,46.519695609310176,12.144064259666425,43.384064259666424,69.33063923887198
data/SYNTHETIC/03573.csv,34.12338917008974,20.348290629819363,13.77509854027037,5.0560193803492535,36.29601938034925,-2.1726302102595128
data/SYNTHETIC/03574.csv,37.81446477669036,21.402651442811187,16.41181333387917,3.0539339581892424,34.29393395818924,3.520530818501115
data/SYNTHETIC/03575.csv,45.28871360778467,27.799223927743906,17.48948968004077,6.517247095168965,37.757247095168964,7.531466512615708
data/SYNTHETIC/03576.csv,69.92090601222282,41.09606927198698,28.824836740235842,6.935431961454606,38.175431961454606,31.74547405076821
data/SYNTHETIC/03577.csv,7.734480274546915,4.527794435634881,3.206685838912033,0.9661461881167799,32.206146188116776,-24.47166591356986
data/SYNTHETIC/03578.csv,46.15784182747508,24.657001303388274,21.500840524086804,6.185704699600753,37.42570469960075,8.732137127874331
data/SYNTHETIC/03579.csv,37.95205624918829,18.41019183879082,19.541864410397473,12.2193811944612,43.4593811944612,-5.507324945272913
data/SYNTHETIC/03580.csv,13.199564206503428,8.61584748082932,4.583716725674109,0.5814471778961192,31.82144717789612,-18.62188297139269
data/SYNTHETIC/03581.csv,26.107351388562893,16.061013006011738,10.046338382551156,3.805053836136736,35.04505383613673,-8.937702447573837
data/SYNTHETIC/03582.csv,36.38662763500116,18.856425737438723,17.530201897562435,6.815547474712017,38.055547474712014,-1.6689198397108527
data/SYNTHETIC/03583.csv,51.644631095591976,29.17148702363489,22.473144071957083,4.322476019961298,35.562476019961295,16.08215507563068
data/SYNTHETIC/03584.csv,79.78883939002293,35.16106447730763,44.627774912715296,20.983161910316582,52.22316191031658,27.565677479706352
data/SYNTHETIC/03585.csv,149.61431240610125,80.61010922647274,69.0042031796285,50.442812851670745,81.68281285167075,67.9314995544305
data/SYNTHETIC/03586.csv,41.47756793366302,17.984223587339596,23.493344346323422,12.932575705375681,44.17257570537568,-2.6950077717126604
data/SYNTHETIC/03587.csv,33.34519890657466,21.047714378708125,12.297484527866533,1.4687868515572917,32.70878685155729,0.6364120550173666
data/SYNTHETIC/03588.csv,39.40810178692398,19.648307270969376,19.759794515954603,2.918643577574322,34.158643577574324,5.249458209349655
data/SYNTHETIC/03589.csv,69.46261730752192,43.552883109471665,25.909734198050256,3.0824678034414594,34.322467803441455,35.14014950408047
data/SYNTHETIC/03590.csv,59.50632057664515,40.35481448719065,19.151506089454497,18.744734615622068,49.98473461562207,9.521585961023085
data/SYNTHETIC/03591.csv,80.17312459561428,43.160929195774465,37.01219539983982,8.24035429625246,39.48035429625246,40.692770299361825
data/SYNTHETIC/03592.csv,6.905155685958591,3.6793111564481293,3.2258445295104616,1.475482357247141,32.71548235724714,-25.81032667128855
data/SYNTHETIC/03593.csv,47.35099678929031,26.805695958800147,20.545300830490167,5.71284466213044,36.95284466213044,10.398152127159875
data/SYNTHETIC/03594.csv,31.671820394689377,17.487204842877585,14.184615551811794,1.3963405316510724,32.63634053165107,-0.9645201369616956
data/SYNTHETIC/03595.csv,43.93947035348181,24.07190820291105,19.867562150570762,5.291230354476269,36.531230354476264,7.408239999005545
data/SYNTHETIC/03596.csv,33.153025682602525,16.97351147222933,16.179514210373195,4.539568111124886,35.77956811112489,-2.626542428522363
data/SYNTHETIC/03597.csv,21.223147848938144,11.751570184339853,9.471577664598291,5.227018748195101,36.4670187481951,-15.243870899256958
data/SYNTHETIC/03598.csv,34.22778781699927,21.841694345115002,12.386093471884267,1.5944219276355747,32.834421927635574,1.393365889363693
data/SYNTHETIC/03599.csv,42.149424419051044,24.758123028327216,17.39130139072383,1.9821826200429742,33.22218262004297,8.927241799008073
data/SYNTHETIC/03600.csv,38.77049112768823,19.61180052925933,19.158690598428898,4.047828770891515,35.287828770891515,3.482662356796716
data/SYNTHETIC/03601.csv,42.041918737845045,25.67081762148756,16.371101116357483,12.672102109967112,43.91210210996711,-1.8701833721220638
data/SYNTHETIC/03602.csv,59.79841108989964,33.376181918341416,26.42222917155822,3.65242756442181,34.89242756442181,24.90598352547783
data/SYNTHETIC/03603.csv,34.85367398185439,19.96258171422553,14.891092267628864,8.487537973219407,39.727537973219405,-4.873863991365013
data/SYNTHETIC/03604.csv,79.22521840674742,52.268940734757955,26.956277671989465,5.381376632960665,36.62137663296066,42.603841773786755
data/SYNTHETIC/03605.csv,15.290548554717947,12.548460962817815,2.7420875919001326,0.42817882565146326,31.668178825651463,-16.377630270933516
data/SYNTHETIC/03606.csv,43.98738617606087,24.47665463788579,19.510731538175083,10.767771207352911,42.00777120735291,1.9796149687079634
data/SYNTHETIC/03607.csv,19.907160074213074,11.005553454918056,8.901606619295018,0.722088551254782,31.96208855125478,-12.054928477041706
data/SYNTHETIC/03608.csv,57.462398902747196,33.74633477821701,23.716064124530188,19.74832147218592,50.988321472185916,6.47407743056128
data/SYNTHETIC/03609.csv,35.3829587819192,19.308817369837357,16.074141412081843,8.681100536655826,39.92110053665583,-4.538141754736628
data/SYNTHETIC/03610.csv,62.26894512239254,29.43813394565984,32.830811176732695,5.8853879994529095,37.12538799945291,25.143557122939626
data/SYNTHETIC/03611.csv,49.44112422739555,29.63822265759446,19.802901569801087,2.423285972895794,33.66328597289579,15.777838254499756
data/SYNTHETIC/03612.csv,80.3046534925292,48.03902368845012,32.265629804079076,30.644477447932314,61.88447744793231,18.420176044596886
data/SYNTHETIC/03613.csv,19.069071993970624,10.849993727244632,8.219078266725992,3.141756211672078,34.38175621167208,-15.312684217701452
data/SYNTHETIC/03614.csv,31.284747886158502,17.622206653153896,13.662541233004607,3.220303132738735,34.46030313273873,-3.1755552465802275
data/SYNTHETIC/03615.csv,71.95066415992153,43.49282411228023,28.457840047641298,2.060496086435954,33.300496086435956,38.650168073485574
data/SYNTHETIC/03616.csv,41.10803738593148,24.547744199914508,16.560293186016974,2.1668476663996423,33.40684766639964,7.70118971953184
data/SYNTHETIC/03617.csv,57.03895560999737,29.246880060651463,27.792075549345913,10.977454003507845,42.21745400350784,14.821501606489534
data/SYNTHETIC/03618.csv,47.034310502926836,31.300235848967116,15.734074653959718,1.7461104245898391,32.98611042458984,14.048200078336997
data/SYNTHETIC/03619.csv,58.904187581002176,32.6855194970522,26.218668083949975,3.496222210591638,34.736222210591635,24.167965370410542
data/SYNTHETIC/03620.csv,37.86260890595729,21.240049975495428,16.622558930461857,1.079324500150283,32.31932450015028,5.543284405807007
data/SYNTHETIC/03621.csv,34.28576140254209,20.558559588767782,13.727201813774311,3.815871900959329,35.055871900959325,-0.7701104984172318
data/SYNTHETIC/03622.csv,1.141258863905088,0.8251404690310115,0.3161183948740765,0.00024175438494160765,31.24024175438494,-30.098982890479853
data/SYNTHETIC/03623.csv,69.45885230401709,36.58972374608752,32.869128557929564,6.341413657574017,37.58141365757402,31.877438646443068
data/SYNTHETIC/03624.csv,56.287362836577294,29.97050646331042,26.316856373266873,3.5146881129896537,34.754688112989655,21.53267472358764
data/SYNTHETIC/03625.csv,37.548102798213804,19.52695945406665,18.02114334414716,5.917022378053167,37.15702237805316,0.39108042016064104
data/SYNTHETIC/03626.csv,59.377099885505004,31.85564084086191,27.5214590446431,14.107525781400078,45.34752578140008,14.029574104104924
data/SYNTHETIC/03627.csv,29.679314361049173,19.204300276358175,10.475014084690997,9.416523346833532,40.65652334683353,-10.977208985784358
data/SYNTHETIC/03628.csv,48.57652216765659,24.161165836283725,24.415356331372863,6.944943380583364,38.18494338058336,10.391578787073229
data/SYNTHETIC/03629.csv,68.90611724221615,34.70545968769575,34.200657554520404,27.64415962253136,58.88415962253136,10.021957619684798
data/SYNTHETIC/03630.csv,70.64135369315397,36.68017977111397,33.961173922040004,2.222306956211445,33.46230695621144,37.17904673694253
data/SYNTHETIC/03631.csv,60.841391206515254,28.424886713973546,32.416504492541705,26.063047750654917,57.30304775065491,3.5383434558603426
data/SYNTHETIC/03632.csv,3.032448380723257,2.0409861422545625,0.9914622384686943,0.010712351161721825,31.25071235116172,-28.218263970438464
data/SYNTHETIC/03633.csv,29.51446947001539,15.279562355382714,14.234907114632675,2.9589018895709454,34.19890188957094,-4.684432419555552
data/SYNTHETIC/03634.csv,29.630350712889847,15.110458075605546,14.5198926372843,14.671624731838824,45.91162473183882,-16.281274018948974
data/SYNTHETIC/03635.csv,49.58435987696039,31.08424926785248,18.500110609107914,7.608699842683484,38.84869984268348,10.735660034276911
data/SYNTHETIC/03636.csv,46.97311232889258,25.718939946260527,21.254172382632056,4.6374841777415305,35.87748417774153,11.095628151151054
data/SYNTHETIC/03637.csv,31.407034961381683,17.885789071540497,13.521245889841188,4.7296092347520755,35.96960923475207,-4.562574273370387
data/SYNTHETIC/03638.csv,4.47657561598875,2.9941719309353156,1.4824036850534346,0.11156959624224762,31.351569596242246,-26.874993980253496
data/SYNTHETIC/03639.csv,64.10893351188506,36.082164002708396,28.026769509176653,3.5197243330457857,34.75972433304578,29.349209178839274
data/SYNTHETIC/03640.csv,78.48095896528214,41.43523585689502,37.04572310838712,3.5409587827102795,34.78095878271028,43.70000018257186
data/SYNTHETIC/03641.csv,30.46923404269971,19.323665787063714,11.145568255635999,1.2200758218718075,32.460075821871804,-1.9908417791720936
data/SYNTHETIC/03642.csv,34.08537035913099,18.37284923209447,15.712521127036517,3.4044654060599475,34.64446540605994,-0.5590950469289524
data/SYNTHETIC/03643.csv,35.36168779621377,22.048792666630497,13.312895129583275,1.8550335157688782,33.095033515768876,2.2666542804448966
data/SYNTHETIC/03644.csv,10.581125253648084,8.078521294228311,2.5026039594197727,0.012683938592815336,31.252683938592813,-20.671558684944728
data/SYNTHETIC/03645.csv,28.079714365668007,16.261197102762157,11.81851726290585,1.9877243845634938,33.227724384563494,-5.148010018895487
data/SYNTHETIC/03646.csv,90.78305761749338,50.65996983173371,40.12308778575967,1.1655254314007768,32.405525431400775,58.37753218609261
data/SYNTHETIC/03647.csv,55.70323278677028,30.076089275046836,25.627143511723443,7.979436047850029,39.219436047850024,16.483796738920255
data/SYNTHETIC/03648.csv,41.79353463890267,16.712413809234423,25.081120829668247,17.983495467995937,49.22349546799593,-7.429960829093261
data/SYNTHETIC/03649.csv,25.17408717983885,17.809965481067753,7.364121698771098,3.6827212649081655,34.92272126490816,-9.748634085069313
data/SYNTHETIC/03650.csv,43.20636931450219,24.203343077185547,19.003026237316643,1.4312782274526934,32.67127822745269,10.535091087049501
data/SYNTHETIC/03651.csv,45.600639560554015,21.554088023200944,24.046551537353068,13.23413540476826,44.47413540476826,1.126504155785753
data/SYNTHETIC/03652.csv,89.98294331541196,56.08882481046644,33.89411850494552,13.558727074360576,44.79872707436057,45.18421624105139
data/SYNTHETIC/03653.csv,16.27415856668952,10.399625061946265,5.874533504743253,0.46495714667540794,31.704957146675408,-15.43079857998589
data/SYNTHETIC/03654.csv,19.113886296991772,11.740185252921458,7.373701044070313,2.820293308295671,34.06029330829567,-14.946407011303897
data/SYNTHETIC/03655.csv,59.02449278416776,32.80821953654258,26.216273247625182,2.47651537476638,33.71651537476638,25.30797740940138
data/SYNTHETIC/03656.csv,51.819411173889485,29.334292920308393,22.485118253581092,2.809234759755204,34.0492347597552,17.770176414134284
data/SYNTHETIC/03657.csv,52.743767206663755,27.751255321013275,24.99251188565048,2.037285225077486,33.277285225077485,19.46648198158627
data/SYNTHETIC/03658.csv,22.164418977663686,13.672329369910086,8.492089607753599,0.9819978755783807,32.22199787557838,-10.057578897914695
data/SYNTHETIC/03659.csv,168.36402057943835,80.46634295017134,87.89767762926701,66.84047386833421,98.08047386833421,70.28354671110414
data/SYNTHETIC/03660.csv,21.118440054806413,14.736201249204795,6.38223880560162,0.9670888058638791,32.207088805863876,-11.088648751057463
data/SYNTHETIC/03661.csv,69.90808560798871,40.073214673585255,29.834870934403448,17.362954554173882,48.60295455417388,21.305131053814833
data/SYNTHETIC/03662.csv,42.545711809414456,23.16669626910365,19.37901554031081,1.5390913653987734,32.77909136539877,9.766620444015686
data/SYNTHETIC/03663.csv,12.055764033106527,5.841163770241162,6.214600262865366,1.7984175804740152,33.03841758047401,-20.982653547367484
data/SYNTHETIC/03664.csv,75.13148871492801,36.83566104499339,38.295827669934624,10.507499417413644,41.74749941741364,33.38398929751437
data/SYNTHETIC/03665.csv,62.705751198347755,39.952411276388666,22.753339921959093,7.080747289715747,38.32074728971575,24.385003908632008
data/SYNTHETIC/03666.csv,58.31875761451744,32.009085750224955,26.309671864292483,6.538907444052956,37.778907444052955,20.539850170464483
data/SYNTHETIC/03667.csv,38.17000518803046,24.291928685793536,13.878076502236924,13.713213885368507,44.953213885368505,-6.783208697338047
data/SYNTHETIC/03668.csv,88.86559470175669,50.24420100764668,38.62139369411001,11.089821357271681,42.32982135727168,46.53577334448501
data/SYNTHETIC/03669.csv,69.33342600559448,41.32581518701626,28.007610818578215,2.4047092453634775,33.64470924536347,35.688716760231
data/SYNTHETIC/03670.csv,61.48365013404832,30.48488874579037,30.998761388257947,3.458807222199384,34.698807222199385,26.784842911848934
data/SYNTHETIC/03671.csv,27.751694034887173,16.92224417412525,10.829449860761923,0.493737661045455,31.733737661045453,-3.98204362615828
data/SYNTHETIC/03672.csv,94.90423060866252,51.84028381604393,43.06394679261858,42.423332449484974,73.66333244948497,21.240898159177547
data/SYNTHETIC/03673.csv,21.20754834032083,12.265229503504143,8.942318836816687,3.627088221071252,34.86708822107125,-13.659539880750419
data/SYNTHETIC/03674.csv,36.10462378739408,21.096184539849848,15.008439247544237,4.461577851250664,35.70157785125066,0.4030459361434211
data/SYNTHETIC/03675.csv,10.202728450710822,6.042897754526949,4.159830696183874,3.1903553434810865,34.43035534348108,-24.22762689277026
data/SYNTHETIC/03676.csv,52.15252162838612,28.311926014966183,23.840595613419936,3.203578365773561,34.44357836577356,17.708943262612557
data/SYNTHETIC/03677.csv,60.04233544543443,38.82648044399925,21.215855001435177,0.9782208243748625,32.21822082437486,27.82411462105957
data/SYNTHETIC/03678.csv,31.729169613756696,17.17814410424995,14.551025509506745,0.5955503244052889,31.835550324405286,-0.10638071064859034
data/SYNTHETIC/03679.csv,22.142193036133158,14.073989457869796,8.068203578263361,0.40386569556915597,31.643865695569154,-9.501672659435997
data/SYNTHETIC/03680.csv,43.113855774536475,16.773051038021535,26.34080473651494,27.57010001408097,58.81010001408097,-15.696244239544498
data/SYNTHETIC/03681.csv,44.37489612741665,27.27336993199405,17.101526195422593,4.729783160054598,35.9697831600546,8.40511296736205
data/SYNTHETIC/03682.csv,61.25809172451812,36.66551750510982,24.5925742194083,4.892861880573985,36.132861880573984,25.125229843944133
data/SYNTHETIC/03683.csv,43.969054159136704,25.272566971394927,18.696487187741777,1.905024377676832,33.14502437767683,10.82402978145987
data/SYNTHETIC/03684.csv,49.78388147383427,34.50482572158723,15.279055752247036,2.8334105484611722,34.07341054846117,15.710470925373102
data/SYNTHETIC/03685.csv,50.71081588270542,32.92436649838901,17.78644938431641,1.0196088009474864,32.25960880094748,18.451207081757936
data/SYNTHETIC/03686.csv,59.78550444724125,32.278414420546994,27.507090026694257,1.7342112261244154,32.97421122612441,26.81129322111684
data/SYNTHETIC/03687.csv,5.202686597125291,2.7839019090736454,2.4187846880516455,0.3600237474568023,31.600023747456802,-26.39733715033151
data/SYNTHETIC/03688.csv,68.09907092617755,48.073449578169715,20.02562134800783,11.686424459014091,42.926424459014086,25.17264646716346
data/SYNTHETIC/03689.csv,40.241738504694645,23.504227430642217,16.737511074052428,2.4216417539330584,33.661641753933054,6.580096750761591
data/SYNTHETIC/03690.csv,0.4418094087058818,0.31248824716648693,0.1293211615393949,0.0004232486962639913,31.240423248696263,-30.79861383999038
data/SYNTHETIC/03691.csv,28.65308881429067,19.459312163369614,9.193776650921057,0.4931106825020725,31.733110682502073,-3.0800218682114036
data/SYNTHETIC/03692.csv,8.177251493595609,5.286684049557652,2.890567444037956,1.6705996261802107,32.91059962618021,-24.7333481325846
data/SYNTHETIC/03693.csv,66.37172496297211,41.32413184185113,25.047593121120983,8.20165182492553,39.44165182492553,26.93007313804658
data/SYNTHETIC/03694.csv,19.057958867646537,11.432800009471846,7.625158858174692,0.33622349341733637,31.576223493417334,-12.518264625770797
data/SYNTHETIC/03695.csv,15.427694454572112,9.902807053250184,5.524887401321927,1.3564263420474387,32.59642634204744,-17.168731887475325
data/SYNTHETIC/03696.csv,49.29894872132757,27.194609443390217,22.104339277937353,4.686203824547576,35.92620382454757,13.372744896779999
data/SYNTHETIC/03697.csv,46.440469111570515,26.63038303279506,19.810086078775456,2.2822982567523127,33.52229825675231,12.918170854818207
data/SYNTHETIC/03698.csv,41.65801703792998,24.532542479259373,17.12547455867061,11.878500392259667,43.11850039225966,-1.460483354329682
data/SYNTHETIC/03699.csv,30.481508021733596,13.887687127169372,16.593820894564224,4.465570617505469,35.705570617505465,-5.224062595771869
data/SYNTHETIC/03700.csv,36.89516855240753,21.831648069392813,15.063520483014722,3.9577736344647336,35.19777363446473,1.6973949179428018
data/SYNTHETIC/03701.csv,40.88843608744111,18.405712670184798,22.482723417256313,17.997808507676627,49.237808507676625,-8.349372420235518
data/SYNTHETIC/03702.csv,31.195204839481978,17.456028844083672,13.739175995398305,1.4803367755511123,32.72033677555111,-1.5251319360691333
data/SYNTHETIC/03703.csv,12.544787655174517,5.089662176060869,7.455125479113649,4.797544641247145,36.037544641247145,-23.492756986072628
data/SYNTHETIC/03704.csv,39.71920515261908,23.79833326532467,15.920871887294416,6.093098380573172,37.33309838057317,2.3861067720459133
data/SYNTHETIC/03705.csv,50.88625436488766,25.75723680872336,25.1290175561643,13.539119838918657,44.77911983891865,6.107134525969009
data/SYNTHETIC/03706.csv,80.44930411865921,39.97896506580296,40.470339052856254,18.02973504977414,49.26973504977414,31.179569068885073
data/SYNTHETIC/03707.csv,102.66947532426514,58.08001779274663,44.5894575315185,27.038417666195695,58.27841766619569,44.39105765806944
data/SYNTHETIC/03708.csv,44.014236338653056,28.294530702642135,15.719705636010922,13.977944100272715,45.21794410027272,-1.2037077616196612
data/SYNTHETIC/03709.csv,52.53235610677436,27.434471422832473,25.09788468394189,5.868521034863647,37.10852103486364,15.423835071910716
data/SYNTHETIC/03710.csv,37.67861440039407,20.07656741308749,17.602046987306583,2.151587183140447,33.391587183140444,4.287027217253623
data/SYNTHETIC/03711.csv,9.501986123328386,6.113292723731279,3.388693399597108,0.628089099954899,31.868089099954897,-22.36610297662651
data/SYNTHETIC/03712.csv,200.82759021536614,113.84864364538356,86.97894656998258,102.1783469094477,133.4183469094477,67.40924330591844
data/SYNTHETIC/03713.csv,42.017604272735994,28.57778281793813,13.439821454797867,7.320561994605162,38.56056199460516,3.457042278130835
data/SYNTHETIC/03714.csv,78.87243341928782,40.725085601491074,38.14734781779674,5.719660382285629,36.95966038228563,41.91277303700219
data/SYNTHETIC/03715.csv,48.08804800683197,28.270777419082098,19.817270587749867,1.7851541114764222,33.02515411147642,15.06289389535555
data/SYNTHETIC/03716.csv,13.48361394393871,9.414787028097372,4.0688269158413375,3.2962469433208343,34.53624694332083,-21.052632999382123
data/SYNTHETIC/03717.csv,51.290570154985225,29.483190581323527,21.8073795736617,27.959183711735996,59.199183711736,-7.9086135567507725
data/SYNTHETIC/03718.csv,33.468894505773015,16.56853456163394,16.900359944139076,3.663937002613916,34.903937002613915,-1.4350424968409001
data/SYNTHETIC/03719.csv,59.89381626804915,31.162964879380233,28.73085138866892,7.243028837794135,38.48302883779414,21.410787430255013
data/SYNTHETIC/03720.csv,62.430834716987604,34.059208777039245,28.371625939948363,2.465277730093774,33.70527773009377,28.725556986893835
data/SYNTHETIC/03721.csv,56.20754745261529,34.979718269556066,21.227829183059217,7.255850518565213,38.49585051856521,17.711696934050075
data/SYNTHETIC/03722.csv,29.45747191915871,18.477147369934162,10.980324549224548,1.0913555640983106,32.33135556409831,-2.8738836449395997
data/SYNTHETIC/03723.csv,45.019966209512035,22.673748462769545,22.346217746742486,4.092046250716978,35.33204625071698,9.687919958795057
data/SYNTHETIC/03724.csv,37.76887495681436,21.974929394734545,15.793945562079811,2.9180148778342883,34.15801487783429,3.6108600789800676
data/SYNTHETIC/03725.csv,51.96850983819945,28.046489789736157,23.922020048463292,5.585843557697055,36.825843557697056,15.142666280502397
data/SYNTHETIC/03726.csv,51.31815756948505,28.198407689830983,23.119749879654066,9.669803909097087,40.909803909097086,10.408353660387966
data/SYNTHETIC/03727.csv,103.3763287515481,52.85486164349107,50.52146710805704,28.65652380047927,59.89652380047927,43.47980495106883
data/SYNTHETIC/03728.csv,48.75587572986042,27.16163658910625,21.59423914075417,6.562321612989999,37.80232161299,10.953554116870421
data/SYNTHETIC/03729.csv,30.78186995774189,17.76114485978466,13.02072509795723,3.277850799441554,34.517850799441554,-3.7359808416996643
data/SYNTHETIC/03730.csv,29.24757131194182,15.19946143064382,14.048109881297998,4.1050666852219475,35.345066685221944,-6.097495373280125
data/SYNTHETIC/03731.csv,83.77885990649955,47.410875478031876,36.36798442846768,2.248347873211542,33.48834787321154,50.29051203328801
data/SYNTHETIC/03732.csv,59.864291093013755,33.058888109486915,26.80540298352684,5.6577404332112256,36.897740433211226,22.96655065980253
data/SYNTHETIC/03733.csv,21.707091602301595,15.708026608668552,5.999064993633041,0.16627702111834414,31.406277021118342,-9.699185418816747
data/SYNTHETIC/03734.csv,39.844621877881124,18.75090352901093,21.093718348870198,3.3300463807086924,34.57004638070869,5.274575497172435
data/SYNTHETIC/03735.csv,29.707982971952976,18.750301600179426,10.95768137177355,0.3970730089213022,31.637073008921302,-1.9290900369683257
data/SYNTHETIC/03736.csv,45.224995997522356,23.475092495655886,21.749903501866466,1.825856685934148,33.06585668593414,12.159139311588213
data/SYNTHETIC/03737.csv,46.52555589010983,22.922049072845457,23.603506817264375,0.7494805157800122,31.98948051578001,14.536075374329819
data/SYNTHETIC/03738.csv,65.09702498883524,36.64636945016837,28.45065553866688,1.2249908492183266,32.464990849218324,32.63203413961692
data/SYNTHETIC/03739.csv,28.39175572664474,15.967344873563594,12.424410853081147,12.237069999797631,43.47706999979763,-15.085314273152889
data/SYNTHETIC/03740.csv,50.652512548406904,29.93238866620605,20.72012388220085,6.221534008653807,37.46153400865381,13.190978539753097
data/SYNTHETIC/03741.csv,61.05098513743677,35.2394392287034,25.81154590873337,6.404658525330381,37.64465852533038,23.40632661210639
data/SYNTHETIC/03742.csv,39.61582981657227,21.939542903196795,17.67628691337548,11.755664296135526,42.99566429613552,-3.3798344795632502
data/SYNTHETIC/03743.csv,59.1373734022881,37.72993149486863,21.407441907419468,4.250099546604012,35.490099546604014,23.647273855684084
data/SYNTHETIC/03744.csv,75.80248711558947,47.090794417518964,28.711692698070507,17.23052794804005,48.47052794804004,27.331959167549428
data/SYNTHETIC/03745.csv,72.15884166466287,41.100209368284844,31.058632296378025,8.713827085203512,39.953827085203514,32.20501457945936
data/SYNTHETIC/03746.csv,9.203757253904662,5.33370175302203,3.8700555008826325,0.552692509995742,31.79269250999574,-22.588935256091077
data/SYNTHETIC/03747.csv,54.34382731813908,34.29186277055844,20.05196454758064,39.956538443739575,71.19653844373957,-16.852711125600493
data/SYNTHETIC/03748.csv,43.311623286258246,25.685627935703682,17.625995350554565,0.9334510941251191,32.17345109412512,11.138172192133126
data/SYNTHETIC/03749.csv,30.235102006811438,16.395342885771363,13.839759121040077,7.029973780376208,38.269973780376205,-8.034871773564767
data/SYNTHETIC/03750.csv,50.77517143824299,30.165210026983125,20.60996141125987,2.8421096694997114,34.08210966949971,16.693061768743284
data/SYNTHETIC/03751.csv,26.808849194073332,15.565092649120377,11.243756544952953,4.4537180597642685,35.693718059764265,-8.884868865690933
data/SYNTHETIC/03752.csv,40.691512350595694,19.693587454717633,20.99792489587806,7.254578506211778,38.494578506211774,2.1969338443839206
data/SYNTHETIC/03753.csv,51.83403882690091,29.116621449813874,22.71741737708704,1.209284445454266,32.44928444545427,19.38475438144664
data/SYNTHETIC/03754.csv,49.30324195041935,26.72233024384612,22.580911706573232,1.8513772522019374,33.09137725220194,16.21186469821741
data/SYNTHETIC/03755.csv,35.63615907639107,21.44675385192966,14.189405224461407,7.148197959249642,38.38819795924964,-2.752038882858571
data/SYNTHETIC/03756.csv,51.776139227934834,24.86296860979183,26.913170618143006,19.574006171773206,50.8140061717732,0.9621330561616332
data/SYNTHETIC/03757.csv,24.629700840898956,14.200188646379225,10.42951219451973,2.5619791330839083,33.801979133083904,-9.172278292184949
data/SYNTHETIC/03758.csv,18.57448507281361,10.427251895831718,8.14723317698189,2.758153840694139,33.99815384069414,-15.423668767880528
data/SYNTHETIC/03759.csv,56.931336796541515,31.1197908878082,25.811545908733315,4.737936913539325,35.977936913539324,20.95339988300219
data/SYNTHETIC/03760.csv,28.356681699986506,17.211113444350502,11.145568255636004,1.1106565204468384,32.35065652044684,-3.993974820460334
data/SYNTHETIC/03761.csv,138.4329524065653,68.45344015947892,69.97951224708639,51.66556958615368,82.90556958615367,55.52738282041163
data/SYNTHETIC/03762.csv,78.02817055732137,37.802104809595086,40.226065747726295,4.839497204185499,36.0794972041855,41.948673353135874
data/SYNTHETIC/03763.csv,76.41057782197402,39.767187216153935,36.64339060582009,13.47383392052798,44.713833920527975,31.69674390144604
data/SYNTHETIC/03764.csv,6.612067326689207,3.9442196608579847,2.667847665831222,0.4116411333921357,31.651641133392133,-25.039573806702926
data/SYNTHETIC/03765.csv,52.2786610066067,28.61767811754704,23.66098288905966,0.8954400477018907,32.13544004770189,20.143220958904806
data/SYNTHETIC/03766.csv,27.395408828521504,15.045237901509251,12.350170927012252,2.6256792040477013,33.8656792040477,-6.470270375526198
data/SYNTHETIC/03767.csv,22.198133577501014,13.109729724871283,9.088403852629732,7.254058278201054,38.49405827820105,-16.295924700700038
data/SYNTHETIC/03768.csv,66.7852733399285,33.4946535888335,33.290619751095,19.552233203500947,50.79223320350094,15.993040136427553
data/SYNTHETIC/03769.csv,62.17614750417768,35.483301827916655,26.692845676261022,0.7576206752493462,31.997620675249344,30.178526828928334
data/SYNTHETIC/03770.csv,61.525954264948794,37.45066469169808,24.075289573250718,15.182193491279092,46.42219349127909,15.103760773669705
data/SYNTHETIC/03771.csv,69.13838271552153,39.73697715590757,29.40140555961396,3.4253552658910627,34.66535526589106,34.47302744963047
data/SYNTHETIC/03772.csv,54.99757898901201,27.186344749067658,27.811234239944355,4.584181258225734,35.824181258225735,19.173397730786277
data/SYNTHETIC/03773.csv,52.09352987419081,25.556348559042004,26.5371813151488,1.9126956955211245,33.152695695521125,18.940834178669682
data/SYNTHETIC/03774.csv,51.863229239033075,27.943604026894604,23.919625212138467,10.226543593654009,41.46654359365401,10.396685645379065
data/SYNTHETIC/03775.csv,5.47122412107975,3.3877165185006093,2.083507602579141,0.010992266876957748,31.250992266876956,-25.779768145797206
data/SYNTHETIC/03776.csv,61.25496116766052,32.39239378112742,28.8625673865331,1.1826965779871303,32.42269657798713,28.832264589673386
data/SYNTHETIC/03777.csv,45.923054538181276,24.374317287598387,21.548737250582885,4.078380916567799,35.3183809165678,10.604673621613479
data/SYNTHETIC/03778.csv,46.251143917999144,26.685331144353636,19.565812773645504,3.3234682418148154,34.56346824181482,11.687675676184327
data/SYNTHETIC/03779.csv,26.656240801601996,14.61739859681424,12.038842204787755,4.962698198190922,36.20269819819092,-9.546457396588927
data/SYNTHETIC/03780.csv,29.74429151320294,16.611009107979914,13.133282405223024,13.35877494260111,44.59877494260111,-14.854483429398172
data/SYNTHETIC/03781.csv,32.92663474802488,19.805326524425908,13.121308223598977,2.0500339085961237,33.29003390859612,-0.363399160571241
data/SYNTHETIC/03782.csv,53.98998125142887,29.689577063646595,24.300404187782277,7.817949427130837,39.057949427130836,14.932031824298036
data/SYNTHETIC/03783.csv,50.44980252245723,32.11493561976075,18.334866902696483,1.4123506796045617,32.65235067960456,17.797451842852674
data/SYNTHETIC/03784.csv,30.542922501444693,17.831131289387137,12.711791212057557,1.4053956402011036,32.6453956402011,-2.102473138756409
data/SYNTHETIC/03785.csv,64.61262916484145,36.81097427019634,27.80165489464511,2.6156913456569804,33.85569134565698,30.756937819184472
data/SYNTHETIC/03786.csv,54.988095782897844,28.755058680999046,26.233037101898795,4.415451893780299,35.655451893780295,19.33264388911755
data/SYNTHETIC/03787.csv,51.45947164882998,31.860131166637228,19.599340482192755,6.04966573161818,37.28966573161818,14.169805917211804
data/SYNTHETIC/03788.csv,72.53468035959858,35.441060524715425,37.09361983488315,21.083944018545257,52.323944018545255,20.210736341053327
data/SYNTHETIC/03789.csv,49.29460269382369,25.509088315874234,23.78551437794946,6.389555632289246,37.62955563228925,11.665047061534445
data/SYNTHETIC/03790.csv,48.40749786979646,29.21527956282034,19.192218306976123,2.1051098767595464,33.345109876759544,15.062387993036914
data/SYNTHETIC/03791.csv,14.338715781794845,8.148063882177514,6.190651899617331,2.095208145214081,33.33520814521408,-18.996492363419236
data/SYNTHETIC/03792.csv,49.16345547880759,27.00882463804938,22.15463084075821,8.94492569388305,40.184925693883045,8.978529784924547
data/SYNTHETIC/03793.csv,42.5740962330115,24.19612227646856,18.377973956542938,12.666578908675422,43.90657890867542,-1.3324826756639183
data/SYNTHETIC/03794.csv,42.56632231944968,25.141493220178617,17.424829099271065,2.7500176861996417,33.99001768619964,8.57630463325004
data/SYNTHETIC/03795.csv,62.249138129639334,28.958518378544333,33.290619751095,11.851242193788524,43.091242193788524,19.15789593585081
data/SYNTHETIC/03796.csv,13.561651588911111,8.422332835882566,5.1393187530285465,1.4119792876949517,32.65197928769495,-19.090327698783838
data/SYNTHETIC/03797.csv,49.06352857118366,26.731679842389966,22.331848728793695,14.548313098816562,45.78831309881656,3.275215472367101
data/SYNTHETIC/03798.csv,38.346639026505684,18.58923934687589,19.7573996796298,8.808005026713971,40.048005026713966,-1.7013660002082815
data/SYNTHETIC/03799.csv,26.531426293435956,15.83369243053823,10.697733862897724,1.5901608045268758,32.83016080452688,-6.29873451109092
data/SYNTHETIC/03800.csv,37.915597419279834,21.886957897369278,16.02863952191056,4.888555957157528,36.12855595715752,1.7870414621223105
data/SYNTHETIC/03801.csv,124.89533413307517,63.86772006810472,61.02761406497045,21.094498488354343,52.33449848835434,72.56083564472083
data/SYNTHETIC/03802.csv,60.211370250749866,37.63045854417661,22.580911706573254,1.3936701016841773,32.633670101684174,27.57770014906569
data/SYNTHETIC/03803.csv,0.9000196590243095,0.682089553467181,0.21793010555712847,0.0026745819655558155,31.242674581965556,-30.342654922941247
data/SYNTHETIC/03804.csv,63.22475648147179,31.909876698339744,31.31487978313205,24.237514598872156,55.477514598872155,7.7472418825996385
data/SYNTHETIC/03805.csv,55.05671277006148,27.693312922855444,27.36339984720604,2.146029404995068,33.386029404995064,21.670683365066417
data/SYNTHETIC/03806.csv,49.43137433252488,28.72561946827288,20.705754864252008,1.0030327332400506,32.24303273324005,17.188341599284833
data/SYNTHETIC/03807.csv,7.198291864780271,5.145917134423577,2.0523747303566937,0.1689847455465607,31.408984745546558,-24.21069288076629
data/SYNTHETIC/03808.csv,106.48711453192942,46.268955144742556,60.218159387186866,49.24903754801288,80.48903754801287,25.998076983916548
data/SYNTHETIC/03809.csv,51.51646987772654,26.81373318737731,24.702736690349234,1.2385522178608666,32.478552217860866,19.037917659865677
data/SYNTHETIC/03810.csv,16.340653865750156,9.764433317839446,6.576220547910712,1.130864620044397,32.370864620044394,-16.030210754294238
data/SYNTHETIC/03811.csv,168.267150868999,92.15446279409058,76.11268807490845,74.84870852805766,106.08870852805765,62.17844234094136
data/SYNTHETIC/03812.csv,30.72883657486383,17.315358319638797,13.413478255225034,2.8052381847008565,34.04523818470086,-3.316401609837026
data/SYNTHETIC/03813.csv,55.174090205373716,29.115876155185603,26.058214050188113,4.58134893509917,35.82134893509917,19.35274127027455
data/SYNTHETIC/03814.csv,46.039983357091955,25.784457721903003,20.25552563518895,3.0756484485404267,34.31564844854042,11.724334908551533
data/SYNTHETIC/03815.csv,36.96048436038242,20.313977066672514,16.646507293709902,4.620827344267252,35.86082734426725,1.0996570161151666
data/SYNTHETIC/03816.csv,47.28286418009754,26.727984004308137,20.554880175789403,20.148900168648087,51.388900168648085,-4.106035988550545
data/SYNTHETIC/03817.csv,591.4360270159519,420.6001861991802,170.83584081677176,24.589691703896577,55.82969170389657,535.6063353120553
data/SYNTHETIC/03818.csv,7.740389054210456,5.802966467444336,1.93742258676612,0.0011650559801541414,31.24116505598015,-23.500776001769694
data/SYNTHETIC/03819.csv,92.25472256183423,43.6227813140473,48.63194124778693,4.974528807024503,36.2145288070245,56.04019375480973
data/SYNTHETIC/03820.csv,60.424303228639346,29.969169686111837,30.455133542527513,5.918867460311399,37.1588674603114,23.265435768327947
data/SYNTHETIC/03821.csv,37.628637895944635,20.943813221037864,16.684824674906768,10.106238875363054,41.346238875363056,-3.717600979418421
data/SYNTHETIC/03822.csv,40.3105089089719,20.912334678062653,19.398174230909245,2.4485739336772836,33.68857393367728,6.621934975294614
data/SYNTHETIC/03823.csv,47.09467435384789,24.647873481463666,22.44680087238423,2.911602326242661,34.15160232624266,12.943072027605233
data/SYNTHETIC/03824.csv,60.306472710517255,37.73274551291843,22.573727197598824,2.1339271043796573,33.37392710437965,26.9325456061376
data/SYNTHETIC/03825.csv,36.14014499577206,17.443657808030277,18.69648718774178,1.3935635760565313,32.63356357605653,3.5065814197155305
data/SYNTHETIC/03826.csv,51.0995035269862,23.937269931063625,27.162233595922576,17.611818434231964,48.85181843423196,2.2476850927542387
data/SYNTHETIC/03827.csv,55.357318426419255,31.914265642916718,23.44305278350254,2.5858751113117444,33.825875111311746,21.53144331510751
data/SYNTHETIC/03828.csv,71.51544702025292,41.59196714183182,29.923479878421098,2.793345852089187,34.033345852089184,37.48210116816374
data/SYNTHETIC/03829.csv,64.02630001145715,32.20850460011639,31.817795411340764,3.4602511396364037,34.7002511396364,29.326048871820753
data/SYNTHETIC/03830.csv,116.13843916476395,60.89674966051902,55.24168950424494,66.12400189492935,97.36400189492934,18.774437269834607
data/SYNTHETIC/03831.csv,13.151727721523407,7.928589697126734,5.223138024396673,0.47085139312884045,31.710851393128838,-18.55912367160543
data/SYNTHETIC/03832.csv,12.927085971345583,6.70769603583061,6.2193899355149735,0.5074638770009323,31.747463877000932,-18.82037790565535
data/SYNTHETIC/03833.csv,45.406736076321465,24.641110303949322,20.765625772372147,4.620302872550116,35.860302872550115,9.54643320377135
data/SYNTHETIC/03834.csv,22.033986192385427,12.775548960694671,9.258437231690754,3.2662578994533034,34.5062578994533,-12.472271707067875
data/SYNTHETIC/03835.csv,59.36670104740678,35.62668855962859,23.740012487778188,5.292803582093104,36.5328035820931,22.833897465313676
data/SYNTHETIC/03836.csv,45.379704438942674,24.98048862426553,20.399215814677145,1.4613125746655031,32.7013125746655,12.678391864277174
data/SYNTHETIC/03837.csv,47.97345978018197,28.34777609841638,19.62568368176559,2.2247345832339067,33.464734583233906,14.508725196948063
data/SYNTHETIC/03838.csv,69.80334015612992,34.64474807168813,35.15859208444179,2.16876334337572,33.40876334337572,36.3945768127542
data/SYNTHETIC/03839.csv,39.26613101757775,23.0459045896829,16.220226427894854,2.594212385939659,33.83421238593966,5.431918631638091
data/SYNTHETIC/03840.csv,19.178728450976273,12.279204999217075,6.899523451759198,1.0383424707445204,32.27834247074452,-13.099614019768246
data/SYNTHETIC/03841.csv,26.426260737790912,15.860242872757368,10.566017865033542,2.1212778700561703,33.36127787005617,-6.9350171322652585
data/SYNTHETIC/03842.csv,52.02775844295391,34.24849356761189,17.779264875342022,3.3838479140710005,34.623847914071,17.40391052888291
data/SYNTHETIC/03843.csv,63.495399844051725,36.306823048556346,27.18857679549538,2.0461304517320107,33.28613045173201,30.20926939231972
data/SYNTHETIC/03844.csv,36.62853449496147,21.390190960236087,15.238343534725383,2.3563028507233046,33.596302850723305,3.0322316442381663
data/SYNTHETIC/03845.csv,85.12277175524079,54.844856100748714,30.27791565449207,5.353334491759992,36.59333449175999,48.5294372634808
data/SYNTHETIC/03846.csv,45.21450672966715,27.00177647953567,18.212730250131482,5.172952941376974,36.41295294137697,8.801553788290178
data/SYNTHETIC/03847.csv,14.032663200377375,9.00350691828979,5.029156282087585,1.1372910900506183,32.37729109005062,-18.344627889673244
data/SYNTHETIC/03848.csv,167.89593475195625,86.7349317043618,81.16100304759446,96.05177057674278,127.29177057674278,40.60416417521347
data/SYNTHETIC/03849.csv,71.65109102406765,32.967299869514946,38.68379115455271,5.784352961439451,37.02435296143945,34.626738062628206
data/SYNTHETIC/03850.csv,25.947261371259145,17.725788268208355,8.22147310305079,1.3195776553006269,32.55957765530063,-6.6123162840414835
data/SYNTHETIC/03851.csv,3.71222863913889,2.6561058199004983,1.0561228192383916,0.015520346697031359,31.25552034669703,-27.54329170755814
data/SYNTHETIC/03852.csv,13.282929380901425,8.423806477874901,4.859122903026523,0.32024978511704416,31.560249785117044,-18.27732040421562
data/SYNTHETIC/03853.csv,141.9205952569856,92.40735424167093,49.513241015314655,7.8612576624109956,39.101257662410994,102.81933759457459
data/SYNTHETIC/03854.csv,70.56450032094035,42.1952692173168,28.36923110362356,1.7123384780054822,32.95233847800548,37.612161842934874
data/SYNTHETIC/03855.csv,54.70441971813223,30.928484685481994,23.775935032650235,1.7655305818264342,33.005530581826434,21.698889136305795
data/SYNTHETIC/03856.csv,39.246279250418205,20.331861957119266,18.91441729329894,6.918293244652542,38.15829324465254,1.0879860057656643
data/SYNTHETIC/03857.csv,41.98765706774038,24.251499246244848,17.73615782149553,1.0196445275382857,32.259644527538285,9.728012540202094
data/SYNTHETIC/03858.csv,45.94689613494945,29.262071460042694,16.684824674906753,3.8956321507321885,35.135632150732185,10.811263984217263
data/SYNTHETIC/03859.csv,50.85141096431461,27.269457673973452,23.581953290341158,2.769883998980847,34.00988399898085,16.841526965333763
data/SYNTHETIC/03860.csv,56.13821642606041,35.14029153018235,20.997924895878057,1.8585811092406113,33.09858110924061,23.039635316819798
data/SYNTHETIC/03861.csv,51.98698178306253,32.34932391967293,19.637657863389595,1.4956003118747545,32.735600311874755,19.251381471187777
data/SYNTHETIC/03862.csv,35.394590330063046,20.824406129957847,14.570184200105201,4.313717069580504,35.5537170695805,-0.15912673951745404
data/SYNTHETIC/03863.csv,45.00718013580403,26.85192595746783,18.155254178336197,1.195090683175412,32.43509068317541,12.572089452628617
data/SYNTHETIC/03864.csv,8.050372398060972,5.061616664706067,2.988755733354905,0.04326028119117058,31.28326028119117,-23.232887883130196
data/SYNTHETIC/03865.csv,45.34948059188153,27.745038768250186,17.60444182363134,3.017182257044176,34.25718225704418,11.092298334837352
data/SYNTHETIC/03866.csv,50.90799744025212,26.289080021271015,24.618917418981106,4.1880155603450415,35.42801556034504,15.47998187990708
data/SYNTHETIC/03867.csv,69.368306563994,36.350698153926466,33.017608410067524,2.5537656529977473,33.79376565299775,35.57454091099625
data/SYNTHETIC/03868.csv,30.67652379030469,16.47035471156968,14.206169078735009,0.7929689987540358,32.032968998754036,-1.3564452084493475
data/SYNTHETIC/03869.csv,61.72445179571626,39.521924228462005,22.20252756725426,0.43568906427589177,31.67568906427589,30.048762731440373
data/SYNTHETIC/03870.csv,3.442522419221598,2.340897709811938,1.1016247094096603,0.020913941638888205,31.260913941638886,-27.818391522417286
data/SYNTHETIC/03871.csv,44.3343215826849,25.55880479622459,18.77551678646031,4.287953351432528,35.52795335143253,8.806368231252371
data/SYNTHETIC/03872.csv,38.21031194434978,17.77038391215094,20.439928032198846,12.561873065007372,43.80187306500737,-5.5915611206575875
data/SYNTHETIC/03873.csv,88.15013106502138,33.061711085563886,55.088419979457505,40.86353160117166,72.10353160117165,16.04659946384973
data/SYNTHETIC/03874.csv,52.43000890561093,28.960612922535567,23.46939598307537,2.182533209798992,33.42253320979899,19.00747569581194
data/SYNTHETIC/03875.csv,67.61331930267473,44.29719284438675,23.31612645828797,5.013644519174889,36.253644519174884,31.35967478349984
data/SYNTHETIC/03876.csv,26.24742750892387,17.144654638345333,9.102772870578535,8.706368175751807,39.94636817575181,-13.698940666827937
data/SYNTHETIC/03877.csv,33.33277638813067,18.20699016067106,15.125786227459603,2.975677734539765,34.21567773453977,-0.8829013464090991
data/SYNTHETIC/03878.csv,15.645063465143448,9.784898978349016,5.8601644867944325,0.8346936636057192,32.074693663605714,-16.429630198462267
data/SYNTHETIC/03879.csv,28.358366576441746,17.718108785339307,10.640257791102437,0.7405424268906446,31.980542426890644,-3.6221758504488974
data/SYNTHETIC/03880.csv,50.95751319015537,27.39232375408785,23.565189436067513,1.8006113518307485,33.04061135183075,17.91690183832462
data/SYNTHETIC/03881.csv,58.399382405174954,29.91998883061039,28.479393574564565,10.242326478633723,41.48232647863372,16.91705592654123
data/SYNTHETIC/03882.csv,52.62232267041466,29.167295705288076,23.455026965126585,2.7749112324573213,34.01491123245732,18.60741143795734
data/SYNTHETIC/03883.csv,21.56378531056677,12.518488511783538,9.045296798783232,0.7708092883616959,32.01080928836169,-10.44702397779492
data/SYNTHETIC/03884.csv,84.79400299337661,52.403841700407774,32.39016129296884,6.695391133432686,37.93539113343269,46.85861185994392
data/SYNTHETIC/03885.csv,92.83578984803158,58.71176705590493,34.12402279212665,6.1438627470499165,37.38386274704992,55.45192710098166
data/SYNTHETIC/03886.csv,29.866591798225027,17.619398833179357,12.24719296504567,11.037060388269502,42.277060388269504,-12.410468590044477
data/SYNTHETIC/03887.csv,45.10454096933201,22.33922686574886,22.765314103583144,12.611951285885413,43.85195128588541,1.252589683446594
data/SYNTHETIC/03888.csv,53.70233336960419,32.63016854765719,21.072164821947,6.198240961294006,37.43824096129401,16.264092408310184
data/SYNTHETIC/03889.csv,44.63561831186438,24.274719878384055,20.36089843348032,3.543002310141915,34.78300231014191,9.852616001722467
data/SYNTHETIC/03890.csv,20.584407229149377,12.6407351397758,7.94367208937358,3.5126767319888645,34.75267673198886,-14.168269502839486
data/SYNTHETIC/03891.csv,44.10428231207477,25.57782850339403,18.52645380868074,2.0434251530577834,33.283425153057784,10.820857159016988
data/SYNTHETIC/03892.csv,33.07538845250515,17.758015319061265,15.317373133443887,1.4197874186701542,32.659787418670156,0.4156010338349958
data/SYNTHETIC/03893.csv,78.03377395884559,40.12112010087957,37.91265385796601,7.348761116491326,38.58876111649133,39.44501284235426
data/SYNTHETIC/03894.csv,37.17459832208803,11.980920185154016,25.19367813693401,17.548305746347317,48.78830574634732,-11.613707424259289
data/SYNTHETIC/03895.csv,53.68226270595672,26.982232520721222,26.700030185235494,20.593801867485713,51.83380186748571,1.8484608384710057
data/SYNTHETIC/03896.csv,69.75413260852227,46.05722717459055,23.696905433931718,1.100426556684293,32.34042655668429,37.41370605183798
data/SYNTHETIC/03897.csv,9.761162706893291,5.3211361607073995,4.440026546185892,0.5650934518582589,31.80509345185826,-22.043930744964968
data/SYNTHETIC/03898.csv,33.612142560768625,12.049036292236888,21.563106268531737,19.35606333225704,50.59606333225704,-16.983920771488414
data/SYNTHETIC/03899.csv,40.947278715624094,25.368868422776615,15.578410292847481,0.8548137899474724,32.09481378994747,8.852464925676621
data/SYNTHETIC/03900.csv,62.25360946695615,31.786501742804596,30.467107724151553,9.28971368605521,40.52971368605521,21.72389578090094
data/SYNTHETIC/03901.csv,4.094785295285788,2.6435144824548007,1.4512708128309872,0.01690259697713176,31.25690259697713,-27.162117301691342
data/SYNTHETIC/03902.csv,78.9251142726171,38.95290117532,39.972213097297086,6.17061917893881,37.41061917893881,41.514495093678285
data/SYNTHETIC/03903.csv,47.97038778012778,25.209863349194272,22.760524430933504,1.6108976746676484,32.85089767466765,15.11949010546013
data/SYNTHETIC/03904.csv,34.641061473740294,20.221751962097763,14.419309511642533,2.368032758287562,33.608032758287564,1.0330287154527298
data/SYNTHETIC/03905.csv,80.44551865447292,44.60439821746209,35.84112043701083,5.253037518758227,36.49303751875823,43.95248113571469
data/SYNTHETIC/03906.csv,23.776203328049327,13.351480806179215,10.424722521870113,0.9689789267247362,32.20897892672473,-8.432775598675406
data/SYNTHETIC/03907.csv,58.7270882574911,37.67168728981773,21.055400967673364,9.758342144652378,40.998342144652376,17.72874611283872
data/SYNTHETIC/03908.csv,3.4481471772913097,2.5548732281395634,0.8932739491517464,0.006799755827812105,31.246799755827812,-27.7986525785365
data/SYNTHETIC/03909.csv,37.024555630762464,22.004142201594227,15.020413429168238,6.442580097618341,37.68258009761834,-0.6580244668558777
data/SYNTHETIC/03910.csv,41.60487922868249,25.451708217882146,16.153171010800342,1.8194974942468247,33.05949749424682,8.545381734435672
data/SYNTHETIC/03911.csv,40.29198158921779,23.20242957541923,17.08955201379856,0.5423724840120664,31.782372484012065,8.509609105205726
data/SYNTHETIC/03912.csv,76.48088240512644,36.685887195864794,39.79499520926164,9.218342871028186,40.45834287102819,36.02253953409825
data/SYNTHETIC/03913.csv,10.04713737621412,5.753195845841249,4.293941530372872,0.6270225508194673,31.867022550819467,-21.819885174605346
data/SYNTHETIC/03914.csv,47.38045446044653,27.124928825257598,20.255525635188928,0.9266868483447457,32.166686848344746,15.213767612101783
data/SYNTHETIC/03915.csv,25.704861186903283,16.290759594100294,9.41410159280299,0.5669981404797344,31.806998140479735,-6.102136953576451
data/SYNTHETIC/03916.csv,50.43875594973942,31.981752394478,18.457003555261416,1.0499593340058804,32.28995933400588,18.148796615733538
data/SYNTHETIC/03917.csv,77.21984443054671,43.15090287389051,34.06894155665621,30.00546495577499,61.24546495577499,15.974379474771723
data/SYNTHETIC/03918.csv,55.997620175425595,31.120060433365676,24.877559742059923,2.034647369581722,33.27464736958172,22.722972805843874
data/SYNTHETIC/03919.csv,28.485118199750072,16.324139342397327,12.160978857352745,4.900365625795556,36.14036562579555,-7.655247426045481
data/SYNTHETIC/03920.csv,12.669507693531429,8.916799172564174,3.7527085209672557,2.6086355634693046,33.8486355634693,-21.179127869937872
data/SYNTHETIC/03921.csv,71.36124479974518,43.89007731792299,27.4711674818222,2.186599468918521,33.42659946891852,37.93464533082666
data/SYNTHETIC/03922.csv,15.12554970841747,10.034127681884994,5.0914220265324746,0.856303494126543,32.096303494126545,-16.970753785709075
data/SYNTHETIC/03923.csv,46.23406106071688,26.22280873065791,20.011252330058973,4.00672167875226,35.24672167875226,10.987339381964624
data/SYNTHETIC/03924.csv,75.15546832958894,38.52644674171764,36.6290215878713,5.166293371744113,36.40629337174411,38.74917495784483
data/SYNTHETIC/03925.csv,10.364751767597237,5.84809045901763,4.516661308579606,0.1895971386524777,31.429597138652476,-21.064845371055238
data/SYNTHETIC/03926.csv,56.38341353642031,33.17744954907334,23.205963987346976,2.479307926446599,33.7193079264466,22.664105609973717
data/SYNTHETIC/03927.csv,41.262279540832694,20.879827580429165,20.38245196040353,8.745432215414247,39.98543221541425,1.2768473254184443
data/SYNTHETIC/03928.csv,41.96921199884768,22.559063586314434,19.410148412533253,2.6418892712596995,33.881889271259695,8.087322727587988
data/SYNTHETIC/03929.csv,48.40342568296528,32.28378238071217,16.119643302253113,6.904069403334456,38.144069403334456,10.259356279630822
data/SYNTHETIC/03930.csv,138.640610788513,81.2053230558377,57.4352877326753,51.15489690784807,82.39489690784806,56.24571388066492
data/SYNTHETIC/03931.csv,26.628614925471254,15.078319330943446,11.550295594527809,0.7219679885291551,31.961967988529153,-5.333353063057899
data/SYNTHETIC/03932.csv,64.67831230055845,39.702564269181536,24.975748031376906,5.5034703523093285,36.74347035230933,27.934841948249115
data/SYNTHETIC/03933.csv,27.030356630372765,14.996304098234612,12.034052532138155,1.8901836283081004,33.130183628308096,-6.099826997935331
data/SYNTHETIC/03934.csv,31.14512405350344,20.162404667954085,10.982719385549355,0.6870742947006576,31.927074294700656,-0.7819502411972152
data/SYNTHETIC/03935.csv,50.12744822455764,29.68991502868362,20.437533195874018,4.232125151247709,35.47212515124771,14.65532307330993
data/SYNTHETIC/03936.csv,53.82877311778014,28.922475339822583,24.906297777957555,0.895716619630136,32.13571661963014,21.69305649815
data/SYNTHETIC/03937.csv,40.41845640024472,24.032986265938426,16.385470134306292,2.2225786674311334,33.46257866743113,6.95587773281359
data/SYNTHETIC/03938.csv,234.06119165031149,190.64999359059638,43.411198059715105,23.228495856759995,54.46849585675999,179.59269579355148
data/SYNTHETIC/03939.csv,23.519499849879413,10.460457370725308,13.059042479154105,13.748200040330026,44.98820004033003,-21.468700190450615
data/SYNTHETIC/03940.csv,56.458765729077584,31.578811150692886,24.879954578384698,1.1930959374200665,32.43309593742006,24.02566979165752
data/SYNTHETIC/03941.csv,53.02244832436073,31.47850074642745,21.54394757793328,5.0726720727976575,36.31267207279765,16.709776251563078
data/SYNTHETIC/03942.csv,41.99795484484302,25.828019979769053,16.169934865073973,1.4649404925000584,32.70494049250006,9.293014352342965
data/SYNTHETIC/03943.csv,37.04154695497977,20.804556672811295,16.236990282168478,5.539580701122729,36.779580701122725,0.26196625385704664
data/SYNTHETIC/03944.csv,66.34432797392378,30.634923534777098,35.70940443914669,5.932174350299665,37.17217435029966,29.17215362362412
data/SYNTHETIC/03945.csv,28.14512852681918,12.691249722861464,15.453878803957718,7.9723462966303735,39.21234629663037,-11.06721776981119
data/SYNTHETIC/03946.csv,51.25957453272703,28.26675097828749,22.992823554439543,2.8420417895342465,34.082041789534244,17.177532743192785
data/SYNTHETIC/03947.csv,37.19086790574635,22.187218330851728,15.003649574894624,4.099111690918413,35.339111690918415,1.8517562148279367
data/SYNTHETIC/03948.csv,29.085793700370132,19.832146141328987,9.253647559041147,1.2504898852791744,32.490489885279175,-3.4046961849090422
data/SYNTHETIC/03949.csv,23.97507199457861,14.78608501630716,9.18898697827145,1.5821823406929487,32.82218234069295,-8.847110346114338
data/SYNTHETIC/03950.csv,8.731414134682222,5.927060798337195,2.804353336345027,0.48159665921405126,31.72159665921405,-22.99018252453183
data/SYNTHETIC/03951.csv,19.90273010529529,12.227279684299722,7.675450420995568,0.7766413852620875,32.01664138526208,-12.113911279966793
data/SYNTHETIC/03952.csv,11.237100235919257,8.916503837184559,2.3205963987346983,0.5502723985161749,31.790272398516173,-20.553172162596915
data/SYNTHETIC/03953.csv,66.1031100300751,33.47346510462587,32.62964492544923,5.727886165336276,36.967886165336274,29.135223864738826
data/SYNTHETIC/03954.csv,46.92904979161068,26.031708021374357,20.897341770236327,10.300286053308117,41.540286053308115,5.388763738302565
data/SYNTHETIC/03955.csv,54.818607745076434,30.60441766498714,24.214190080089292,1.8044884350400516,33.04448843504005,21.774119310036383
data/SYNTHETIC/03956.csv,21.284331357387828,16.11148489581203,5.1728464615758,3.722116786053678,34.96211678605368,-13.67778542866585
data/SYNTHETIC/03957.csv,46.774636121998455,26.224545618858674,20.55009050313978,5.368773071368848,36.608773071368844,10.16586305062961
data/SYNTHETIC/03958.csv,44.3385125648488,24.71522371940802,19.623288845440783,8.29730428467967,39.53730428467967,4.801208280169128
data/SYNTHETIC/03959.csv,88.28580726404152,51.898664144975456,36.387143119066074,6.8975016897008254,38.13750168970083,50.1483055743407
data/SYNTHETIC/03960.csv,8.17595014329845,4.760913544128503,3.4150365991699476,1.0137526080866774,32.25375260808668,-24.077802464788228
data/SYNTHETIC/03961.csv,29.553742770014782,15.919939572907833,13.63380319710695,1.9088495004066472,33.14884950040665,-3.5951067303918656
data/SYNTHETIC/03962.csv,62.54033453041994,31.929536626780163,30.610797903639774,25.603074419577794,56.84307441957779,5.6972601108421514
data/SYNTHETIC/03963.csv,11.236608149182905,6.68881396838085,4.547794180802055,0.28786227468283726,31.527862274682835,-20.291254125499933
data/SYNTHETIC/03964.csv,69.59387748488423,33.90602657266078,35.68785091222345,14.923389393292199,46.1633893932922,23.430488091592032
data/SYNTHETIC/03965.csv,46.56473068796498,24.07242792540948,22.492302762555497,2.333311783532294,33.57331178353229,12.991418904432692
data/SYNTHETIC/03966.csv,68.11095449838446,25.468498898931312,42.64245559945315,50.01643950378067,81.25643950378067,-13.14548500539621
data/SYNTHETIC/03967.csv,57.91251417191771,31.75611183241267,26.156402339505036,2.3097448499978173,33.549744849997815,24.36276932191989
data/SYNTHETIC/03968.csv,48.81243137467622,24.88801648988816,23.92441488478806,2.5256402741419888,33.76564027414199,15.046791100534236
data/SYNTHETIC/03969.csv,67.4311511320885,40.874811126341214,26.55634000574728,3.7512597017837863,34.99125970178378,32.43989143030472
data/SYNTHETIC/03970.csv,76.24038917565512,41.72361322626065,34.51677594939447,2.288325631285523,33.52832563128552,42.712063544369606
data/SYNTHETIC/03971.csv,50.97179395791599,27.586217246208733,23.385576711707255,1.328590347205432,32.56859034720543,18.403203610710563
data/SYNTHETIC/03972.csv,24.99300254555711,13.610345493765541,11.38265705179157,6.1402746464934514,37.38027464649345,-12.387272100936336
data/SYNTHETIC/03973.csv,28.65172650969167,11.748971729227767,16.9027547804639,11.192650796105028,42.43265079610502,-13.780924286413352
data/SYNTHETIC/03974.csv,19.71366689130774,12.76145704040285,6.95220985090489,4.899982957180649,36.13998295718065,-16.42631606587291
data/SYNTHETIC/03975.csv,38.753048336700914,23.052501391288438,15.700546945412475,5.583930413068929,36.82393041306893,1.9291179236319849
data/SYNTHETIC/03976.csv,27.494537901970943,18.875521969002712,8.619015932968233,1.3306652405331652,32.57066524053317,-5.076127338562223
data/SYNTHETIC/03977.csv,50.96323816763038,27.27112240634826,23.692115761282118,4.705015352849245,35.945015352849246,15.018222814781133
data/SYNTHETIC/03978.csv,42.92454543487149,24.307087845848198,18.617457589023292,18.286799687120467,49.526799687120466,-6.602254252248976
data/SYNTHETIC/03979.csv,59.073814380339726,27.251229296349322,31.8225850839904,11.894063070777063,43.13406307077706,15.939751309562666
data/SYNTHETIC/03980.csv,62.01847985980484,33.95339296943134,28.065086890373504,0.9682065739541137,32.208206573954115,29.810273285850727
data/SYNTHETIC/03981.csv,50.619832473568124,19.729688886821624,30.8901435867465,21.69014033206008,52.93014033206008,-2.310307858491953
data/SYNTHETIC/03982.csv,2.7842808342821077,1.8694533582071287,0.914827476074979,0.0011175748732521506,31.24111757487325,-28.456836740591143
data/SYNTHETIC/03983.csv,60.23730713230945,29.14993680003378,31.087370332275675,6.670967757241005,37.910967757241,22.32633937506845
data/SYNTHETIC/03984.csv,11.246827345493232,6.299095498448976,4.947731847044256,1.4379575879198678,32.67795758791986,-21.431130242426633
data/SYNTHETIC/03985.csv,41.98511072628408,24.90513805778474,17.07997266849934,1.80882072769903,33.04882072769903,8.936289998585046
data/SYNTHETIC/03986.csv,71.32503615090283,37.99130934596136,33.33372680494146,7.326805667117207,38.56680566711721,32.758230483785624
data/SYNTHETIC/03987.csv,113.42802968548376,61.83128106758997,51.596748617893795,11.826409112259103,43.0664091122591,70.36162057322466
data/SYNTHETIC/03988.csv,59.68661869712332,34.87132469950832,24.815293997615,0.6144497016974588,31.854449701697458,27.832168995425864
data/SYNTHETIC/03989.csv,5.144408770843081,4.076311769980672,1.0680970008624098,0.00010545675788151681,31.24010545675788,-26.0956966859148
data/SYNTHETIC/03990.csv,37.79058597346148,21.955928193860014,15.834657779601466,1.9260156418112981,33.1660156418113,4.624570331650183
data/SYNTHETIC/03991.csv,41.712908142902535,25.27714644577536,16.435761697127177,2.1776475331370126,33.417647533137014,8.29526060976552
data/SYNTHETIC/03992.csv,41.875770029974845,24.429387403780552,17.446382626194296,1.0235629508205066,32.26356295082051,9.612207079154338
data/SYNTHETIC/03993.csv,41.09444354361713,25.128069766151466,15.966373777465664,0.4948872442465676,31.734887244246565,9.359556299370567
data/SYNTHETIC/03994.csv,23.083626767225816,13.18097856416289,9.902648203062924,6.730077621099586,37.970077621099584,-14.886450853873768
data/SYNTHETIC/03995.csv,16.80729991630033,9.385702145733939,7.421597770566393,8.252490543034007,39.49249054303401,-22.68519062673368
data/SYNTHETIC/03996.csv,57.189188741538075,27.93865787038677,29.25053087115131,5.237964903016343,36.47796490301634,20.711223838521732
data/SYNTHETIC/03997.csv,72.23714649093813,39.298567679589205,32.93857881134892,15.252983605126385,46.49298360512638,25.744162885811747
data/SYNTHETIC/03998.csv,3.822304201404492,2.5674099672074004,1.2548942341970915,0.26376253406415073,31.503762534064148,-27.681458332659655
data/SYNTHETIC/03999.csv,29.33785621013802,16.57337859893478,12.764477611203242,2.3993772941855647,33.639377294185564,-4.301521084047543
