seg,s2_cnn,s2_ffpi,floor_noise
data/SYNTHETIC/05000.csv,0.000141517462907359,0.0001431435375707224,3.7663457578164525
data/SYNTHETIC/05001.csv,0.002125139581039548,0.00207670615054667,56.55846480978653
data/SYNTHETIC/05002.csv,0.0004166523285675794,0.00044320817687548697,11.088785072497558
data/SYNTHETIC/05003.csv,0.0017540041590109468,0.0018387041054666042,46.68106668791734
data/SYNTHETIC/05004.csv,0.001662316033616662,0.0017138655530288815,44.24087891867384
data/SYNTHETIC/05005.csv,0.0007022286881692708,0.0006710835150443017,18.689114306936972
data/SYNTHETIC/05006.csv,0.0019390200031921268,0.001850575441494584,51.60507836495526
data/SYNTHETIC/05007.csv,0.00046114117139950395,0.00045695301378145814,12.272811135626398
data/SYNTHETIC/05008.csv,0.0014549983898177743,0.0013214045902714133,38.723327146610245
data/SYNTHETIC/05009.csv,0.0003222104860469699,0.00030567627982236445,8.575309875654057
data/SYNTHETIC/05010.csv,0.0013775491388514638,0.0015177170280367136,36.66209278139286
data/SYNTHETIC/05011.csv,0.0005898218369111419,0.0006128840032033622,15.69751836755313
data/SYNTHETIC/05012.csv,0.0015383758582174778,0.0014715128345414996,40.942335090599954
data/SYNTHETIC/05013.csv,0.0007803220069035888,0.0006922805914655328,20.76748989173211
data/SYNTHETIC/05014.csv,0.00043701022514142096,0.0004925635294057429,11.630590131913777
data/SYNTHETIC/05015.csv,0.0011297762393951416,0.0010596007341518998,30.0678648352623
data/SYNTHETIC/05016.csv,0.0015397489769384265,0.001451715943403542,40.97887927223928
data/SYNTHETIC/05017.csv,0.0003411280922591686,0.0003299580712337047,9.078783047385514
data/SYNTHETIC/05018.csv,0.0009206731338053942,0.0009138959576375782,24.50279478309676
data/SYNTHETIC/05019.csv,0.002878917381167412,0.0025019084569066763,76.6195071823895
data/SYNTHETIC/05020.csv,0.0007006604573689401,0.0006544128409586847,18.647377412416972
data/SYNTHETIC/05021.csv,0.0006287748110480607,0.0005014513153582811,16.734212821233086
data/SYNTHETIC/05022.csv,0.0009482000605203211,0.0007249083719216287,25.235396410687827
data/SYNTHETIC/05023.csv,0.0008834226173348725,0.0009018286946229637,23.511409537750296
data/SYNTHETIC/05024.csv,0.0004634108627215028,0.00040596615872345865,12.333216700470075
data/SYNTHETIC/05025.csv,0.001423248671926558,0.0012839462142437696,37.878340154653415
data/SYNTHETIC/05026.csv,0.0011565713211894035,0.0010484927333891392,30.780989142134786
data/SYNTHETIC/05027.csv,0.0028863856568932533,0.0027647041715681553,76.81826787255704
data/SYNTHETIC/05028.csv,0.0003403989248909056,0.00032397842733189464,9.059376987046562
data/SYNTHETIC/05029.csv,0.0005680101457983255,0.0010311007499694824,15.117022020276636
data/SYNTHETIC/05030.csv,0.0006203859811648726,0.000624277803581208,16.51095250272192
data/SYNTHETIC/05031.csv,0.0009674382163211703,0.0009369797189719975,25.747400689171627
data/SYNTHETIC/05032.csv,0.001894913031719625,0.00173383008223027,50.4312154261861
data/SYNTHETIC/05033.csv,0.0014905259013175964,0.0015051463851705194,39.66885633766651
data/SYNTHETIC/05034.csv,0.0009591206908226013,0.0009473440004512668,25.52603806555271
data/SYNTHETIC/05035.csv,0.0012923476751893759,0.0012590916594490409,34.39454102749005
data/SYNTHETIC/05036.csv,0.0017336122691631317,0.0016704215668141842,46.13835693150759
data/SYNTHETIC/05037.csv,0.0012500748271122575,0.0012972595868632197,33.26949144876562
data/SYNTHETIC/05038.csv,7.925064710434526e-05,7.257876131916419e-05,2.109176722035045
data/SYNTHETIC/05039.csv,0.0014461618848145008,0.0014309061225503683,38.488152402453125
data/SYNTHETIC/05040.csv,0.0003604107187129557,0.00041277508717030287,9.591970867826603
data/SYNTHETIC/05041.csv,0.0021146119106560946,0.002375282347202301,56.2782813902013
data/SYNTHETIC/05042.csv,0.0008825744735077024,0.0009290906600654125,23.48883703793399
data/SYNTHETIC/05043.csv,0.0016991242300719023,0.001690915785729885,45.22049225913361
data/SYNTHETIC/05044.csv,0.0013333536917343736,0.0015340241370722651,35.48587515181862
data/SYNTHETIC/05045.csv,0.0005105955642648041,0.0004860316403210163,13.588990347343497
data/SYNTHETIC/05046.csv,0.00045041542034596205,0.0004355996788945049,11.987355997087434
data/SYNTHETIC/05047.csv,0.0008426959393545985,0.0008264980278909206,22.427509729983285
data/SYNTHETIC/05048.csv,0.001227813889272511,0.001339924056082964,32.67703884909861
data/SYNTHETIC/05049.csv,0.0005336517351679504,0.0005679509486071765,14.202607279759832
data/SYNTHETIC/05050.csv,0.0014404302928596735,0.0014415017794817686,38.33561181416735
data/SYNTHETIC/05051.csv,0.001991253811866045,0.001959095476195216,52.99522894900292
data/SYNTHETIC/05052.csv,0.0019591995514929295,0.0018253419548273087,52.142136863432825
data/SYNTHETIC/05053.csv,0.0015835160156711936,0.001492733950726688,42.14369524107315
data/SYNTHETIC/05054.csv,0.0015467008342966437,0.0013017068849876523,41.163896003970876
data/SYNTHETIC/05055.csv,0.0004670425842050463,0.00048016555956564844,12.429871336033102
data/SYNTHETIC/05056.csv,0.0018132883124053478,0.0017347072716802359,48.25885514635593
data/SYNTHETIC/05057.csv,0.0013388646766543388,0.0012439966667443514,35.632544504478574
data/SYNTHETIC/05058.csv,0.0018137763254344463,0.0018048703204840422,48.271843125112355
data/SYNTHETIC/05059.csv,0.0002107730833813548,0.0001963211689144373,5.609514841111377
data/SYNTHETIC/05060.csv,0.0018954193219542503,0.0018719980726018548,50.44468983449042
data/SYNTHETIC/05061.csv,0.00027070619398728013,0.00026781708584167063,7.204574646777473
data/SYNTHETIC/05062.csv,0.0016504480736330152,0.0017403226811438799,43.925025031669065
data/SYNTHETIC/05063.csv,0.0010606690775603056,0.0009786983719095588,28.228646830189973
data/SYNTHETIC/05064.csv,9.016763215186074e-05,9.723952825879678e-05,2.399721362089622
data/SYNTHETIC/05065.csv,0.0018240775680169463,0.001615607994608581,48.54600039520301
data/SYNTHETIC/05066.csv,0.0006205982062965631,0.0006489655352197587,16.51660066237673
data/SYNTHETIC/05067.csv,0.0007316941628232598,0.0007220556144602597,19.473308449378237
data/SYNTHETIC/05068.csv,0.001018025795929134,0.0010371191892772913,27.09373853285797
data/SYNTHETIC/05069.csv,0.0006169545813463628,0.0005876956274732947,16.4196292279521
data/SYNTHETIC/05070.csv,0.000616357836406678,0.0006062260363250971,16.403747458127327
data/SYNTHETIC/05071.csv,0.00042718270560726523,0.00042553371167741716,11.369040527031757
data/SYNTHETIC/05072.csv,0.00019575381884351373,0.00020244774350430816,5.209792134701274
data/SYNTHETIC/05073.csv,0.0006736275972798467,0.0006163644720800221,17.92792487400584
data/SYNTHETIC/05074.csv,0.0016185680869966745,0.001620377879589796,43.076571067329496
data/SYNTHETIC/05075.csv,0.0010186138097196817,0.000705622136592865,27.10938793187961
data/SYNTHETIC/05076.csv,0.0018768940353766084,0.0018618986941874027,49.951657857513055
data/SYNTHETIC/05077.csv,0.0005370078724808991,0.0005233828560449183,14.291927518206649
data/SYNTHETIC/05078.csv,0.0008766622631810606,0.0008133973460644484,23.331489472300746
data/SYNTHETIC/05079.csv,0.0001139351079473272,0.00010839211608981714,3.032268962910166
data/SYNTHETIC/05080.csv,0.001514448202215135,0.0014252811670303345,40.305524453753605
data/SYNTHETIC/05081.csv,0.0019261989509686828,0.0019523304654285312,51.26385888108052
data/SYNTHETIC/05082.csv,7.570166053483263e-05,7.834401912987232e-05,2.0147239934740355
data/SYNTHETIC/05083.csv,0.0004897007602266967,0.00047065073158591986,13.032896032673307
data/SYNTHETIC/05084.csv,0.0006720788078382611,0.0006793442880734801,17.88670539180748
data/SYNTHETIC/05085.csv,2.2788508431403898e-05,2.2541162252309732e-05,0.6064933633933833
data/SYNTHETIC/05086.csv,0.0013126640114933252,0.0012739578960463405,34.93524000188336
data/SYNTHETIC/05087.csv,0.00040693292976357043,0.00042676340672187507,10.830112992727663
data/SYNTHETIC/05088.csv,0.0005043245619162917,0.00039694400038570166,13.422093890840188
data/SYNTHETIC/05089.csv,0.0017066492000594735,0.0017299423925578594,45.42076181038283
data/SYNTHETIC/05090.csv,0.0003788344038184732,0.0003641391813289374,10.082298823224846
data/SYNTHETIC/05091.csv,0.0013460428453981876,0.001296388334594667,35.823584287427366
data/SYNTHETIC/05092.csv,0.00262550194747746,0.0020370071288198233,69.87510883016512
data/SYNTHETIC/05093.csv,0.0003274601767770946,0.0002585691399872303,8.715025144745596
data/SYNTHETIC/05094.csv,0.00403814110904932,0.010991944000124931,107.47108747623861
data/SYNTHETIC/05095.csv,0.0015263822861015797,0.0014579242561012506,40.62313816230744
data/SYNTHETIC/05096.csv,0.0015353142516687512,0.0016376435523852706,40.860853493912145
data/SYNTHETIC/05097.csv,0.00154073815792799,0.0012234965106472373,41.005205335095525
data/SYNTHETIC/05098.csv,0.0001551777677377686,0.00015177953173406422,4.129901110572973
data/SYNTHETIC/05099.csv,0.0013233082136139274,0.0013992629246786237,35.21852479712106
data/SYNTHETIC/05100.csv,0.0017474709311500192,0.0017627407796680927,46.50719136162661
data/SYNTHETIC/05101.csv,0.00040383098530583084,0.0003805416636168957,10.747557842929382
data/SYNTHETIC/05102.csv,0.0018074222607538104,0.0018466153414919972,48.10273604770191
data/SYNTHETIC/05103.csv,1.1828330571006518e-05,1.0551549166848417e-05,0.31479918981676747
data/SYNTHETIC/05104.csv,0.0001328135112999007,0.00014265299250837415,3.5346987897355575
data/SYNTHETIC/05105.csv,7.132939936127514e-05,0.00010826379002537578,1.8983606346009765
data/SYNTHETIC/05106.csv,6.256830965867266e-05,6.470676453318447e-05,1.6651929932559142
data/SYNTHETIC/05107.csv,0.0004206184530630708,0.0003991495759692043,11.194339509820566
data/SYNTHETIC/05108.csv,0.0008149765781126916,0.0007969498983584344,21.689786649891175
data/SYNTHETIC/05109.csv,0.002140654716640711,0.002069283276796341,56.97138462867588
data/SYNTHETIC/05110.csv,0.0006174005684442818,0.0006060427404008806,16.431498728576116
data/SYNTHETIC/05111.csv,0.0007808657828718424,0.000767033954616636,20.781961945351213
data/SYNTHETIC/05112.csv,0.0028239572420716286,0.002305257599800825,75.15679804049432
data/SYNTHETIC/05113.csv,0.0018697796622291207,0.0018902139272540808,49.76231593056582
data/SYNTHETIC/05114.csv,0.0021744458936154842,0.0022613261826336384,57.8707030126825
data/SYNTHETIC/05115.csv,0.0011037546209990978,0.0010938651394098997,29.37532548326999
data/SYNTHETIC/05116.csv,0.0003150302218273282,0.0002988716005347669,8.384214323712513
data/SYNTHETIC/05117.csv,0.0002349997084820643,0.00023256457643583417,6.2542822415416595
data/SYNTHETIC/05118.csv,0.002057644072920084,0.002027990994974971,54.762139356695116
data/SYNTHETIC/05119.csv,0.0010117542697116733,0.0010024707298725843,26.926828134106472
data/SYNTHETIC/05120.csv,0.0003853011003229767,0.00040332297794520855,10.254403483995702
data/SYNTHETIC/05121.csv,0.000555498234461993,0.00048205742496065795,14.784030011971481
data/SYNTHETIC/05122.csv,0.00036225313670001924,0.00035897328052669764,9.641004980134312
data/SYNTHETIC/05123.csv,0.00012553765554912388,0.00012719804362859577,3.341059164784383
data/SYNTHETIC/05124.csv,0.0010105151450261474,0.0010013134451583028,26.893850069725886
data/SYNTHETIC/05125.csv,0.001303942291997373,0.0012664488749578595,34.70312015921809
data/SYNTHETIC/05126.csv,0.0010203794809058309,0.0011343724327161908,27.156379504827783
data/SYNTHETIC/05127.csv,0.0013969019055366516,0.0017120364354923368,37.177147313952446
data/SYNTHETIC/05128.csv,0.000780903734266758,0.0007432409911416471,20.782971983775496
data/SYNTHETIC/05129.csv,0.00015961972530931234,0.00015766129945404828,4.248119369382039
data/SYNTHETIC/05130.csv,0.0016502415528520942,0.0017395925242453814,43.919528687605634
data/SYNTHETIC/05131.csv,0.0017744667129591107,0.00178573839366436,47.22565709869377
data/SYNTHETIC/05132.csv,0.0013500938657671213,0.0012593695428222418,35.93139814352617
data/SYNTHETIC/05133.csv,0.0019960515201091766,0.0020029698498547077,53.12291515618563
data/SYNTHETIC/05134.csv,2.290904194524046e-05,2.3621019863639958e-05,0.6097012423306296
data/SYNTHETIC/05135.csv,0.00020077766384929419,0.0001992998440982774,5.3434967456851155
data/SYNTHETIC/05136.csv,0.00010392679541837424,0.00010850579565158114,2.765907733264612
data/SYNTHETIC/05137.csv,0.0012380394618958235,0.0012908511562272906,32.949182238895446
data/SYNTHETIC/05138.csv,0.00044168654130771756,0.0004529370635282248,11.755045610363595
data/SYNTHETIC/05139.csv,0.0006429269560612738,0.0006329502211883664,17.11085800861474
data/SYNTHETIC/05140.csv,0.00186886393930763,0.0019338935380801558,49.73794488073327
data/SYNTHETIC/05141.csv,0.001585061545483768,0.0018632950959727168,42.184827971505
data/SYNTHETIC/05142.csv,0.0010895454324781895,0.0008317201863974333,28.997162139974535
data/SYNTHETIC/05143.csv,0.0008797486661933362,0.0009209556737914681,23.41363100206945
data/SYNTHETIC/05144.csv,0.0010340361623093486,0.0009234974859282374,27.519838423701003
data/SYNTHETIC/05145.csv,1.5614548829034902e-05,1.5561496184091084e-05,0.4155656025359349
data/SYNTHETIC/05146.csv,0.0006829815683886409,0.0006585848168469965,18.17687146109529
data/SYNTHETIC/05147.csv,0.0012642975198104978,0.0015318815130740404,33.64801419223659
data/SYNTHETIC/05148.csv,0.0004981713718734682,0.0005374414613470435,13.258332891040482
data/SYNTHETIC/05149.csv,0.0012704748660326004,0.0012159415055066347,33.81241808459163
data/SYNTHETIC/05150.csv,0.001376266940496862,0.001367555232718587,36.62796835438348
data/SYNTHETIC/05151.csv,0.0003198118065483868,0.0002895076177082956,8.511471419478767
data/SYNTHETIC/05152.csv,0.002748502418398857,0.00238411920145154,73.14864336326718
data/SYNTHETIC/05153.csv,0.002127213403582573,0.0021798727102577686,56.613657522946596
data/SYNTHETIC/05154.csv,0.0017555871745571494,0.0017919136444106698,46.723197063663974
data/SYNTHETIC/05155.csv,0.0003857442643493414,0.0003550361143425107,10.266197851393372
data/SYNTHETIC/05156.csv,0.0010053168516606092,0.001051316037774086,26.755502690095454
data/SYNTHETIC/05157.csv,0.0010345816845074296,0.0009156166343018413,27.53435695148073
data/SYNTHETIC/05158.csv,0.0007856154115870595,0.0007609701133333147,20.908368563978
data/SYNTHETIC/05159.csv,0.001589977997355163,0.0016476006712764502,42.31567442161031
data/SYNTHETIC/05160.csv,0.001524721970781684,0.0015653943410143256,40.578950530383736
data/SYNTHETIC/05161.csv,0.0010321238078176975,0.001019927323795855,27.468943021260202
data/SYNTHETIC/05162.csv,0.0008859470253810287,0.0008470760658383369,23.578594133490697
data/SYNTHETIC/05163.csv,0.0012765893479809165,0.0012634119484573603,33.97514890716411
data/SYNTHETIC/05164.csv,0.00259169633500278,0.002334578661248088,68.97540625976399
data/SYNTHETIC/05165.csv,0.002014108933508396,0.0020108032040297985,53.603495156392455
data/SYNTHETIC/05166.csv,0.0014588941121473908,0.0014660380547866225,38.82700790069066
data/SYNTHETIC/05167.csv,0.0017194050597026944,0.0017294714925810695,45.76024625892751
data/SYNTHETIC/05168.csv,0.002031317912042141,0.0018846532329916954,54.06149491108954
data/SYNTHETIC/05169.csv,0.0012724889675155282,0.001314216060563922,33.86602138145827
data/SYNTHETIC/05170.csv,0.000738466449547559,0.000732713844627142,19.653546088258736
data/SYNTHETIC/05171.csv,0.002315070480108261,0.0019523001974448562,61.61328575760126
data/SYNTHETIC/05172.csv,0.001305389916524291,0.0014055510982871056,34.74164723837748
data/SYNTHETIC/05173.csv,0.0012221185024827719,0.001337754656560719,32.52546182507649
data/SYNTHETIC/05174.csv,0.00037849010550417006,0.0003724134585354477,10.073135667887982
data/SYNTHETIC/05175.csv,0.001217943150550127,0.0011767534306272864,32.41433900874108
data/SYNTHETIC/05176.csv,0.00045948350452817976,0.0004338464350439608,12.228693989512976
data/SYNTHETIC/05177.csv,0.002296860096976161,0.0021234776359051466,61.12863462092355
data/SYNTHETIC/05178.csv,0.001709904638119042,0.0016096048057079315,45.50740203890018
data/SYNTHETIC/05179.csv,0.0014331127749755979,0.0013290912611410022,38.14086339320056
data/SYNTHETIC/05180.csv,0.0016580655938014388,0.0016005903016775846,44.12775771343149
data/SYNTHETIC/05181.csv,0.0010922483634203672,0.001043910626322031,29.069097944069654
data/SYNTHETIC/05182.csv,0.0012878827983513474,0.001420015236362815,34.27571279532276
data/SYNTHETIC/05183.csv,6.967562512727454e-05,6.800916162319481e-05,1.8543470871372847
data/SYNTHETIC/05184.csv,0.00042880597175098956,0.0004094559990335256,11.412242132180836
data/SYNTHETIC/05185.csv,0.002056345110759139,0.002027742564678192,54.72756877774373
data/SYNTHETIC/05186.csv,0.0004127435677219182,0.00043487324728630483,10.984757311351132
data/SYNTHETIC/05187.csv,0.0009286864660680294,0.0010989141883328557,24.716061607934535
data/SYNTHETIC/05188.csv,0.0012624269584193826,0.0012473707320168614,33.59823107137345
data/SYNTHETIC/05189.csv,0.000825947558041662,0.0008732856367714703,21.981768309720792
data/SYNTHETIC/05190.csv,0.00046675308840349317,0.0004582943220157176,12.422166694770567
data/SYNTHETIC/05191.csv,8.357535989489406e-05,8.484602585667744e-05,2.2242746282427106
data/SYNTHETIC/05192.csv,0.0013122049858793616,0.0011790080461651087,34.92302349419333
data/SYNTHETIC/05193.csv,0.001530041336081922,0.0013290607603266835,40.720520118484274
data/SYNTHETIC/05194.csv,0.0019864679779857397,0.0019631334580481052,52.86785876611248
data/SYNTHETIC/05195.csv,0.0012071123346686363,0.0011888113804161549,32.12608767487109
data/SYNTHETIC/05196.csv,0.0014229583321139216,0.0013841722393408418,37.87061305087991
data/SYNTHETIC/05197.csv,0.0023460511583834887,0.0019561380613595247,62.43780552921817
data/SYNTHETIC/05198.csv,0.001565238693729043,0.0014583818847313523,41.65726259490475
data/SYNTHETIC/05199.csv,0.00026148324832320213,0.0002616062411107123,6.959115170873702
data/SYNTHETIC/05200.csv,7.375093264272436e-05,6.662273517576978e-05,1.9628073213534663
data/SYNTHETIC/05201.csv,0.0021300921216607094,0.0024440367706120014,56.69027172587812
data/SYNTHETIC/05202.csv,0.0014973717043176293,0.001499971840530634,39.85105053870939
data/SYNTHETIC/05203.csv,0.0012394307414069772,0.0012941554887220263,32.98620975180529
data/SYNTHETIC/05204.csv,0.0006144311628304422,0.0006588045507669449,16.35247096756939
data/SYNTHETIC/05205.csv,0.00023990319459699094,0.00026210304349660873,6.384783621004317
data/SYNTHETIC/05206.csv,0.0007311132503673434,0.0008004707051441073,19.457848045276478
data/SYNTHETIC/05207.csv,0.0010450102854520082,0.0014192027738317847,27.811903737019747
data/SYNTHETIC/05208.csv,0.00115047802682966,0.0010301904985681176,30.61882220604457
data/SYNTHETIC/05209.csv,0.0011255239369347692,0.00110240385401994,29.954694057581946
data/SYNTHETIC/05210.csv,0.000372594891814515,0.000371285219443962,9.916240450751502
data/SYNTHETIC/05211.csv,0.000613186159171164,0.0005957460962235928,16.31933644018136
data/SYNTHETIC/05212.csv,0.00205419072881341,0.0018477585399523377,54.67023205664009
data/SYNTHETIC/05213.csv,0.0005619021249003708,0.0005820728838443756,14.95446315209847
data/SYNTHETIC/05214.csv,0.0017191246151924133,0.0016477328026667237,45.75278250873089
data/SYNTHETIC/05215.csv,0.0013765939511358738,0.0013283349107950926,36.636671415530145
data/SYNTHETIC/05216.csv,0.00031608669087290764,0.0002736431488301605,8.412331190891564
data/SYNTHETIC/05217.csv,0.0017149057239294052,0.0017567777540534735,45.64050093665719
data/SYNTHETIC/05218.csv,0.0013213856145739555,0.001328428159467876,35.16735674627125
data/SYNTHETIC/05219.csv,0.0009450484649278224,0.0009386866586282849,25.151519845589064
data/SYNTHETIC/05220.csv,0.0014254255220293999,0.001243556383997202,37.93627484329045
data/SYNTHETIC/05221.csv,0.0012248014099895954,0.0012720914091914892,32.59686472546309
data/SYNTHETIC/05222.csv,0.001040010480210185,0.0010468980763107538,27.678838920313865
data/SYNTHETIC/05223.csv,0.0022607503924518824,0.0016702743014320731,60.1676109447144
data/SYNTHETIC/05224.csv,0.0009735251660458744,0.0008274207357317209,25.9093987691449
data/SYNTHETIC/05225.csv,0.0005208550137467682,0.00048382446402683854,13.86203533585649
data/SYNTHETIC/05226.csv,0.0007777147111482918,0.000862360349856317,20.69809932250064
data/SYNTHETIC/05227.csv,0.0006672205636277795,0.000636459153611213,17.757408080389723
data/SYNTHETIC/05228.csv,0.0016299611888825893,0.0013507071416825056,43.37978708092123
data/SYNTHETIC/05229.csv,0.0006319129606708884,0.0006333407363854349,16.817731535295025
data/SYNTHETIC/05230.csv,0.0007114718900993466,0.0006871407385915518,18.93511288310401
data/SYNTHETIC/05231.csv,0.0002379412471782416,0.00024508824571967125,6.332568352401722
data/SYNTHETIC/05232.csv,0.0006449247593991458,0.000650934292934835,17.164027546648867
data/SYNTHETIC/05233.csv,0.0014783346559852362,0.0015158946625888348,39.344398534391075
data/SYNTHETIC/05234.csv,0.002327258000150323,0.0021835353691130877,61.937644416000694
data/SYNTHETIC/05235.csv,0.00013451390259433538,0.00011024634295608848,3.5799530036456417
data/SYNTHETIC/05236.csv,0.00033601908944547176,0.00033792926114983857,8.942812046501786
data/SYNTHETIC/05237.csv,0.0019094941671937704,0.001966027310118079,50.819277765695006
data/SYNTHETIC/05238.csv,0.0009152308921329677,0.0008717203163541853,24.357954963226803
data/SYNTHETIC/05239.csv,0.0017621353035792708,0.001618114998564124,46.897468969458714
data/SYNTHETIC/05240.csv,0.0019501091446727514,0.0018259804928675294,51.90020477632061
data/SYNTHETIC/05241.csv,0.0007452840218320489,0.0008411635062657297,19.83498895703815
data/SYNTHETIC/05242.csv,0.0006270611775107682,0.0006574575672857463,16.688606178271584
data/SYNTHETIC/05243.csv,0.0009851029608398676,0.001016661524772644,26.217530199792236
data/SYNTHETIC/05244.csv,0.001223754370585084,0.001233793213032186,32.568998818751425
data/SYNTHETIC/05245.csv,0.00153401552233845,0.0016224163118749857,40.82628911151551
data/SYNTHETIC/05246.csv,0.0012448732741177082,0.0012313303304836154,33.131057317368686
data/SYNTHETIC/05247.csv,9.86161976470612e-05,9.959036106010899e-05,2.6245714841788867
data/SYNTHETIC/05248.csv,0.0012858951231464744,0.0013008581008762121,34.22281280742027
data/SYNTHETIC/05249.csv,0.00031388842035084963,0.00010807796934386715,8.353826419217512
data/SYNTHETIC/05250.csv,0.0003330087929498404,0.0003396015672478825,8.862696015567053
data/SYNTHETIC/05251.csv,0.000731924083083868,0.0007395916036330163,19.479427547194064
data/SYNTHETIC/05252.csv,0.0008490788168273866,0.0008782672812230885,22.597383631044067
data/SYNTHETIC/05253.csv,0.00023043622786644846,0.0002431446482660249,6.132829768437659
data/SYNTHETIC/05254.csv,0.000510118727106601,0.00047353151603601873,13.576299803215079
data/SYNTHETIC/05255.csv,0.0016003834316506982,0.001601248630322516,42.59260464995168
data/SYNTHETIC/05256.csv,0.001433666213415563,0.00137047516182065,38.1555926038418
data/SYNTHETIC/05257.csv,0.0019619581289589405,0.0018434853991493583,52.21555364411324
data/SYNTHETIC/05258.csv,0.0015247222036123276,0.0013750654179602861,40.578956726938486
data/SYNTHETIC/05259.csv,0.0029567282181233168,0.003269757842645049,78.69036479713395
data/SYNTHETIC/05260.csv,0.00043512805132195354,0.0004479093768168241,11.580497957882471
data/SYNTHETIC/05261.csv,0.0003921606985386461,0.00043513294076547027,10.436964830907527
data/SYNTHETIC/05262.csv,0.0016128181014209986,0.0013873119605705142,42.923540951218456
data/SYNTHETIC/05263.csv,0.0004273245285730809,0.0004396758449729532,11.372815003443975
data/SYNTHETIC/05264.csv,0.0025974612217396498,0.002422134857624769,69.12883295537904
data/SYNTHETIC/05265.csv,0.0007984770927578211,0.0010507915867492557,21.25066934665665
data/SYNTHETIC/05266.csv,0.0008690130780451,0.0008584101451560855,23.12791405909229
data/SYNTHETIC/05267.csv,0.001585040707141161,0.0015511749079450965,42.18427337985486
data/SYNTHETIC/05268.csv,0.00037221264210529625,0.000354103947756812,9.906067256990355
data/SYNTHETIC/05269.csv,0.0007242481806315482,0.0007197930244728923,19.275141079328023
data/SYNTHETIC/05270.csv,0.0013103532837703824,0.00132495176512748,34.87374229426496
data/SYNTHETIC/05271.csv,0.0014919342938810587,0.0014972934732213616,39.706339297350496
data/SYNTHETIC/05272.csv,0.0019267915049567819,0.0016683890717104077,51.27962911291979
data/SYNTHETIC/05273.csv,0.0014844080433249474,0.0015358650125563145,39.50603566505015
data/SYNTHETIC/05274.csv,0.0017820203211158514,0.0017657200805842876,47.42668882617727
data/SYNTHETIC/05275.csv,0.0011528395116329193,0.0012043104507029057,30.681670762598515
data/SYNTHETIC/05276.csv,0.0018637592438608408,0.0019017790909856558,49.60208851611242
data/SYNTHETIC/05277.csv,0.0012089512310922146,0.0011845291592180729,32.1750280642882
data/SYNTHETIC/05278.csv,0.002081022597849369,0.0015437081456184387,55.38433541916311
data/SYNTHETIC/05279.csv,0.00035624104202724993,0.0003447686030995101,9.48099909251323
data/SYNTHETIC/05280.csv,0.0008493364439345896,0.001023799879476428,22.60424011887517
data/SYNTHETIC/05281.csv,0.0003935938293579966,0.0004040850908495486,10.475106174533721
data/SYNTHETIC/05282.csv,0.0017962136771529913,0.0017098189564421773,47.80443080374971
data/SYNTHETIC/05283.csv,0.001209918293170631,0.001260789344087243,32.20076545444317
data/SYNTHETIC/05284.csv,0.000423714576754719,0.0004774856206495315,11.276739745750092
data/SYNTHETIC/05285.csv,0.00036891872878186405,0.00040977398748509586,9.81840304780053
data/SYNTHETIC/05286.csv,6.496000423794612e-05,3.8951442547841e-05,1.7288455527886981
data/SYNTHETIC/05287.csv,0.001303594559431076,0.0012762232217937708,34.69386560469866
data/SYNTHETIC/05288.csv,0.0012560629984363914,0.0013294396921992302,33.42886064038612
data/SYNTHETIC/05289.csv,0.00010913647565757856,0.00011061321856686845,2.9045581631507957
data/SYNTHETIC/05290.csv,0.0013696729438379407,0.0013314831303432584,36.452475727302954
data/SYNTHETIC/05291.csv,0.001634900807403028,0.0015774094499647617,43.51125008822419
data/SYNTHETIC/05292.csv,0.00011850338341901079,0.00012519845040515065,3.153849046313553
data/SYNTHETIC/05293.csv,0.0005876875366084278,0.0006257726345211267,15.640716099296696
data/SYNTHETIC/05294.csv,0.0003675192128866911,0.0003300115349702537,9.781156331766397
data/SYNTHETIC/05295.csv,0.00014332268619909883,0.00015629528206773102,3.814389970502816
data/SYNTHETIC/05296.csv,0.0018392653437331319,0.0018459203420206904,48.95020785811357
data/SYNTHETIC/05297.csv,8.160516154021025e-05,8.946670277509838e-05,2.1718397692311555
data/SYNTHETIC/05298.csv,0.00039643520722165704,0.0003213065501768142,10.55072660499718
data/SYNTHETIC/05299.csv,0.0004797068249899894,0.00012066797353327274,12.766917440283578
data/SYNTHETIC/05300.csv,0.002061879727989435,0.0019446688238531351,54.87486708071083
data/SYNTHETIC/05301.csv,0.0002082744613289833,0.00019182046526111662,5.543016513809562
data/SYNTHETIC/05302.csv,0.00046850251965224743,0.0004690178611781448,12.468726058024913
data/SYNTHETIC/05303.csv,0.00215226411819458,0.0018748354632407427,57.280357241630554
data/SYNTHETIC/05304.csv,0.0011587062617763877,0.0012148360256105661,30.837808450916782
data/SYNTHETIC/05305.csv,0.0021436752285808325,0.00214913091622293,57.051772533450276
data/SYNTHETIC/05306.csv,0.001948353718034923,0.0015674307942390442,51.85348585178144
data/SYNTHETIC/05307.csv,0.0015306957066059113,0.0014937088126316667,40.73793553560972
data/SYNTHETIC/05308.csv,0.0005972884246148169,0.0005944643635302782,15.896234132698737
data/SYNTHETIC/05309.csv,0.0014219454023987055,0.0014411971205845475,37.84365493943915
data/SYNTHETIC/05310.csv,0.0011526828166097403,0.001270615728572011,30.677500481251627
data/SYNTHETIC/05311.csv,0.0018564405618235469,0.0019774388056248426,49.40730911237188
data/SYNTHETIC/05312.csv,0.0013123583048582077,0.001173063414171338,34.92710392549634
data/SYNTHETIC/05313.csv,0.0003514640557114035,0.0004658950783777982,9.353864378703292
data/SYNTHETIC/05314.csv,0.00254476023837924,0.0020732677076011896,67.7262489842251
data/SYNTHETIC/05315.csv,0.0015851336065679789,0.0016464226646348834,42.18674580520019
data/SYNTHETIC/05316.csv,0.0013166061835363507,0.0013241780688986182,35.04015696863644
data/SYNTHETIC/05317.csv,0.00013548394781537354,0.00012866966426372528,3.6057697871583514
data/SYNTHETIC/05318.csv,0.0016621852992102504,0.0016020747134462,44.2373995531816
data/SYNTHETIC/05319.csv,0.000691062246914953,0.0006259995279833674,18.39193063939456
data/SYNTHETIC/05320.csv,0.001415176666341722,0.0015390889020636678,37.66351179801859
data/SYNTHETIC/05321.csv,0.0009897027630358934,0.001027535879984498,26.339949335437268
data/SYNTHETIC/05322.csv,0.0014443445252254605,0.0013970625586807728,38.43978519435041
data/SYNTHETIC/05323.csv,0.0003903620527125895,0.0003565052174963057,10.389095670892857
data/SYNTHETIC/05324.csv,0.0004969628062099218,0.0004628813767340034,13.22616812447086
data/SYNTHETIC/05325.csv,0.001630752463825047,0.001672441023401916,43.4008460722398
data/SYNTHETIC/05326.csv,0.00041749654337763786,0.0003804619191214442,11.111253005452454
data/SYNTHETIC/05327.csv,0.0015878955600783229,0.0017851692391559482,42.260252435924485
data/SYNTHETIC/05328.csv,0.0011839143699035048,0.0010281563736498356,31.508697040611878
data/SYNTHETIC/05329.csv,0.0017895528580993414,0.0017376728355884552,47.62715976545587
data/SYNTHETIC/05330.csv,0.0015688497805967927,0.0015118570299819112,41.75336806080304
data/SYNTHETIC/05331.csv,0.0002331511495867744,0.0002508776669856161,6.205084695102414
data/SYNTHETIC/05332.csv,0.00034098810283467174,0.0003149900585412979,9.075057368841954
data/SYNTHETIC/05333.csv,0.00022419332526624203,0.00019674631766974926,5.966681158635765
data/SYNTHETIC/05334.csv,0.0016018362948670983,0.0015129370149224997,42.631271151592955
data/SYNTHETIC/05335.csv,0.0014057991793379188,0.001435504644177854,37.41393935889937
data/SYNTHETIC/05336.csv,0.0015996481524780393,0.0013825517380610108,42.57303593005054
data/SYNTHETIC/05337.csv,0.0009573552524670959,0.0009567043161951005,25.47905268915929
data/SYNTHETIC/05338.csv,0.0001074859028449282,0.0001178859529318288,2.8606298183149192
data/SYNTHETIC/05339.csv,0.001097788685001433,0.00117619673255831,29.216548062628135
data/SYNTHETIC/05340.csv,0.0020744737703353167,0.0018886392936110497,55.21004492370412
data/SYNTHETIC/05341.csv,0.0005835086922161281,0.0005790943978354335,15.529500334640034
data/SYNTHETIC/05342.csv,0.0005059102550148964,0.00044191593769937754,13.464295526966453
data/SYNTHETIC/05343.csv,0.00046135287266224623,0.0005898014642298222,12.278445353033021
data/SYNTHETIC/05344.csv,0.001298314891755581,0.0013111303560435772,34.55335252918303
data/SYNTHETIC/05345.csv,0.0007251554052345455,0.000693121983204037,19.299285954912193
data/SYNTHETIC/05346.csv,0.00013160388334654272,0.0001402358611812815,3.502505751384888
data/SYNTHETIC/05347.csv,0.0012950297677889466,0.0012094078119844198,34.465922239935026
data/SYNTHETIC/05348.csv,0.0004924748209305108,0.0005816154880449176,13.106724884244613
data/SYNTHETIC/05349.csv,0.0018968931399285793,0.0018886160105466843,50.48391402605921
data/SYNTHETIC/05350.csv,0.0012481645680963993,0.001248176908120513,33.21865181531757
data/SYNTHETIC/05351.csv,0.00035839289193972945,0.0003496077551972121,9.53826842608396
data/SYNTHETIC/05352.csv,9.02808242244646e-05,9.01303137652576e-05,2.4027338559099007
data/SYNTHETIC/05353.csv,0.0025098281912505627,0.0024344611447304487,66.79656748194247
data/SYNTHETIC/05354.csv,0.0009248261922039092,0.0008679747115820646,24.61332427931484
data/SYNTHETIC/05355.csv,0.0011446727439761162,0.0010867342352867126,30.464320408180356
data/SYNTHETIC/05356.csv,0.00045169677468948066,0.00046135360025800765,12.021457961585838
data/SYNTHETIC/05357.csv,0.0006652160082012415,0.0006292916950769722,17.70405884226784
data/SYNTHETIC/05358.csv,0.0004970228765159845,0.0005581185687333345,13.227766835596412
data/SYNTHETIC/05359.csv,0.0010625552386045456,0.001058376976288855,28.278845120221376
data/SYNTHETIC/05360.csv,0.0013094762107357383,0.0013388714287430048,34.85039987252094
data/SYNTHETIC/05361.csv,0.00042331332224421203,0.0004120194062124938,11.266060758207459
data/SYNTHETIC/05362.csv,0.0009938497096300125,0.0013480547349900007,26.450316172093153
data/SYNTHETIC/05363.csv,0.00033143028849735856,0.0003281477838754654,8.8206856980687
data/SYNTHETIC/05364.csv,0.001842893660068512,0.001733249519020319,49.04677186906338
data/SYNTHETIC/05365.csv,0.0006522858166135848,0.0005959070986136794,17.359934723353945
data/SYNTHETIC/05366.csv,0.0009882762096822262,0.0010330751538276672,26.301983044482768
data/SYNTHETIC/05367.csv,4.0634906326886266e-05,3.730158641701564e-05,1.081457396983751
data/SYNTHETIC/05368.csv,0.0012260249350219965,0.0011589822825044394,32.629427620675415
data/SYNTHETIC/05369.csv,0.0004567741125356406,0.0005455628852359951,12.156586231023539
data/SYNTHETIC/05370.csv,0.0006840950809419155,0.000719743431545794,18.20650648418814
data/SYNTHETIC/05371.csv,0.0010084621608257294,0.0008445904240943491,26.83921194821596
data/SYNTHETIC/05372.csv,0.0023372157011181116,0.0017119890544563532,62.20265866955742
data/SYNTHETIC/05373.csv,0.0020370339043438435,0.001561683719046414,54.21362033020705
data/SYNTHETIC/05374.csv,0.0015770356403663754,0.0016056789318099618,41.971226532710716
data/SYNTHETIC/05375.csv,0.0005081340787000954,0.0005772868171334267,13.52348037052434
data/SYNTHETIC/05376.csv,0.0005324372323229909,0.000563165987841785,14.17028450104408
data/SYNTHETIC/05377.csv,0.0007972366292960942,0.0007592508918605745,21.21765565208625
data/SYNTHETIC/05378.csv,0.00013449475227389485,0.00013341967132873833,3.5794433370174374
data/SYNTHETIC/05379.csv,0.002417939016595483,0.0014950537588447332,64.35102898767218
data/SYNTHETIC/05380.csv,0.001704464084468782,0.0016898494213819504,45.36260714405216
data/SYNTHETIC/05381.csv,0.0017108614556491375,0.0015211690915748477,45.532866780646145
data/SYNTHETIC/05382.csv,0.00019380137382540852,0.00019284461450297385,5.157829762989422
data/SYNTHETIC/05383.csv,0.0020085684955120087,0.0020132793579250574,53.4560419395566
data/SYNTHETIC/05384.csv,0.0019248808966949582,0.002009892137721181,51.22878018463962
data/SYNTHETIC/05385.csv,0.0012178623583167791,0.0012744630221277475,32.41218880424276
data/SYNTHETIC/05386.csv,0.0017526349984109402,0.0016930351266637444,46.64462784770876
data/SYNTHETIC/05387.csv,0.002017872640863061,0.0020084751304239035,53.703662463929504
data/SYNTHETIC/05388.csv,0.0005436780047602952,0.0005623465985991061,14.469446418690495
data/SYNTHETIC/05389.csv,0.0006119563477113843,0.000612144242040813,16.28660623799078
data/SYNTHETIC/05390.csv,0.0003842280711978674,0.0003600602503865957,10.225845886860043
data/SYNTHETIC/05391.csv,0.0005413249018602073,0.0005436522187665105,14.406820938107558
data/SYNTHETIC/05392.csv,0.0006414534291252494,0.0005342407384887338,17.071641562739387
data/SYNTHETIC/05393.csv,0.0018219035118818283,0.0018291170708835125,48.48814006522298
data/SYNTHETIC/05394.csv,0.0019751228392124176,0.0018905384931713343,52.56591924279928
data/SYNTHETIC/05395.csv,0.0017604705644771457,0.0017905874410644174,46.853163602994755
data/SYNTHETIC/05396.csv,0.0009292993345297873,0.0009828651091083884,24.73237248917576
data/SYNTHETIC/05397.csv,0.001560455420985818,0.0014811314176768064,41.52996057411656
data/SYNTHETIC/05398.csv,0.0005617767455987632,0.0005527226021513343,14.951126307365485
data/SYNTHETIC/05399.csv,0.000475982524221763,0.000487064040498808,12.667798899638
data/SYNTHETIC/05400.csv,0.0009242736268788576,0.001066833734512329,24.598618305753917
data/SYNTHETIC/05401.csv,0.0007431526319123805,0.0007180041866376996,19.778264145716093
data/SYNTHETIC/05402.csv,0.00025450377142988145,0.0002509213227313012,6.773363372834865
data/SYNTHETIC/05403.csv,0.0018604120705276728,0.002136839088052511,49.51300684502348
data/SYNTHETIC/05404.csv,0.0019336766563355923,0.001491151750087738,51.46287053171545
data/SYNTHETIC/05405.csv,0.0011034375056624413,0.001136976177804172,29.36688577570021
data/SYNTHETIC/05406.csv,0.00031528252293355763,0.000385994091629982,8.390929065353703
data/SYNTHETIC/05407.csv,0.0011134253581985831,0.0007981459493748844,29.63270248309709
data/SYNTHETIC/05408.csv,0.0015556223224848509,0.0014228029176592827,41.40133249061182
data/SYNTHETIC/05409.csv,0.0004867927636951208,0.00047069828724488616,12.955502612981945
data/SYNTHETIC/05410.csv,0.0008114057127386332,0.0008373220334760845,21.594751638825983
data/SYNTHETIC/05411.csv,0.001118617714382708,0.001139471190981567,29.770891850581393
data/SYNTHETIC/05412.csv,0.0017033432377502322,0.001635860768146813,45.33277692948468
data/SYNTHETIC/05413.csv,0.0013016901211813092,0.001343005453236401,34.643180885119364
data/SYNTHETIC/05414.csv,0.00021746345737483352,0.00022210269526112825,5.787572454573819
data/SYNTHETIC/05415.csv,0.000254093756666407,0.00023575314844492823,6.762451239919756
data/SYNTHETIC/05416.csv,0.0011571894865483046,0.0011356964241713285,30.797440994996578
data/SYNTHETIC/05417.csv,0.0007443898939527571,0.0006429553031921387,19.811192637658678
data/SYNTHETIC/05418.csv,0.0010371702956035733,0.0010616921354085207,27.6032502471935
data/SYNTHETIC/05419.csv,8.09431221568957e-05,8.455471106572077e-05,2.154220253083622
data/SYNTHETIC/05420.csv,1.6600573871983215e-05,1.6337198758265004e-05,0.4418076730289613
data/SYNTHETIC/05421.csv,0.0012958094011992216,0.0012944599147886038,34.486671403516084
data/SYNTHETIC/05422.csv,0.00020263539045117795,0.0001921512302942574,5.39293828146765
data/SYNTHETIC/05423.csv,0.0012021538568660617,0.0011314729927107692,31.994122746633366
data/SYNTHETIC/05424.csv,0.002986467909067869,0.0029506245627999306,79.48185693193227
data/SYNTHETIC/05425.csv,0.00014546368038281798,0.0001398282329319045,3.871370389708318
data/SYNTHETIC/05426.csv,0.0012256294721737504,0.0015185645315796137,32.61890277243219
data/SYNTHETIC/05427.csv,0.0017449920997023582,0.001701236586086452,46.44121974147856
data/SYNTHETIC/05428.csv,0.0005471835029311478,0.0005426291027106345,14.562741747009568
data/SYNTHETIC/05429.csv,0.0018077458953484893,0.001650880672968924,48.111349258804694
data/SYNTHETIC/05430.csv,0.0016124958638101816,0.0015626171370968223,42.914964919444174
data/SYNTHETIC/05431.csv,0.0013765206094831228,0.001300689298659563,36.63471950078383
data/SYNTHETIC/05432.csv,0.0014927709707990289,0.0015761539107188582,39.728606616845354
data/SYNTHETIC/05433.csv,0.0013971161097288132,0.0013894712319597602,37.182848144322634
data/SYNTHETIC/05434.csv,0.002257272368296981,0.0019700361881405115,60.07504680985585
data/SYNTHETIC/05435.csv,0.0007242049905471504,0.0007176128565333784,19.27399161842186
data/SYNTHETIC/05436.csv,0.00038756642607040703,0.00034804429742507637,10.314692863437813
data/SYNTHETIC/05437.csv,0.0018688885029405355,0.0017793256556615233,49.73859861725941
data/SYNTHETIC/05438.csv,0.0007085416582413018,0.0007327020284719765,18.857127692434005
data/SYNTHETIC/05439.csv,0.00031075094011612236,0.00031322226277552545,8.27032552025048
data/SYNTHETIC/05440.csv,0.0008103976724669337,0.0007145561394281685,21.567923655034974
data/SYNTHETIC/05441.csv,0.0013762960443273187,0.0013131530722603202,36.62874292372726
data/SYNTHETIC/05442.csv,0.0001573757763253525,0.0001615346991457045,4.188398911122931
data/SYNTHETIC/05443.csv,0.0006655238685198128,0.0006713111652061343,17.7122522367863
data/SYNTHETIC/05444.csv,0.0024455436505377293,0.0023875832557678223,65.08569871541113
data/SYNTHETIC/05445.csv,0.0008569559431634843,0.0008342330693267286,22.807025471352972
data/SYNTHETIC/05446.csv,0.0012162079801782966,0.0012096037389710546,32.368159184465185
data/SYNTHETIC/05447.csv,0.00029227635241113603,0.0003045308403670788,7.778642843069974
data/SYNTHETIC/05448.csv,0.001195732969790697,0.0012064534239470959,31.823237258009613
data/SYNTHETIC/05449.csv,0.001232537324540317,0.0012413135264068842,32.802748355316
data/SYNTHETIC/05450.csv,0.0004099192447029054,0.0003728889278136194,10.909590778523125
data/SYNTHETIC/05451.csv,0.0010663892608135939,0.001054014777764678,28.380883787292987
data/SYNTHETIC/05452.csv,0.0020646105986088514,0.0019885648507624865,54.94754647137597
data/SYNTHETIC/05453.csv,0.0019160036463290453,0.0016491604037582874,50.99252104340121
data/SYNTHETIC/05454.csv,0.0011461905669420958,0.00126628577709198,30.504715748596936
data/SYNTHETIC/05455.csv,0.0008434438495896757,0.0008041603141464293,22.447414612979628
data/SYNTHETIC/05456.csv,0.0017199879512190819,0.0015923397149890661,45.775759333744645
data/SYNTHETIC/05457.csv,0.0004087356792297214,0.0004432084388099611,10.878091367019806
data/SYNTHETIC/05458.csv,0.0023492686450481415,0.0021693822927773,62.52343571931124
data/SYNTHETIC/05459.csv,2.3334585421252996e-05,1.8005301171797328e-05,0.6210266564012272
data/SYNTHETIC/05460.csv,0.0014879762893542647,0.0014827684499323368,39.6010009648744
data/SYNTHETIC/05461.csv,0.0010607159929350019,0.0010621537221595645,28.22989543597214
data/SYNTHETIC/05462.csv,0.001105039962567389,0.001037434907630086,29.40953356376849
data/SYNTHETIC/05463.csv,0.0005171733791939914,0.0004753068496938795,13.764052313868888
data/SYNTHETIC/05464.csv,0.00019003736088052392,0.0001832176640164107,5.057654322474264
data/SYNTHETIC/05465.csv,0.001419287291355431,0.0014504509745165706,37.77291197213344
data/SYNTHETIC/05466.csv,0.0008581799920648336,0.0008565597236156464,22.839602308813483
data/SYNTHETIC/05467.csv,2.1985933926771395e-05,2.1593481505988166e-05,0.5851336455270939
data/SYNTHETIC/05468.csv,0.0007511976873502135,0.0007362174219451845,19.992375251138583
data/SYNTHETIC/05469.csv,0.0006103821797296405,0.0006087687215767801,16.244711331324652
data/SYNTHETIC/05470.csv,0.0010757532436400652,0.0010399299208074808,28.630096826236695
data/SYNTHETIC/05471.csv,0.0019587953574955463,0.00190086686052382,52.13137964438647
data/SYNTHETIC/05472.csv,0.00010593415208859369,0.00010893004946410656,2.8193315236858325
data/SYNTHETIC/05473.csv,0.0011995253153145313,0.0012591172708198428,31.924166741780937
data/SYNTHETIC/05474.csv,0.0014358401531353593,0.0015174804721027613,38.21344983554445
data/SYNTHETIC/05475.csv,0.001602038973942399,0.0017918728990480304,42.63666525250301
data/SYNTHETIC/05476.csv,0.0005186618654988706,0.0007038544863462448,13.803666888386942
data/SYNTHETIC/05477.csv,0.00021656235912814736,0.00020839163335040212,5.763590625836514
data/SYNTHETIC/05478.csv,0.0003852730442304164,0.0003333352506160736,10.253656799148303
data/SYNTHETIC/05479.csv,0.001088062534108758,0.001094864564947784,28.957696282770485
data/SYNTHETIC/05480.csv,0.0004764350305777043,0.00042733995360322297,12.679841903795023
data/SYNTHETIC/05481.csv,0.0016744788736104965,0.0015288330614566803,44.564580742269754
data/SYNTHETIC/05482.csv,0.0007557255448773503,0.0007213173666968942,20.1128796513658
data/SYNTHETIC/05483.csv,0.0003149203839711845,0.0002997190458700061,8.381291099009104
data/SYNTHETIC/05484.csv,0.00167665327899158,0.00155885040294379,44.62245036708191
data/SYNTHETIC/05485.csv,0.0021385883446782827,0.0016530656721442938,56.91639020526782
data/SYNTHETIC/05486.csv,0.0017262002220377326,0.0016940291970968246,45.941092709312215
data/SYNTHETIC/05487.csv,0.000154195906361565,0.000145780824823305,4.103769851906691
data/SYNTHETIC/05488.csv,0.0010987602872774005,0.0010675848461687565,29.242406285600737
data/SYNTHETIC/05489.csv,0.002072836272418499,0.002092099515721202,55.16646455414593
data/SYNTHETIC/05490.csv,0.0014055527281016111,0.0014677128056064248,37.40738030569628
data/SYNTHETIC/05491.csv,0.0001656739041209221,0.00015625143714714795,4.4092452842742205
data/SYNTHETIC/05492.csv,7.05568163539283e-05,7.760991138638929e-05,1.8777991104434477
data/SYNTHETIC/05493.csv,0.0016250025946646929,0.0015712733147665858,43.247819054406136
data/SYNTHETIC/05494.csv,0.0015637949109077454,0.0014989719493314624,41.618837758898735
data/SYNTHETIC/05495.csv,0.00039282694342546165,0.0005051286425441504,10.454696272325236
data/SYNTHETIC/05496.csv,0.0004754400870297104,0.00045579843572340906,12.653362476208713
data/SYNTHETIC/05497.csv,0.0005811435403302312,0.00042379662045277655,15.466554182348773
data/SYNTHETIC/05498.csv,0.0019294332014396787,0.001988654723390937,51.34993522311561
data/SYNTHETIC/05499.csv,0.0010348968207836151,0.0010066924151033163,27.542743988335133
data/SYNTHETIC/05500.csv,0.00019833858823403716,0.00019033985154237598,5.278583187260665
data/SYNTHETIC/05501.csv,0.0006332703633233905,0.0005958160618320107,16.853857449488714
data/SYNTHETIC/05502.csv,0.0013092878507450223,0.0013895328156650066,34.84538685972802
data/SYNTHETIC/05503.csv,0.0014159718994051218,0.0014657388674095273,37.68467613076791
data/SYNTHETIC/05504.csv,0.0013230444164946675,0.001256367890164256,35.21150410058908
data/SYNTHETIC/05505.csv,0.001636080676689744,0.0015567907830700278,43.54265112942085
data/SYNTHETIC/05506.csv,0.0006533480482175946,0.0007136308704502881,17.388204955263063
data/SYNTHETIC/05507.csv,0.0011668511433526874,0.0010964875109493732,31.05457632918842
data/SYNTHETIC/05508.csv,0.0005960538983345032,0.0006361263222061098,15.863378450274467
data/SYNTHETIC/05509.csv,0.002887316979467869,0.003367252880707383,76.84305409155786
data/SYNTHETIC/05510.csv,0.0011282089399173856,0.0010856724111363292,30.0261527269613
data/SYNTHETIC/05511.csv,0.0034372361842542887,0.002911556977778673,91.47860380774364
data/SYNTHETIC/05512.csv,0.0016599398804828525,0.0018571349792182446,44.177639979170635
data/SYNTHETIC/05513.csv,0.0019203234696760774,0.002020822139456868,51.10748882195912
data/SYNTHETIC/05514.csv,0.00011351242574164644,0.00010597400250844657,3.0210196986881783
data/SYNTHETIC/05515.csv,0.001544502447359264,0.0013871518895030022,41.10538813401945
data/SYNTHETIC/05516.csv,0.0018604834331199527,0.0018470283830538392,49.51490608905442
data/SYNTHETIC/05517.csv,0.00012855714885517955,0.00010934871534118429,3.4214199596317485
data/SYNTHETIC/05518.csv,0.0002310910786036402,9.601181227480993e-05,6.15025796595728
data/SYNTHETIC/05519.csv,0.0009687927667982876,0.0009855178650468588,25.783450695569627
data/SYNTHETIC/05520.csv,0.0003665411495603621,0.0003637678746599704,9.755126154399477
data/SYNTHETIC/05521.csv,0.0005411263555288315,0.0005607077619060874,14.401536826044321
data/SYNTHETIC/05522.csv,0.001701502362266183,0.0017725953366607428,45.28378386935219
data/SYNTHETIC/05523.csv,0.0018147581722587347,0.0019508458208292723,48.297973996493965
data/SYNTHETIC/05524.csv,9.671835869085044e-05,8.014645572984591e-05,2.5740623981982935
data/SYNTHETIC/05525.csv,0.0016399334417656064,0.0015847113681957126,43.64518861914985
data/SYNTHETIC/05526.csv,0.001482544932514429,0.001463380758650601,39.456450833939016
data/SYNTHETIC/05527.csv,0.0016612809849902987,0.0016670948825776577,44.21333213453181
data/SYNTHETIC/05528.csv,0.0017436486668884754,0.0015686338301748037,46.405465620569885
data/SYNTHETIC/05529.csv,0.0003762712294701487,0.00038327794754877687,10.014082501118537
data/SYNTHETIC/05530.csv,0.0017727797385305166,0.001604212448000908,47.18075996125117
data/SYNTHETIC/05531.csv,0.00042181479511782527,0.00044118918594904244,11.226178957265802
data/SYNTHETIC/05532.csv,0.0010113422758877277,0.001030955114401877,26.915863330475986
data/SYNTHETIC/05533.csv,0.0015607838286086917,0.0013520611682906747,41.53870081459172
data/SYNTHETIC/05534.csv,0.000410748238209635,0.00036625555367209017,10.931653611711226
data/SYNTHETIC/05535.csv,0.0018165236106142402,0.0016930759884417057,48.34495937288739
data/SYNTHETIC/05536.csv,0.0015600642655044794,0.0016525943065062165,41.519550362136215
data/SYNTHETIC/05537.csv,0.0026445870753377676,0.0020649724174290895,70.38304042303935
data/SYNTHETIC/05538.csv,0.0002544806629884988,0.0002581808075774461,6.772748364775907
data/SYNTHETIC/05539.csv,0.0018801359692588449,0.001907053287141025,50.0379386858549
data/SYNTHETIC/05540.csv,0.000826558971311897,0.0008061602711677551,21.998040462494828
data/SYNTHETIC/05541.csv,0.0005949247861281037,0.0006044493056833744,15.833328258013353
data/SYNTHETIC/05542.csv,0.0006908405339345336,0.0006270096055231988,18.386029970133677
data/SYNTHETIC/05543.csv,0.0002101964200846851,0.0002095617091981694,5.594167524133809
data/SYNTHETIC/05544.csv,5.854994378751144e-05,2.3372573195956647e-05,1.5582482039608294
data/SYNTHETIC/05545.csv,0.0009326466824859381,0.0009222593507729471,24.821458807680756
data/SYNTHETIC/05546.csv,0.0003018368443008512,0.00031741190468892455,8.033085774222855
data/SYNTHETIC/05547.csv,0.0013838683953508735,0.0013984378892928362,36.83027347386815
data/SYNTHETIC/05548.csv,0.0002980991266667843,0.00027381363906897604,7.933610157109797
data/SYNTHETIC/05549.csv,0.0014496137155219913,0.0014774674782529473,38.580019424902275
data/SYNTHETIC/05550.csv,0.0009337648516520858,0.0009140732581727207,24.85121776186861
data/SYNTHETIC/05551.csv,0.0017605202738195658,0.0018338582012802362,46.85448656743392
data/SYNTHETIC/05552.csv,0.0020385326351970434,0.0023589949123561382,54.25350755313411
data/SYNTHETIC/05553.csv,0.001392944366671145,0.0012420282000675797,37.07182137458585
data/SYNTHETIC/05554.csv,0.0016957640182226896,0.0017399960197508335,45.13106358097866
data/SYNTHETIC/05555.csv,0.0014943728456273675,0.0014918639790266752,39.77123891352676
data/SYNTHETIC/05556.csv,0.0019415300339460373,0.0015690439613536,51.67188032343984
data/SYNTHETIC/05557.csv,0.00205270410515368,0.002187049714848399,54.630667054560035
data/SYNTHETIC/05558.csv,0.0011908988235518336,0.0011762395733967423,31.6945812900085
data/SYNTHETIC/05559.csv,0.00010678276157705113,0.00010071208816953003,2.841916416611639
data/SYNTHETIC/05560.csv,0.00038225011667236686,0.00036999720032326877,10.173204605118372
data/SYNTHETIC/05561.csv,0.0002949715417344123,4.364404230727814e-05,7.850372611719649
data/SYNTHETIC/05562.csv,0.0015458978014066815,0.0016442055348306894,41.14252408663742
data/SYNTHETIC/05563.csv,0.0005210567032918334,0.0005285795778036118,13.867403101408854
data/SYNTHETIC/05564.csv,0.0018287845887243748,0.0020657230634242296,48.67127304431051
data/SYNTHETIC/05565.csv,0.0008244943455792964,0.0008465858991257846,21.943092513247393
data/SYNTHETIC/05566.csv,0.0004064930835738778,0.0004327021015342325,10.818406926235184
data/SYNTHETIC/05567.csv,0.0013617138611152768,0.0012337598018348217,36.24065269972198
data/SYNTHETIC/05568.csv,0.00014398906205315143,0.00015406867896672338,3.832124897482572
data/SYNTHETIC/05569.csv,0.0013779271394014359,0.001402281690388918,36.672152888029814
data/SYNTHETIC/05570.csv,0.0004300584550946951,0.0004268540069460869,11.445575723890215
data/SYNTHETIC/05571.csv,0.001717863604426384,0.001741819316521287,45.71922196820378
data/SYNTHETIC/05572.csv,0.0006604070658795536,0.0006670499569736421,17.57607365131844
data/SYNTHETIC/05573.csv,0.00029795491718687117,0.0002524950250517577,7.929772166011389
data/SYNTHETIC/05574.csv,0.0018068325007334352,0.0017815351020544767,48.08704017451964
data/SYNTHETIC/05575.csv,0.0014065293362364173,0.0014638309367001057,37.43337175459601
data/SYNTHETIC/05576.csv,0.001554824528284371,0.0016496683238074183,41.38009999576025
data/SYNTHETIC/05577.csv,0.0014521778794005513,0.0014445915585383773,38.64826208236627
data/SYNTHETIC/05578.csv,0.0014896835200488567,0.0014215175760909915,39.64643720258027
data/SYNTHETIC/05579.csv,0.00016360540757887065,0.00015815360529813915,4.354194317304064
data/SYNTHETIC/05580.csv,0.001075608772225678,0.0010887408861890435,28.626251864014193
data/SYNTHETIC/05581.csv,0.001336671644821763,0.0013077689800411463,35.5741791552864
data/SYNTHETIC/05582.csv,0.001430968870408833,0.0013120106887072325,38.08380551706068
data/SYNTHETIC/05583.csv,0.0008671336690895259,0.000831871700938791,23.077895469148643
data/SYNTHETIC/05584.csv,0.002247924217954278,0.0024690493009984493,59.826255136635154
data/SYNTHETIC/05585.csv,0.001630962360650301,0.0014408461283892393,43.40643226634711
data/SYNTHETIC/05586.csv,0.001775188255123794,0.001802454236894846,47.244860221864656
data/SYNTHETIC/05587.csv,0.0009993884013965726,0.0010083162924274802,26.597722914768383
data/SYNTHETIC/05588.csv,0.0016528698615729809,0.0017053759656846523,43.98947849590331
data/SYNTHETIC/05589.csv,0.0012995196739211679,0.0014587081968784332,34.58541660173796
data/SYNTHETIC/05590.csv,0.001153289107605815,0.0012735474156215787,30.69363630982116
data/SYNTHETIC/05591.csv,0.0008670898387208581,0.0008573271334171295,23.076728967716917
data/SYNTHETIC/05592.csv,0.0016324406024068594,0.0016281381249427795,43.445774192456156
data/SYNTHETIC/05593.csv,0.0004151763569097966,0.0004148682055529207,11.049503562797327
data/SYNTHETIC/05594.csv,0.00010137007484445348,0.00010176235809922218,2.697863171910285
data/SYNTHETIC/05595.csv,0.0020898610819131136,0.0020810540299862623,55.619562834035605
data/SYNTHETIC/05596.csv,0.001734984340146184,0.0014717491576448083,46.17487322865054
data/SYNTHETIC/05597.csv,0.0009328047162853181,0.0009096520370803773,24.825664719217457
data/SYNTHETIC/05598.csv,0.0016435337020084262,0.0016277728136628866,43.741005945252255
data/SYNTHETIC/05599.csv,0.0015180823393166065,0.0014762220671400428,40.402243378572166
data/SYNTHETIC/05600.csv,0.00020179613784421235,0.00018302732496522367,5.370602412585868
data/SYNTHETIC/05601.csv,0.00015539431478828192,0.00014530436601489782,4.135664293775335
data/SYNTHETIC/05602.csv,0.0011504457797855139,0.0012559336610138416,30.617963983211666
data/SYNTHETIC/05603.csv,0.0014838011702522635,0.001445186440832913,39.48988434509374
data/SYNTHETIC/05604.csv,0.0013314096722751856,0.0013024192303419113,35.43413701793179
data/SYNTHETIC/05605.csv,0.0014761782949790359,0.0014843394747003913,39.28700914257206
data/SYNTHETIC/05606.csv,0.0012778528034687042,0.0012545714853331447,34.008774511516094
data/SYNTHETIC/05607.csv,0.0012652408331632614,0.0012821466661989689,33.67311953380704
data/SYNTHETIC/05608.csv,2.72060224233428e-05,6.63155151414685e-05,0.7240610807748453
data/SYNTHETIC/05609.csv,0.0004394905990920961,0.00041075097396969795,11.696602804237045
data/SYNTHETIC/05610.csv,2.5137169359368272e-05,2.0649429643526673e-05,0.6690006253302272
data/SYNTHETIC/05611.csv,0.00025574854225851595,0.0002884254208765924,6.806491703668144
data/SYNTHETIC/05612.csv,0.0013175904750823975,0.00125424365978688,35.066352903842926
data/SYNTHETIC/05613.csv,0.0003396162355784327,0.00033168651862069964,9.038546493684407
data/SYNTHETIC/05614.csv,0.00012382358545437455,0.00010896567982854322,3.2954409032827243
data/SYNTHETIC/05615.csv,0.0013784331968054175,0.001304743578657508,36.68562109977938
data/SYNTHETIC/05616.csv,0.0006469486397691071,0.0006871375953778625,17.217891098815016
data/SYNTHETIC/05617.csv,0.0013441982446238399,0.0012576364679262042,35.774492082418874
data/SYNTHETIC/05618.csv,0.0009233676246367395,0.0009400230483151972,24.574505962082185
data/SYNTHETIC/05619.csv,0.0007014158181846142,0.0005280600162222981,18.667480585165322
data/SYNTHETIC/05620.csv,0.0015781486872583628,0.0015582831110805273,42.00084916269407
data/SYNTHETIC/05621.csv,0.0006421323632821441,0.0006551421247422695,17.089710716390982
data/SYNTHETIC/05622.csv,0.00046763112186454237,0.0005419047083705664,12.44553467730293
data/SYNTHETIC/05623.csv,0.0012198790209367871,0.0011671326356008649,32.46586026321165
data/SYNTHETIC/05624.csv,0.0009623199002817273,0.0008998293778859079,25.61118182609789
data/SYNTHETIC/05625.csv,0.0016264992300421,0.0016457209130749106,43.28765050834045
data/SYNTHETIC/05626.csv,0.0020197806879878044,0.002235172549262643,53.75444323010743
data/SYNTHETIC/05627.csv,0.00017390522407367826,0.0001729350333334878,4.628313633496873
data/SYNTHETIC/05628.csv,0.0018107109935954213,0.0017590129282325506,48.19026238354854
data/SYNTHETIC/05629.csv,0.0016026424709707499,0.0015991864493116736,42.65272672241554
data/SYNTHETIC/05630.csv,0.0011974123772233725,0.0010951368603855371,31.867933007422835
data/SYNTHETIC/05631.csv,0.0006577175809070468,0.0006801545969210565,17.504495698260143
data/SYNTHETIC/05632.csv,0.0010830722749233246,0.0011495350627228618,28.82488552480936
data/SYNTHETIC/05633.csv,0.00035224403836764395,0.000456495356047526,9.374622837116476
data/SYNTHETIC/05634.csv,0.0012875398388132453,0.0012203310616314411,34.26658527017571
data/SYNTHETIC/05635.csv,0.0008637314895167947,0.0007967728888615966,22.987349861999974
data/SYNTHETIC/05636.csv,0.0007646347512491047,0.0006729167071171105,20.349989269743674
data/SYNTHETIC/05637.csv,0.00210033031180501,0.0020929293241351843,55.89819091837853
data/SYNTHETIC/05638.csv,0.000602277519647032,0.0005930819315835834,16.02901390788611
data/SYNTHETIC/05639.csv,0.0016480116173624992,0.0015959377633407712,43.860181184485555
data/SYNTHETIC/05640.csv,0.0011957099195569754,0.0011509372852742672,31.822623799089342
data/SYNTHETIC/05641.csv,0.0017861826345324516,0.0017048646695911884,47.53746463544667
data/SYNTHETIC/05642.csv,0.000314027740387246,0.0003065452037844807,8.357534282666165
data/SYNTHETIC/05643.csv,0.0021402507554739714,0.0018200231716036797,56.960633606184274
data/SYNTHETIC/05644.csv,0.0006241593509912491,0.0005576217081397772,16.611376967281103
data/SYNTHETIC/05645.csv,0.0010236888192594051,0.0010192564222961664,27.24445423576981
data/SYNTHETIC/05646.csv,0.00102064514067024,0.0010183206759393215,27.163449773797765
data/SYNTHETIC/05647.csv,0.0010927596595138311,0.0010494198650121689,29.082705578301102
data/SYNTHETIC/05648.csv,0.0009344627032987773,0.0009220184292644262,24.86979038559366
data/SYNTHETIC/05649.csv,0.0005414538900367916,0.0005165631300769746,14.41025382943917
data/SYNTHETIC/05650.csv,0.0002790295402519405,0.00031056543230079114,7.426092184265144
data/SYNTHETIC/05651.csv,0.0018114101840183139,0.0016876662848517299,48.208870637463406
data/SYNTHETIC/05652.csv,0.0010553546017035842,0.001097777159884572,28.08720736973919
data/SYNTHETIC/05653.csv,0.0010537821799516678,0.0010272269137203693,28.045358937233686
data/SYNTHETIC/05654.csv,0.001265756436623633,0.0011891965987160802,33.686841804301366
data/SYNTHETIC/05655.csv,0.0018594185821712017,0.001904790522530675,49.48656614590436
data/SYNTHETIC/05656.csv,0.0008117615943774581,0.0007988387369550765,21.60422307276167
data/SYNTHETIC/05657.csv,0.00115337991155684,0.0011614997638389468,30.69605296617374
data/SYNTHETIC/05658.csv,0.0004040499043185264,0.0003880532458424568,10.753384153533261
data/SYNTHETIC/05659.csv,0.000634800351690501,0.0006477537099272013,16.894576559890993
data/SYNTHETIC/05660.csv,0.000845313654281199,0.0007511902949772775,22.49717759503983
data/SYNTHETIC/05661.csv,0.0018087675562128425,0.0017918128287419677,48.13853974104859
data/SYNTHETIC/05662.csv,0.0009172206628136337,0.0010315132094547153,24.410910720122047
data/SYNTHETIC/05663.csv,0.0005983658484183252,0.00048059067921712995,15.924908689805306
data/SYNTHETIC/05664.csv,0.0003762242558877915,0.000314876640914008,10.012832346197683
data/SYNTHETIC/05665.csv,0.0005263708881102502,0.0005156203988008201,14.0088348161662
data/SYNTHETIC/05666.csv,0.00128744391258806,0.0012690179282799363,34.264032289618626
data/SYNTHETIC/05667.csv,0.0011901628458872437,0.0012823526049032807,31.674993980443105
data/SYNTHETIC/05668.csv,0.0018124013440683484,0.001729456940665841,48.235249371035025
data/SYNTHETIC/05669.csv,0.0014164299936965108,0.0013365780469030142,37.69686785223894
data/SYNTHETIC/05670.csv,0.0013146944111213088,0.0013757407432422042,34.98927705758251
data/SYNTHETIC/05671.csv,0.00010361982276663184,9.06198110897094e-05,2.75773796311114
data/SYNTHETIC/05672.csv,9.23452535062097e-05,8.749923290451989e-05,2.457676576814265
data/SYNTHETIC/05673.csv,0.002066892571747303,0.0021707573905587196,55.00827890448272
data/SYNTHETIC/05674.csv,0.00190919847227633,0.0018873701337724924,50.81140814116225
data/SYNTHETIC/05675.csv,0.0017376372124999762,0.0017869360744953156,46.245476773474365
data/SYNTHETIC/05676.csv,0.000590881856624037,0.0006068417569622397,15.725729732192121
data/SYNTHETIC/05677.csv,0.0010909767588600516,0.0010987601708620787,29.035255460301414
data/SYNTHETIC/05678.csv,0.0010999601799994707,0.0011085090227425098,29.274340230505913
data/SYNTHETIC/05679.csv,0.00015925349725876004,0.00017791976279113442,4.23837257604464
data/SYNTHETIC/05680.csv,0.0023714692797511816,0.002154493937268853,63.11428341129795
data/SYNTHETIC/05681.csv,0.0007105959812179208,0.0006817021640017629,18.911801444133744
data/SYNTHETIC/05682.csv,0.0021148535888642073,0.001965379575267434,56.28471341403201
data/SYNTHETIC/05683.csv,0.0012089143274351954,0.001274971989914775,32.17404591036029
data/SYNTHETIC/05684.csv,0.002083537867292762,0.002096473006531596,55.45127680012956
data/SYNTHETIC/05685.csv,0.0016524222446605563,0.0017807208932936192,43.977565619396046
data/SYNTHETIC/05686.csv,0.00014121271669864655,0.00015401891141664237,3.758235242217779
data/SYNTHETIC/05687.csv,0.0004930462455376983,0.0004940995131619275,13.121932778740302
data/SYNTHETIC/05688.csv,0.000241983711021021,0.0002471462939865887,6.440154485113453
data/SYNTHETIC/05689.csv,0.0014977798564359546,0.0014512197813019156,39.861913099186495
data/SYNTHETIC/05690.csv,0.001657909364439547,0.0016575577901676297,44.123599825194106
data/SYNTHETIC/05691.csv,0.0011157174594700336,0.0011962145799770951,29.693704466335475
data/SYNTHETIC/05692.csv,0.0015423966106027365,0.0013949654530733824,41.04934339458123
data/SYNTHETIC/05693.csv,0.0016484478255733848,0.001980349887162447,43.87179042981006
data/SYNTHETIC/05694.csv,0.0018812852213159204,0.0019078069599345326,50.068524880101904
data/SYNTHETIC/05695.csv,0.0014360276982188225,0.0014906685100868344,38.21844116039574
data/SYNTHETIC/05696.csv,0.0005301380297169089,0.000541680317837745,14.109093522885814
data/SYNTHETIC/05697.csv,0.000978309428319335,0.0009797501843422651,26.03672712529078
data/SYNTHETIC/05698.csv,0.0011678937589749694,0.0015517683932557702,31.082324501359835
data/SYNTHETIC/05699.csv,0.0013344899052754045,0.0014102865243330598,35.516114338999614
data/SYNTHETIC/05700.csv,0.0006883139722049236,0.0007053540321066976,18.318788056261837
data/SYNTHETIC/05701.csv,0.0013380787568166852,0.0013419275637716055,35.61162803391926
data/SYNTHETIC/05702.csv,0.0012149438261985779,0.0011971421772614121,32.33451499044895
data/SYNTHETIC/05703.csv,0.0005565349129028618,0.0005120770074427128,14.811620171996765
data/SYNTHETIC/05704.csv,0.00016203848645091057,0.00014773216389585286,4.312492278404534
data/SYNTHETIC/05705.csv,0.0015922297025099397,0.001582580036483705,42.375601302599534
data/SYNTHETIC/05706.csv,0.00048723406507633626,0.0004592369659803808,12.967247407941613
data/SYNTHETIC/05707.csv,0.0013709565391764045,0.0011134329251945019,36.48663733364083
data/SYNTHETIC/05708.csv,0.001958651002496481,0.0019884167704731226,52.127537780441344
data/SYNTHETIC/05709.csv,0.0021378598175942898,0.0021350467577576637,56.89700118545443
data/SYNTHETIC/05710.csv,0.0008902819827198982,0.0009974032873287797,23.69396468810737
data/SYNTHETIC/05711.csv,0.00171467789914459,0.0018277217168360949,45.634437607834116
data/SYNTHETIC/05712.csv,0.0018188620451837778,0.0019063103245571256,48.40719447052106
data/SYNTHETIC/05713.csv,0.0007045838865451515,0.0007213083445094526,18.75179555651266
data/SYNTHETIC/05714.csv,0.0008166964980773628,0.0007591615431010723,21.735560599830933
data/SYNTHETIC/05715.csv,0.001442287932150066,0.0015346386935561895,38.385051026241854
data/SYNTHETIC/05716.csv,0.0012476637493818998,0.0014439488295465708,33.20532302604988
data/SYNTHETIC/05717.csv,0.0003523814957588911,0.00034403300378471613,9.378281128127128
data/SYNTHETIC/05718.csv,0.0018444127636030316,0.0019976499024778605,49.087201290531084
data/SYNTHETIC/05719.csv,9.671801672084257e-05,9.801091073313728e-05,2.574053297008504
data/SYNTHETIC/05720.csv,0.0012553302804008126,0.0012826932361349463,33.40936008258723
data/SYNTHETIC/05721.csv,0.0004554851620923728,0.00050605449359864,12.122282103926409
data/SYNTHETIC/05722.csv,0.0012340181274339557,0.0012642850633710623,32.842158443527296
data/SYNTHETIC/05723.csv,0.0005327612743712962,0.0008961723069660366,14.178908556117676
data/SYNTHETIC/05724.csv,0.0017898138612508774,0.0016253766370937228,47.63410610333085
data/SYNTHETIC/05725.csv,0.0017655865522101521,0.002012471901252866,46.98932050052099
data/SYNTHETIC/05726.csv,0.0010771751403808594,0.0010394861456006765,28.66793918609619
data/SYNTHETIC/05727.csv,0.0019595858175307512,0.0017023871187120676,52.15241694776341
data/SYNTHETIC/05728.csv,0.00046720640966668725,0.0004552300670184195,12.434231386869214
data/SYNTHETIC/05729.csv,0.0008760488126426935,0.0009607071406207979,23.315163099672645
data/SYNTHETIC/05730.csv,0.0018476094119250774,0.0016952593578025699,49.17227688897401
data/SYNTHETIC/05731.csv,0.002154457150027156,0.002043041866272688,57.33872259082273
data/SYNTHETIC/05732.csv,0.0014796422328799963,0.0016017297748476267,39.37919838586822
data/SYNTHETIC/05733.csv,0.0006815370870754123,0.000736193498596549,18.138428035425022
data/SYNTHETIC/05734.csv,0.001364316325634718,0.0018325087148696184,36.30991469044238
data/SYNTHETIC/05735.csv,0.0010202254634350538,0.001060851151123643,27.152280483860523
data/SYNTHETIC/05736.csv,0.00047475393512286246,0.00048451832844875753,12.635101229359861
data/SYNTHETIC/05737.csv,0.0014160019345581532,0.0014236936112865806,37.68547548633069
data/SYNTHETIC/05738.csv,6.6946136939805e-05,6.632925214944407e-05,1.7817044885159703
data/SYNTHETIC/05739.csv,0.002039799466729164,0.0018227883847430348,54.287223007529974
data/SYNTHETIC/05740.csv,0.001844303566031158,0.0015327107394114137,49.08429510635324
data/SYNTHETIC/05741.csv,0.0007923137163743377,0.0007721141446381807,21.086637247586623
data/SYNTHETIC/05742.csv,0.0006692945025861263,0.0006590569391846657,17.812603891827166
data/SYNTHETIC/05743.csv,0.00011501180415507406,0.00011066890874644741,3.060924155783141
data/SYNTHETIC/05744.csv,0.00021303945686668158,0.00022582993551623076,5.6698321050498635
data/SYNTHETIC/05745.csv,0.0015787314623594284,0.0016856018919497728,42.01635913923383
data/SYNTHETIC/05746.csv,0.001717062434181571,0.0017001250525936484,45.69789962330833
data/SYNTHETIC/05747.csv,0.0016622634138911963,0.001600565854460001,44.2394784973003
data/SYNTHETIC/05748.csv,0.001261706231161952,0.0007327683852054179,33.57904963614419
data/SYNTHETIC/05749.csv,0.0016382067697122693,0.0016041792696341872,43.599234969122335
data/SYNTHETIC/05750.csv,0.0017019814113155007,0.0015932644018903375,45.29653328075074
data/SYNTHETIC/05751.csv,0.0008096560486592352,0.0009835964301601052,21.548186079016887
data/SYNTHETIC/05752.csv,0.0007260080892592669,0.0008584766765125096,19.321979287546128
data/SYNTHETIC/05753.csv,0.0015980162424966693,0.0017437627539038658,42.52960427780636
data/SYNTHETIC/05754.csv,0.001808837754651904,0.0017994703957810998,48.140408002305776
data/SYNTHETIC/05755.csv,0.0014986656606197357,0.0014940430410206318,39.885487891733646
data/SYNTHETIC/05756.csv,0.0010489800479263067,0.0010280723217874765,27.917554995510727
data/SYNTHETIC/05757.csv,0.0009282702230848372,0.0008377521298825741,24.704983717179857
data/SYNTHETIC/05758.csv,0.001998942345380783,0.0019361086888238788,53.19985157996416
data/SYNTHETIC/05759.csv,0.0013473359867930412,0.0012360390974208713,35.85799995251
data/SYNTHETIC/05760.csv,0.0009240458020940423,0.0009268939029425383,24.592554976930842
data/SYNTHETIC/05761.csv,4.7907258704071864e-05,4.903984518023208e-05,1.2750037831501686
data/SYNTHETIC/05762.csv,0.0017268871888518333,0.0030317329801619053,45.95937564410269
data/SYNTHETIC/05763.csv,0.001718189218081534,0.0016343226889148355,45.72788785002194
data/SYNTHETIC/05764.csv,0.0002837734355125576,0.00027569071971811354,7.552346212731209
data/SYNTHETIC/05765.csv,0.0012672427110373974,0.0013152336468920112,33.726397511549294
data/SYNTHETIC/05766.csv,0.0007590380264446139,0.0007201404077932239,20.201038035796955
data/SYNTHETIC/05767.csv,0.0016453518765047193,0.0016369963996112347,43.7893948412966
data/SYNTHETIC/05768.csv,0.0017781986389309168,0.0014661515597254038,47.32497857650742
data/SYNTHETIC/05769.csv,0.0016487305983901024,0.0016441915649920702,43.879316145554185
data/SYNTHETIC/05770.csv,0.0010840315371751785,0.0010796963470056653,28.8504153303802
data/SYNTHETIC/05771.csv,0.0005117864930070937,0.0004875321174040437,13.62068572489079
data/SYNTHETIC/05772.csv,0.001902968855574727,0.001959030283614993,50.645613122265786
data/SYNTHETIC/05773.csv,0.0017363887745887041,0.001806070446036756,46.21225084690377
data/SYNTHETIC/05774.csv,0.0007031152490526438,0.0007171370089054108,18.71270923828706
data/SYNTHETIC/05775.csv,0.0010028212564066052,0.0010119052603840828,26.689084918005392
data/SYNTHETIC/05776.csv,0.002090622205287218,0.0019517936743795872,55.63981937151402
data/SYNTHETIC/05777.csv,0.000694885035045445,0.0007115420303307474,18.493670322699472
data/SYNTHETIC/05778.csv,0.0008396742050535977,0.0008141851867549121,22.34708929329645
data/SYNTHETIC/05779.csv,0.000753197877202183,0.0007255540112964809,20.0456083038589
data/SYNTHETIC/05780.csv,0.00043295661453157663,0.00040683388942852616,11.52270733914338
data/SYNTHETIC/05781.csv,0.0012790036853402853,0.0012383030261844397,34.03940408164635
data/SYNTHETIC/05782.csv,0.0008404188556596637,0.000823340262286365,22.36690742452629
data/SYNTHETIC/05783.csv,0.0006765177240595222,0.0006083255284465849,18.004842708120123
data/SYNTHETIC/05784.csv,0.0025313785299658775,0.002365508582442999,67.37010819651186
data/SYNTHETIC/05785.csv,0.001576259732246399,0.0019350482616573572,41.95057651400566
data/SYNTHETIC/05786.csv,0.003120996057987213,0.002730016829445958,83.06218908727169
data/SYNTHETIC/05787.csv,0.0011526292655616999,0.001098888460546732,30.67607527365908
data/SYNTHETIC/05788.csv,0.0013833531411364675,0.0013630286557599902,36.816560498205945
data/SYNTHETIC/05789.csv,0.0004944943357259035,0.000634431024082005,13.160472251009196
data/SYNTHETIC/05790.csv,0.0010986562119796872,0.0011237399885430932,29.239636425627396
data/SYNTHETIC/05791.csv,0.0007915810565464199,0.0007957303896546364,21.067138238926418
data/SYNTHETIC/05792.csv,0.0018999282037839293,0.0020127412863075733,50.564689215505496
data/SYNTHETIC/05793.csv,0.0005468071904033422,0.0005505656590685248,14.55272656539455
data/SYNTHETIC/05794.csv,0.0016547547420486808,0.001682365546002984,44.03964270488359
data/SYNTHETIC/05795.csv,0.00040409553912468255,0.0003775979857891798,10.754598678264301
data/SYNTHETIC/05796.csv,0.0004789657541550696,0.000492474646307528,12.747194581083022
data/SYNTHETIC/05797.csv,0.0008490121690556407,0.0009048850042745471,22.59560986724682
data/SYNTHETIC/05798.csv,0.00030075752874836326,0.00034943874925374985,8.00436087010894
data/SYNTHETIC/05799.csv,0.001343108480796218,0.0012596867745742202,35.745489107910544
data/SYNTHETIC/05800.csv,0.0014966500457376242,0.0014420635998249054,39.83184431726113
data/SYNTHETIC/05801.csv,0.0006739493110217154,0.0007385819335468113,17.936486963531934
data/SYNTHETIC/05802.csv,0.0003305387799628079,0.0003217537887394428,8.79695908993017
data/SYNTHETIC/05803.csv,0.0006967363879084587,0.0007518048514612019,18.54294222779572
data/SYNTHETIC/05804.csv,0.00014713036944158375,0.0001529708388261497,3.91572765231831
data/SYNTHETIC/05805.csv,0.0001789370580809191,0.00016410522221121937,4.762230863765581
data/SYNTHETIC/05806.csv,0.001843119040131569,0.001753428834490478,49.052770134061575
data/SYNTHETIC/05807.csv,0.0010686155874282122,0.0010935923783108592,28.44013524381444
data/SYNTHETIC/05808.csv,0.0012126798974350095,0.0012250479776412249,32.27426279033534
data/SYNTHETIC/05809.csv,0.00014416790509130806,0.00013794349797535688,3.8368846261000726
data/SYNTHETIC/05810.csv,0.0015163514763116837,0.0013985594268888235,40.35617819055915
data/SYNTHETIC/05811.csv,0.0006837432738393545,0.0006817717221565545,18.19714348996058
data/SYNTHETIC/05812.csv,0.0005271472036838531,0.0005112781072966754,14.029495678842068
data/SYNTHETIC/05813.csv,0.0017621754668653011,0.0015314302872866392,46.898537875153124
data/SYNTHETIC/05814.csv,0.0004243877192493528,0.0004539383517112583,11.294654760102276
data/SYNTHETIC/05815.csv,0.0017869974253699183,0.0016971614677459002,47.55914947879501
data/SYNTHETIC/05816.csv,0.0013284540036693215,0.0014556701062247157,35.35547485365532
data/SYNTHETIC/05817.csv,0.0015716829802840948,0.0016894713044166565,41.8287708372809
data/SYNTHETIC/05818.csv,0.0014583677984774113,0.0016384009504690766,38.81300058867782
data/SYNTHETIC/05819.csv,0.0012651033466681838,0.0015087220817804337,33.669460468227044
data/SYNTHETIC/05820.csv,0.0012099046725779772,0.001222643768414855,32.200402955990285
data/SYNTHETIC/05821.csv,0.0006804474396631122,0.0007122685783542693,18.109428159194067
data/SYNTHETIC/05822.csv,0.00034398710704408586,0.00045393238542601466,9.154872866871301
data/SYNTHETIC/05823.csv,0.0018326430581510067,0.0016945148818194866,48.77396234963089
data/SYNTHETIC/05824.csv,0.0010196547955274582,0.0009396486566402018,27.137092728167772
data/SYNTHETIC/05825.csv,0.0025665455032140017,0.0018406847957521677,68.30604202253744
data/SYNTHETIC/05826.csv,0.0015533625846728683,0.001539078657515347,41.341191828483716
data/SYNTHETIC/05827.csv,0.0019467847887426615,0.0018987043295055628,51.81173036759719
data/SYNTHETIC/05828.csv,0.0009306752472184598,0.0009029704378917813,24.76899102947209
data/SYNTHETIC/05829.csv,0.001112086116336286,0.0011376718757674098,29.597059900173917
data/SYNTHETIC/05830.csv,0.0015809661708772182,0.0015902644954621792,42.075833671726286
data/SYNTHETIC/05831.csv,0.0009774587815627456,0.0010430525289848447,26.01408801251091
data/SYNTHETIC/05832.csv,0.00037708398303948343,0.0003955919237341732,10.035713124612812
data/SYNTHETIC/05833.csv,0.0007619083044119179,0.0007878427277319133,20.277427613618784
data/SYNTHETIC/05834.csv,0.0006118723540566862,0.0005942473653703928,16.284370830864646
data/SYNTHETIC/05835.csv,0.0010514637688174844,0.0009752542828209698,27.98365674330853
data/SYNTHETIC/05836.csv,0.002758230548352003,0.002252951031550765,73.40754781384021
data/SYNTHETIC/05837.csv,9.918994328472763e-05,9.965916979126632e-05,2.6398411505797412
data/SYNTHETIC/05838.csv,0.002120786579325795,0.0021185155492275953,56.44261402217671
data/SYNTHETIC/05839.csv,0.0006940274033695459,0.0006828004843555391,18.470845313277096
data/SYNTHETIC/05840.csv,0.001559426891617477,0.0015218780608847737,41.50258729350753
data/SYNTHETIC/05841.csv,0.0009077814756892622,0.0007561129168607295,24.159696193994023
data/SYNTHETIC/05842.csv,0.001166822388768196,0.001306010759435594,31.05381105467677
data/SYNTHETIC/05843.csv,0.0007077545742504299,0.0007060375064611435,18.83618023910094
data/SYNTHETIC/05844.csv,0.0015309290029108524,0.0015013247029855847,40.74414448346943
data/SYNTHETIC/05845.csv,0.0017076535150408745,0.0018121228786185384,45.44749064929783
data/SYNTHETIC/05846.csv,0.0005530267953872681,0.00044790885294787586,14.718255132436752
data/SYNTHETIC/05847.csv,0.0008290570694953203,0.0008493146160617471,22.064524847548455
data/SYNTHETIC/05848.csv,0.0013352968962863088,0.0013797024730592966,35.53759159776382
data/SYNTHETIC/05849.csv,0.0013361838646233082,0.0013156166533008218,35.561197373084724
data/SYNTHETIC/05850.csv,0.0010786657221615314,0.0010684214066714048,28.707609529606998
data/SYNTHETIC/05851.csv,0.0017120009288191795,0.0015290663577616215,45.563192719593644
data/SYNTHETIC/05852.csv,5.600179065368138e-05,5.451732067740522e-05,1.4904316564570763
data/SYNTHETIC/05853.csv,0.0012477935524657369,0.0011398699134588242,33.20877760532312
data/SYNTHETIC/05854.csv,0.00012130114191677421,0.00011645736231002957,3.228308590973029
data/SYNTHETIC/05855.csv,0.0013824773486703634,0.0013649434549733996,36.79325215751305
data/SYNTHETIC/05856.csv,0.0012316569918766618,0.0012499268632382154,32.77931918180548
data/SYNTHETIC/05857.csv,0.0003682358074001968,0.00050225795712322,9.800227778148837
data/SYNTHETIC/05858.csv,0.0013169667217880487,0.0013488063123077154,35.04975233366713
data/SYNTHETIC/05859.csv,0.001581979333423078,0.0016103478847071528,42.1027979797218
data/SYNTHETIC/05860.csv,0.0013188687153160572,0.0012690514558926225,35.10037198942155
data/SYNTHETIC/05861.csv,0.00025581149384379387,0.00024197383027058095,6.80816709715873
data/SYNTHETIC/05862.csv,0.0013975620968267322,0.0013348970096558332,37.19471764494665
data/SYNTHETIC/05863.csv,0.0008670971146784723,0.0008691727998666465,23.07692261005286
data/SYNTHETIC/05864.csv,0.0013629072345793247,0.00136194855440408,36.27241314109415
data/SYNTHETIC/05865.csv,0.0005491680349223316,0.0004674019874073565,14.615558081422932
data/SYNTHETIC/05866.csv,0.0015047842171043158,0.0014382298104465008,40.04832715401426
data/SYNTHETIC/05867.csv,0.0005329390987753868,0.0005354413879103959,14.183641174808145
data/SYNTHETIC/05868.csv,0.0008589045028202236,0.0008012320613488555,22.85888443805743
data/SYNTHETIC/05869.csv,0.0008336608880199492,0.0008751090499572456,22.187050873762928
data/SYNTHETIC/05870.csv,0.0001875110319815576,0.0002166874910471961,4.990418605157174
data/SYNTHETIC/05871.csv,0.0009351928601972759,0.0008827006095089018,24.8892227812903
data/SYNTHETIC/05872.csv,0.00024583886261098087,0.00024220520572271198,6.542755489528645
data/SYNTHETIC/05873.csv,0.0017945992294698954,0.0017818830674514174,47.761463893111795
data/SYNTHETIC/05874.csv,0.0014171259244903922,0.0013763682218268514,37.7153893543873
data/SYNTHETIC/05875.csv,0.000758600712288171,0.0007362142787314951,20.189399356837384
data/SYNTHETIC/05876.csv,0.0013860955368727446,0.0015500993467867374,36.889546618331224
data/SYNTHETIC/05877.csv,0.0010753428796306252,0.0010479639749974012,28.61917539848946
data/SYNTHETIC/05878.csv,0.0013714890228584409,0.001277233473956585,36.500808854354545
data/SYNTHETIC/05879.csv,0.0008239177986979485,0.0008368815178982913,21.9277482945472
data/SYNTHETIC/05880.csv,7.105065742507577e-05,7.336770067922771e-05,1.8909421967109665
data/SYNTHETIC/05881.csv,0.0012789757456630468,0.001409177202731371,34.03866049507633
data/SYNTHETIC/05882.csv,0.0007420085021294653,0.0007045540260151029,19.74781427567359
data/SYNTHETIC/05883.csv,0.00037780191632919014,0.0003043820906896144,10.054820201185066
data/SYNTHETIC/05884.csv,0.0008329470874741673,0.0007047493709251285,22.16805378603749
data/SYNTHETIC/05885.csv,0.0014890573220327497,0.0015214611776173115,39.6297715685796
data/SYNTHETIC/05886.csv,0.0014980831183493137,0.0015319136437028646,39.869984111748636
data/SYNTHETIC/05887.csv,6.325806316453964e-05,0.00013321754522621632,1.6835500930610579
data/SYNTHETIC/05888.csv,0.0017654611729085445,0.0016543916426599026,46.985983655788004
data/SYNTHETIC/05889.csv,0.00023282348411157727,0.00022743230510968715,6.1963642061455175
data/SYNTHETIC/05890.csv,0.0003948396479245275,0.0003813431249000132,10.508262389863376
data/SYNTHETIC/05891.csv,0.0015332624316215515,0.0016771294176578522,40.80624635517597
data/SYNTHETIC/05892.csv,0.0002135393733624369,0.00022276364325080067,5.683136882667895
data/SYNTHETIC/05893.csv,0.0015137665905058384,0.001563351135700941,40.28738403972238
data/SYNTHETIC/05894.csv,0.0021732058376073837,0.001773945172317326,57.83770016208291
data/SYNTHETIC/05895.csv,0.0005532378563657403,0.0004936034674756229,14.723872309317812
data/SYNTHETIC/05896.csv,0.0007553933537565172,0.0007558551151305437,20.104038716875948
data/SYNTHETIC/05897.csv,0.00047702848678454757,0.0004629393806681037,12.695636147283949
data/SYNTHETIC/05898.csv,0.00042883018613792956,0.00039760771323926747,11.412886573874857
data/SYNTHETIC/05899.csv,0.0015640227356925607,0.0017217776039615273,41.62490108772181
data/SYNTHETIC/05900.csv,0.0015195689629763365,0.001546186744235456,40.44180838065222
data/SYNTHETIC/05901.csv,0.0014022982213646173,0.001385323703289032,37.320764863397926
data/SYNTHETIC/05902.csv,0.0009695719927549362,0.0008595706894993782,25.804189015179873
data/SYNTHETIC/05903.csv,0.0015873718075454235,0.0015413336222991347,42.2463132860139
data/SYNTHETIC/05904.csv,0.0017548913601785898,0.00161483115516603,46.70467865979299
data/SYNTHETIC/05905.csv,0.0018457304686307907,0.0018640272319316864,49.122270692139864
data/SYNTHETIC/05906.csv,0.0022209337912499905,0.002204252639785409,59.107931920327246
data/SYNTHETIC/05907.csv,0.0018888325430452824,0.0018604719080030918,50.269389300607145
data/SYNTHETIC/05908.csv,0.0015685566468164325,0.0014673637924715877,41.745566598372534
data/SYNTHETIC/05909.csv,0.0019599362276494503,0.001892860746011138,52.16174276266247
data/SYNTHETIC/05910.csv,0.0021147483494132757,0.0020265819039195776,56.28191257128492
data/SYNTHETIC/05911.csv,0.0015911390073597431,0.0017470166785642505,42.3465735418722
data/SYNTHETIC/05912.csv,0.001183762913569808,0.001267544343136251,31.50466618174687
data/SYNTHETIC/05913.csv,0.0012956686550751328,0.0012715364573523402,34.482925586169586
data/SYNTHETIC/05914.csv,0.0012364526046440005,0.001180086052045226,32.90694961999543
data/SYNTHETIC/05915.csv,0.0015557293081656098,0.0016354556428268552,41.40417980751954
data/SYNTHETIC/05916.csv,0.0012582093477249146,0.0012623327784240246,33.485983580350876
data/SYNTHETIC/05917.csv,0.0015255389735102654,0.0017393063753843307,40.6006942410022
data/SYNTHETIC/05918.csv,0.001670888508670032,0.001761942869052291,44.46902676974423
data/SYNTHETIC/05919.csv,0.001393342623487115,0.0012868560152128339,37.082420581486076
data/SYNTHETIC/05920.csv,0.0008768296102061868,0.0009262782405130565,23.335943246027455
data/SYNTHETIC/05921.csv,0.0009658555500209332,0.0009875062387436628,25.705279608257115
data/SYNTHETIC/05922.csv,0.0005242322804406285,0.0005688317469321191,13.951917911646888
data/SYNTHETIC/05923.csv,0.0018504348117858171,0.0016475692391395569,49.24747208086774
data/SYNTHETIC/05924.csv,0.0023340475745499134,0.00251872674562037,62.118342149071395
data/SYNTHETIC/05925.csv,0.00027809789753519,0.00028694566572085023,7.401297445001546
data/SYNTHETIC/05926.csv,0.0026166150346398354,0.002104600425809622,69.63859253190458
data/SYNTHETIC/05927.csv,0.001913604442961514,0.001713479170575738,50.92866864497773
data/SYNTHETIC/05928.csv,0.0005588496569544077,0.000536993786226958,14.873224770184606
data/SYNTHETIC/05929.csv,0.0011725840158760548,0.0010552882449701428,31.20715099852532
data/SYNTHETIC/05930.csv,0.0010807644575834274,0.001039676833897829,28.763465274125338
data/SYNTHETIC/05931.csv,0.0020774893928319216,0.002013102173805237,55.29030270082876
data/SYNTHETIC/05932.csv,0.0011978247202932835,0.001162047148682177,31.878907105885446
data/SYNTHETIC/05933.csv,9.878313721856102e-05,0.00010142393875867128,2.629014413934783
data/SYNTHETIC/05934.csv,0.0005483925924636424,0.0005379289505071938,14.594920455827378
data/SYNTHETIC/05935.csv,4.347803405835293e-05,5.537501783692278e-05,1.157124398429005
data/SYNTHETIC/05936.csv,0.0029294805135577917,0.002823959570378065,77.96519438782707
data/SYNTHETIC/05937.csv,0.0005357579793781042,0.0004631001502275467,14.258662863168865
data/SYNTHETIC/05938.csv,0.0018615068402141333,0.0017482936382293701,49.54214304545894
data/SYNTHETIC/05939.csv,0.0010192686459049582,0.0008447831496596336,27.12681574211456
data/SYNTHETIC/05940.csv,0.0014541026903316379,0.0014527427265420556,38.69948900048621
data/SYNTHETIC/05941.csv,0.0010658565443009138,0.0010700701968744397,28.36670607002452
data/SYNTHETIC/05942.csv,0.0009646929102018476,0.0009049955406226218,25.67433711211197
data/SYNTHETIC/05943.csv,0.0005449237069115043,0.0005163841415196657,14.502599535742775
data/SYNTHETIC/05944.csv,0.0005446395371109247,0.0005486367736011744,14.49503664067015
data/SYNTHETIC/05945.csv,0.0003364391450304538,0.00031244574347510934,8.953991405840497
data/SYNTHETIC/05946.csv,0.0016260474221780896,0.001651208964176476,43.27562609384768
data/SYNTHETIC/05947.csv,0.00038690760266035795,0.00039250118425115943,10.297158937202767
data/SYNTHETIC/05948.csv,0.0021108684595674276,0.001854963949881494,56.17865318292752
data/SYNTHETIC/05949.csv,0.0015037331031635404,0.001471290597692132,40.02035280759446
data/SYNTHETIC/05950.csv,0.00021918141283094883,0.0002300221094628796,5.833294121082872
data/SYNTHETIC/05951.csv,0.0017003052635118365,0.0015406961319968104,45.25192428310402
data/SYNTHETIC/05952.csv,0.0005747241084463894,0.0006175325834192336,15.295707422192208
data/SYNTHETIC/05953.csv,0.0010065151145681739,0.00096965825650841,26.78739325911738
data/SYNTHETIC/05954.csv,0.0002584723988547921,0.0002730329579208046,6.878984423121437
data/SYNTHETIC/05955.csv,0.0010421007173135877,0.0010201233671978116,27.734468490583822
data/SYNTHETIC/05956.csv,0.0001382803457090631,0.00014379013737197965,3.6801931207010057
data/SYNTHETIC/05957.csv,0.0004200732510071248,0.0007619585958309472,11.179829502303619
data/SYNTHETIC/05958.csv,0.0008647902868688107,0.0008711650152690709,23.015528694726527
data/SYNTHETIC/05959.csv,0.0004219110996928066,0.0003807941102422774,11.228742007224355
data/SYNTHETIC/05960.csv,0.0017855993937700987,0.0017371922731399536,47.521942265797406
data/SYNTHETIC/05961.csv,0.00018790127069223672,0.00016579280782025307,5.000804418203188
data/SYNTHETIC/05962.csv,3.413020385778509e-05,5.150358992977999e-05,0.9083412454710924
data/SYNTHETIC/05963.csv,0.0017696366412565112,0.0015603528590872884,47.09710957040079
data/SYNTHETIC/05964.csv,0.0011326662497594953,0.0012048130156472325,30.144779571099207
data/SYNTHETIC/05965.csv,0.0007499121129512787,0.0007623432902619243,19.95816097408533
data/SYNTHETIC/05966.csv,0.00027312192833051085,0.0003274396003689617,7.268867000588216
data/SYNTHETIC/05967.csv,0.0018483392195776105,0.001844022423028946,49.191699989838526
data/SYNTHETIC/05968.csv,0.0011033474002033472,0.001106555457226932,29.364487709011883
data/SYNTHETIC/05969.csv,0.0008035588543862104,0.0007954802713356912,21.385915350634605
data/SYNTHETIC/05970.csv,0.0010550558799877763,0.0010408014059066772,28.079257189994678
data/SYNTHETIC/05971.csv,0.00121406523976475,0.0010961670195683837,32.31113229109906
data/SYNTHETIC/05972.csv,0.0015875486424192786,0.0015416336245834827,42.25101956934668
data/SYNTHETIC/05973.csv,0.001625247416086495,0.0016111726872622967,43.254334731725976
data/SYNTHETIC/05974.csv,0.0014172869268804789,0.0012882724404335022,37.719674271997064
data/SYNTHETIC/05975.csv,0.0008395370678044856,0.0009055406553670764,22.34343952254858
data/SYNTHETIC/05976.csv,0.00040175343747250736,0.000421044445829466,10.69226598489331
data/SYNTHETIC/05977.csv,0.0009572478011250496,0.0009450226207263768,25.47619297914207
data/SYNTHETIC/05978.csv,0.001509075635112822,0.001465944922529161,40.162538952892646
data/SYNTHETIC/05979.csv,6.795615627197549e-05,9.257685451302677e-05,1.8085851430223556
data/SYNTHETIC/05980.csv,0.00028139384812675416,0.0002211131068179384,7.489015874045435
data/SYNTHETIC/05981.csv,0.0009842729195952415,0.0009695198968984187,26.19543948210776
data/SYNTHETIC/05982.csv,0.0010425212094560266,0.0009407324250787497,27.74565946846269
data/SYNTHETIC/05983.csv,0.0014009185833856463,0.0013446253724396229,37.28404717822559
data/SYNTHETIC/05984.csv,0.0005604329635389149,0.0006685342523269355,14.915362891624682
data/SYNTHETIC/05985.csv,0.0014769415138289332,0.0015843425644561648,39.30732144904323
data/SYNTHETIC/05986.csv,0.0009414402302354574,0.0009442887967452407,25.055490287486464
data/SYNTHETIC/05987.csv,0.00264731515198946,0.001891561085358262,70.45564545504749
data/SYNTHETIC/05988.csv,0.000230610414291732,0.00022053362044971436,6.137465565960156
data/SYNTHETIC/05989.csv,0.0011113409418612719,0.0010710812639445066,29.57722782669589
data/SYNTHETIC/05990.csv,0.0021239721681922674,0.0020317097660154104,56.527395284269005
data/SYNTHETIC/05991.csv,0.0004998104996047914,0.0005199871375225484,13.301956636481918
data/SYNTHETIC/05992.csv,0.0017320006154477596,0.0017667330102995038,46.095464379526675
data/SYNTHETIC/05993.csv,0.0011098403483629227,0.0009400079143233597,29.537291031330824
data/SYNTHETIC/05994.csv,0.0015782694099470973,0.0014842322561889887,42.00406207633205
data/SYNTHETIC/05995.csv,0.0010202553821727633,0.0009440346620976925,27.153076741145924
data/SYNTHETIC/05996.csv,0.0010190207976847887,0.0009584674844518304,27.120219509582967
data/SYNTHETIC/05997.csv,0.0024152882397174835,0.0021025000605732203,64.2804812118411
data/SYNTHETIC/05998.csv,0.0017776013119146228,0.0018165276851505041,47.30908131529577
data/SYNTHETIC/05999.csv,0.00034408376086503267,0.0011206340277567506,9.15744521166198
data/SYNTHETIC/06000.csv,0.002025175141170621,0.0020940459799021482,53.898011207114905
data/SYNTHETIC/06001.csv,0.00040914941928349435,0.00039463432040065527,10.889102644810919
data/SYNTHETIC/06002.csv,0.001320808776654303,0.0013625477440655231,35.15200478187762
data/SYNTHETIC/06003.csv,0.0012757007498294115,0.0012463221792131662,33.95149975595996
data/SYNTHETIC/06004.csv,9.236090409103781e-05,9.306840365752578e-05,2.4580931014788803
data/SYNTHETIC/06005.csv,0.0013454175787046552,0.0013419793685898185,35.80694343964569
data/SYNTHETIC/06006.csv,0.001607501064427197,0.001601814292371273,42.78203332866542
data/SYNTHETIC/06007.csv,0.0005840440280735493,0.000486729055410251,15.54374776314944
data/SYNTHETIC/06008.csv,0.0016701031709089875,0.001714466605335474,44.448125790571794
data/SYNTHETIC/06009.csv,0.0009033231763169169,0.0008666933863423765,24.041043014498428
data/SYNTHETIC/06010.csv,0.001998623600229621,0.0019011637195944786,53.19136849651113
data/SYNTHETIC/06011.csv,0.0014638795983046293,0.001473483513109386,38.959691629279405
data/SYNTHETIC/06012.csv,0.0013412042753770947,0.0010586779098957777,35.694810584886
data/SYNTHETIC/06013.csv,0.0010457378812134266,0.0012814727379009128,27.831267970614135
data/SYNTHETIC/06014.csv,0.0018254611641168594,0.0014852130552753806,48.5828234218061
data/SYNTHETIC/06015.csv,0.00013601346290670335,0.00014230821398086846,3.619862301799003
data/SYNTHETIC/06016.csv,0.00030776942730881274,0.0003686457348521799,8.190975538396742
data/SYNTHETIC/06017.csv,3.0357594368979335e-05,2.9694512704736553e-05,0.807937016536016
data/SYNTHETIC/06018.csv,0.001919767470099032,0.0018777729710564017,51.092691449215636
data/SYNTHETIC/06019.csv,0.0007509709103032947,0.0007168526062741876,19.986339806811884
data/SYNTHETIC/06020.csv,0.001425937400199473,0.001379827968776226,37.94989796890877
data/SYNTHETIC/06021.csv,0.0012101975735276937,0.0011416141642257571,32.20819822186604
data/SYNTHETIC/06022.csv,0.0018999656895175576,0.0018066947814077139,50.56568686082028
data/SYNTHETIC/06023.csv,0.0004557629581540823,0.0004472640866879374,12.129675368312746
data/SYNTHETIC/06024.csv,0.0002950158959720284,0.00032439030474051833,7.851553055399563
data/SYNTHETIC/06025.csv,0.0011307435343042016,0.0010928510455414653,30.09360842197202
data/SYNTHETIC/06026.csv,0.0005858809454366565,0.0005626549245789647,15.592635481851175
data/SYNTHETIC/06027.csv,0.0012677587801590562,0.0012515351409092546,33.74013217515312
data/SYNTHETIC/06028.csv,0.0019945278763771057,0.0018219667254015803,53.08236490190029
data/SYNTHETIC/06029.csv,0.001698617939837277,0.0016813334077596664,45.20701785082929
data/SYNTHETIC/06030.csv,0.001361791044473648,0.001395910745486617,36.24270685762167
data/SYNTHETIC/06031.csv,0.0015511615201830864,0.0011121970601379871,41.28261269815266
data/SYNTHETIC/06032.csv,7.131533493520692e-05,6.842162838438526e-05,1.897986323965597
data/SYNTHETIC/06033.csv,0.001831585424952209,0.001833509188145399,48.74581449967809
data/SYNTHETIC/06034.csv,0.0013668772298842669,0.0013080203207209706,36.37807059613988
data/SYNTHETIC/06035.csv,0.000463584583485499,0.0004174910136498511,12.337840104883071
data/SYNTHETIC/06036.csv,0.0018934119725599885,0.0018125048372894526,50.391266237711534
data/SYNTHETIC/06037.csv,0.0020081435795873404,0.0024247020483016968,53.444733227137476
data/SYNTHETIC/06038.csv,0.0010953363962471485,0.001021767035126686,29.15128284972161
data/SYNTHETIC/06039.csv,0.0007913146982900798,0.0008079748367890716,21.060049380292185
data/SYNTHETIC/06040.csv,0.0011643010657280684,0.0013065689709037542,30.98670856328681
data/SYNTHETIC/06041.csv,6.051554373698309e-05,6.178713374538347e-05,1.610560681016068
data/SYNTHETIC/06042.csv,0.0013793220277875662,0.0013061360223218799,36.70927644753829
data/SYNTHETIC/06043.csv,0.0013029519468545914,0.0012646506074815989,34.676763113588095
data/SYNTHETIC/06044.csv,0.001345370663329959,0.0013715573586523533,35.80569483386353
data/SYNTHETIC/06045.csv,0.002080448903143406,0.0020948476158082485,55.369067108258605
data/SYNTHETIC/06046.csv,0.0006173770525492728,0.0006099239108152688,16.430872876546346
data/SYNTHETIC/06047.csv,0.002316997153684497,0.0024066357873380184,61.6645622481592
data/SYNTHETIC/06048.csv,0.0012434950331225991,0.00133157754316926,33.09437681152485
data/SYNTHETIC/06049.csv,0.001951502519659698,0.0019308420596644282,51.9372880582232
data/SYNTHETIC/06050.csv,8.558767876820639e-05,8.673551201354712e-05,2.277830482737045
data/SYNTHETIC/06051.csv,0.0014971778728067875,0.001433823024854064,39.84589190687984
data/SYNTHETIC/06052.csv,0.0015141649637371302,0.0014436146011576056,40.29798634489998
data/SYNTHETIC/06053.csv,0.0014033352490514517,0.0015082129975780845,37.348364318255335
data/SYNTHETIC/06054.csv,0.001775519922375679,0.0017829305725172162,47.25368721410632
data/SYNTHETIC/06055.csv,3.408873453736305e-05,4.976553827873431e-05,0.9072375809773803
data/SYNTHETIC/06056.csv,0.0012140664039179683,0.0011992276413366199,32.31116327387281
data/SYNTHETIC/06057.csv,0.001649760757572949,0.0016636279178783298,43.90673280204646
data/SYNTHETIC/06058.csv,0.0024152477271854877,0.0023035756312310696,64.27940301131457
data/SYNTHETIC/06059.csv,0.0014785672537982464,0.0014855549670755863,39.35058889258653
data/SYNTHETIC/06060.csv,5.642667383654043e-05,5.81327076361049e-05,1.501739497485687
data/SYNTHETIC/06061.csv,0.000798335182480514,0.0007577335927635431,21.2468925465364
data/SYNTHETIC/06062.csv,4.8317851906176656e-05,5.1082333811791614e-05,1.2859313106309855
data/SYNTHETIC/06063.csv,3.023495628440287e-05,6.625880632782355e-05,0.804673126553098
data/SYNTHETIC/06064.csv,0.0008246305515058339,0.0005199034349061549,21.946717497776262
data/SYNTHETIC/06065.csv,0.001112942467443645,0.0011702895862981677,29.619850828545168
data/SYNTHETIC/06066.csv,0.0005732800927944481,0.0005994446692056954,15.257276389631443
data/SYNTHETIC/06067.csv,0.0008959636907093227,0.0008311118581332266,23.845177664537914
data/SYNTHETIC/06068.csv,0.00048396861529909074,0.000546643219422549,12.880340727570001
data/SYNTHETIC/06069.csv,0.0007176903309300542,0.0008136073593050241,19.100610467372462
data/SYNTHETIC/06070.csv,0.001255861483514309,0.001202744198963046,33.42349752224982
data/SYNTHETIC/06071.csv,0.0016253776848316193,0.0015600909246131778,43.257801704108715
data/SYNTHETIC/06072.csv,0.001589961932040751,0.0016080798814073205,42.31524685933255
data/SYNTHETIC/06073.csv,0.000775401305872947,0.0008086772868409753,20.63653035450261
data/SYNTHETIC/06074.csv,0.0022290402557700872,0.0022746885661035776,59.3236773670651
data/SYNTHETIC/06075.csv,0.000857009959872812,0.0008653320837765932,22.80846307205502
data/SYNTHETIC/06076.csv,0.0011038603261113167,0.00114784250035882,29.378138719126582
data/SYNTHETIC/06077.csv,0.0005470800097100437,0.0005093780346214771,14.559987378423102
data/SYNTHETIC/06078.csv,0.0012512857792899013,0.0013424421194940805,33.30171973002143
data/SYNTHETIC/06079.csv,0.0009604569058865309,0.0009783852146938443,25.561600093264133
data/SYNTHETIC/06080.csv,0.002920154482126236,0.003669918281957507,77.71699138730764
data/SYNTHETIC/06081.csv,0.001282235374674201,0.0012398276012390852,34.125412261579186
data/SYNTHETIC/06082.csv,0.001680350978858769,0.0015208353288471699,44.72086095134728
data/SYNTHETIC/06083.csv,0.0019865259528160095,0.002173783490434289,52.86940170824528
data/SYNTHETIC/06084.csv,0.0007564607658423483,0.0007786231581121683,20.13244682212826
data/SYNTHETIC/06085.csv,0.0010913832811638713,0.0010620158864185214,29.04607464489527
data/SYNTHETIC/06086.csv,0.0003987356321886182,0.00039163330802693963,10.611950115067884
data/SYNTHETIC/06087.csv,0.0007688406039960682,0.0007873305003158748,20.46192383475136
data/SYNTHETIC/06088.csv,0.0020113708451390266,0.001974718412384391,53.530623672530055
data/SYNTHETIC/06089.csv,0.0016913330182433128,0.0014153234660625458,45.01313694752753
data/SYNTHETIC/06090.csv,0.0013715313980355859,0.0014139674603939056,36.50193662731908
data/SYNTHETIC/06091.csv,0.002701631747186184,0.0026459938380867243,71.9012273196131
data/SYNTHETIC/06092.csv,0.0013324411120265722,0.0011832029558718204,35.46158775547519
data/SYNTHETIC/06093.csv,0.001131323166191578,0.0011180847650393844,30.109034745022655
data/SYNTHETIC/06094.csv,0.0012484993785619736,0.001173442229628563,33.227562461048365
data/SYNTHETIC/06095.csv,0.000705728423781693,0.0007049748674035072,18.782256270525977
data/SYNTHETIC/06096.csv,0.001001593773253262,0.0010317115811631083,26.656416681362316
data/SYNTHETIC/06097.csv,0.0017970727058127522,0.001827335450798273,47.82729299250059
data/SYNTHETIC/06098.csv,9.314897033618763e-05,0.0001284855679841712,2.4790666965272976
data/SYNTHETIC/06099.csv,0.002223104238510132,0.0021769865415990353,59.16569620370865
data/SYNTHETIC/06100.csv,7.60470429668203e-05,8.575342508265749e-05,2.0239160015189555
data/SYNTHETIC/06101.csv,0.001164031564258039,0.0011714757420122623,30.97953605116345
data/SYNTHETIC/06102.csv,0.0013370680389925838,0.001268609776161611,35.584728789748624
data/SYNTHETIC/06103.csv,0.0015931949019432068,0.0016874122666195035,42.401289120316505
data/SYNTHETIC/06104.csv,0.001909770304337144,0.001639809925109148,50.82662687962875
data/SYNTHETIC/06105.csv,0.002083390485495329,0.0022033420391380787,55.44735438097268
data/SYNTHETIC/06106.csv,0.0003487617941573262,0.00034560810308903456,9.28194638970308
data/SYNTHETIC/06107.csv,0.00016095652244985104,0.00016038535977713764,4.2836968884803355
data/SYNTHETIC/06108.csv,0.0010458491742610931,0.0010394491255283356,27.834229923784733
data/SYNTHETIC/06109.csv,0.0019535012543201447,0.0018373799975961447,51.99048238247633
data/SYNTHETIC/06110.csv,0.0014713752316311002,0.0015992197440937161,39.1591804146301
data/SYNTHETIC/06111.csv,0.0004507327394094318,0.00043498570448718965,11.995801126642618
data/SYNTHETIC/06112.csv,0.0016002923948690295,0.001958623295649886,42.59018179704435
data/SYNTHETIC/06113.csv,0.0005301114288158715,0.0005159128922969103,14.108385566505603
data/SYNTHETIC/06114.csv,0.0016775853000581264,0.0015634159790351987,44.64725517574698
data/SYNTHETIC/06115.csv,0.0014689358649775386,0.0013956003822386265,39.09425911051221
data/SYNTHETIC/06116.csv,0.0012930325465276837,0.0013459554174914956,34.412768193287775
data/SYNTHETIC/06117.csv,0.0004587428120430559,0.0004558184009511024,12.20898119971389
data/SYNTHETIC/06118.csv,0.0004252973012626171,0.00044709781650453806,11.318862375803292
data/SYNTHETIC/06119.csv,0.0011927465675398707,0.0011951301712542772,31.74375714850612
data/SYNTHETIC/06120.csv,0.0015050008660182357,0.0015610092086717486,40.054093048209324
data/SYNTHETIC/06121.csv,0.0013617556542158127,0.0013464674120768905,36.24176498129964
data/SYNTHETIC/06122.csv,0.0010071599390357733,0.0009588799439370632,26.80455461749807
data/SYNTHETIC/06123.csv,0.0013009579852223396,0.0012978363083675504,34.62369581870735
data/SYNTHETIC/06124.csv,0.0007790013332851231,0.0007857363088987768,20.732341484050266
data/SYNTHETIC/06125.csv,0.0016321318689733744,0.0018866483587771654,43.437557560857385
data/SYNTHETIC/06126.csv,0.0020375805906951427,0.0019609862938523293,54.22816984076053
data/SYNTHETIC/06127.csv,0.00022873931447975338,0.00020606070756912231,6.087668115564156
data/SYNTHETIC/06128.csv,0.0017510214820504189,0.0018645751988515258,46.60168572328985
data/SYNTHETIC/06129.csv,0.00032164269941858947,0.0003090735408477485,8.56019880232634
data/SYNTHETIC/06130.csv,0.0009703876567073166,0.0009764130809344351,25.825897095608525
data/SYNTHETIC/06131.csv,0.00241208728402853,0.002083528321236372,64.1952909771353
data/SYNTHETIC/06132.csv,0.0004436571034602821,0.0004378683224786073,11.807490151491947
data/SYNTHETIC/06133.csv,0.00024054927052929997,0.0002850838645827025,6.4019782858667895
data/SYNTHETIC/06134.csv,0.00010643738642102107,9.642195072956383e-05,2.832724602209055
data/SYNTHETIC/06135.csv,0.00047876525786705315,0.0005830847076140344,12.741858572873753
data/SYNTHETIC/06136.csv,0.0018501869635656476,0.0018149645766243339,49.240875848336145
data/SYNTHETIC/06137.csv,0.0003556874580681324,0.0003484909830149263,9.466266009025276
data/SYNTHETIC/06138.csv,0.00026161063578911126,0.0002458964881952852,6.962505460891407
data/SYNTHETIC/06139.csv,0.0012072569224983454,0.0013658375246450305,32.129935735370964
data/SYNTHETIC/06140.csv,0.0013381806202232838,0.0014651555102318525,35.614339026622474
data/SYNTHETIC/06141.csv,0.001119615393690765,0.0009901836747303605,29.797444087686017
data/SYNTHETIC/06142.csv,0.00011391974840080366,0.0001108856376959011,3.0318601839389885
data/SYNTHETIC/06143.csv,0.0013459395850077271,0.0013007407542318106,35.82083611539565
data/SYNTHETIC/06144.csv,0.000541604938916862,0.0005786350811831653,14.414273844333366
data/SYNTHETIC/06145.csv,0.0016681989654898643,0.0017641948070377111,44.39744726754725
data/SYNTHETIC/06146.csv,0.0003057965368498117,0.00029893862665630877,8.138469031720888
data/SYNTHETIC/06147.csv,0.0013149139704182744,0.0012039223220199347,34.995120408711955
data/SYNTHETIC/06148.csv,0.00039200964965857565,0.0004116827913094312,10.432944816013332
data/SYNTHETIC/06149.csv,0.0009311323519796133,0.0009176506428048015,24.78115641558543
data/SYNTHETIC/06150.csv,0.0019859287422150373,0.0023943702690303326,52.853507545311004
data/SYNTHETIC/06151.csv,0.0018507487839087844,0.001848517800681293,49.25582813494839
data/SYNTHETIC/06152.csv,0.0008090148330666125,0.0007415610598400235,21.531120767234825
data/SYNTHETIC/06153.csv,0.000984490499831736,0.0009720238158479333,26.201230162521824
data/SYNTHETIC/06154.csv,0.0007259060512296855,0.0007881114142946899,19.31926364742685
data/SYNTHETIC/06155.csv,0.0006942732143215835,0.0006369912880472839,18.477387325954624
data/SYNTHETIC/06156.csv,0.0021902229636907578,0.002010132884606719,58.29059395566583
data/SYNTHETIC/06157.csv,0.0017686793580651283,0.002174850320443511,47.071632435545325
data/SYNTHETIC/06158.csv,0.0009700608206912875,0.0009426737669855356,25.817198681877926
data/SYNTHETIC/06159.csv,0.0014024389674887061,0.0014136498793959618,37.324510680744424
data/SYNTHETIC/06160.csv,0.001621425268240273,0.001576544251292944,43.152612088946626
data/SYNTHETIC/06161.csv,0.00022049361723475158,0.00020382681395858526,5.868217129085679
data/SYNTHETIC/06162.csv,0.000682898738887161,0.0006060845917090774,18.174667036742903
data/SYNTHETIC/06163.csv,0.00041080432129092515,0.0003962131158914417,10.933146206836682
data/SYNTHETIC/06164.csv,0.0015558095183223486,0.0014982095453888178,41.406314520630985
data/SYNTHETIC/06165.csv,0.0018975114217028022,0.0018901682924479246,50.50036897719838
data/SYNTHETIC/06166.csv,0.0013436080189421773,0.0013420652830973268,35.75878381612711
data/SYNTHETIC/06167.csv,0.00058706448180601,0.0005768914707005024,15.62413411878515
data/SYNTHETIC/06168.csv,0.0003231774899177253,0.00030036483076401055,8.601045716670342
data/SYNTHETIC/06169.csv,0.002127818064764142,0.002038298873230815,56.629749975632876
data/SYNTHETIC/06170.csv,0.000441638141637668,0.0004468861152417958,11.753757501544897
data/SYNTHETIC/06171.csv,0.0011947860475629568,0.0010812924010679126,31.798035869840533
data/SYNTHETIC/06172.csv,0.0005367615376599133,0.0005084404838271439,14.285371563280933
data/SYNTHETIC/06173.csv,0.0013899147743359208,0.0013969819992780685,36.9911918041762
data/SYNTHETIC/06174.csv,0.0017780851339921355,0.001722813118249178,47.321957756066695
data/SYNTHETIC/06175.csv,0.0011064129648730159,0.0009693303727544844,29.446074647130445
data/SYNTHETIC/06176.csv,0.0006950059905648232,0.0006901757442392409,18.496889432892203
data/SYNTHETIC/06177.csv,0.0013866517692804337,0.0012693234020844102,36.90435018762946
data/SYNTHETIC/06178.csv,0.0017852447926998138,0.0017511573387309909,47.512504912912846
data/SYNTHETIC/06179.csv,0.0005186063935980201,0.0005169332725927234,13.802190559217706
data/SYNTHETIC/06180.csv,0.0002605183981359005,0.00024411761842202395,6.933436647988856
data/SYNTHETIC/06181.csv,0.0007086623227223754,0.0007096324115991592,18.8603390569333
data/SYNTHETIC/06182.csv,0.001870618318207562,0.0017954042414203286,49.784635920776054
data/SYNTHETIC/06183.csv,0.00036288294359110296,0.00034081764169968665,9.657766660733614
data/SYNTHETIC/06184.csv,0.0017817640909925103,0.001827772706747055,47.41986951767467
data/SYNTHETIC/06185.csv,0.00044785000500269234,0.000401195022277534,11.919080033141654
data/SYNTHETIC/06186.csv,0.0014282920164987445,0.0013692420907318592,38.012563727097586
data/SYNTHETIC/06187.csv,0.0016654090723022819,0.0016351577360183,44.32319705025293
data/SYNTHETIC/06188.csv,0.0013345477636903524,0.0013037538155913353,35.51765418285504
data/SYNTHETIC/06189.csv,6.337065133266151e-05,6.519728776765987e-05,1.6865465145674534
data/SYNTHETIC/06190.csv,0.0010114801116287708,0.0009066282655112445,26.919531690888107
data/SYNTHETIC/06191.csv,0.001363930874504149,0.0013612807961180806,36.29965629405342
data/SYNTHETIC/06192.csv,0.0015866040484979749,0.0017722666962072253,42.2258801467251
data/SYNTHETIC/06193.csv,0.0017294554272666574,0.0015541741158813238,46.02772674127482
data/SYNTHETIC/06194.csv,0.0007765113259665668,0.0007442019996233284,20.66607242927421
data/SYNTHETIC/06195.csv,0.00028670704341493547,0.00029265639022924006,7.630421253445093
data/SYNTHETIC/06196.csv,0.0009336030343547463,0.0009428385528735816,24.84691115631722
data/SYNTHETIC/06197.csv,0.0003149163967464119,0.0003726254217326641,8.381184983009007
data/SYNTHETIC/06198.csv,0.0028167921118438244,0.002789325313642621,74.96610526461154
data/SYNTHETIC/06199.csv,0.0005288018728606403,0.0005298517644405365,14.07353304431308
data/SYNTHETIC/06200.csv,0.0003386171592865139,0.00035861640935763717,9.011957077251282
data/SYNTHETIC/06201.csv,0.0005945772863924503,0.0006643690867349505,15.824079900048673
data/SYNTHETIC/06202.csv,0.0018906857585534453,0.001879449118860066,50.318710778141394
data/SYNTHETIC/06203.csv,0.001989668468013406,0.0020580359268933535,52.95303660770878
data/SYNTHETIC/06204.csv,0.0015065026236698031,0.0014171889051795006,40.09406082634814
data/SYNTHETIC/06205.csv,0.00036469465703703463,0.00035628798650577664,9.70598360238364
data/SYNTHETIC/06206.csv,0.0006141858757473528,0.0005675215506926179,16.34594289714005
data/SYNTHETIC/06207.csv,0.0021267097909003496,0.0020069575402885675,56.600254375021905
data/SYNTHETIC/06208.csv,0.0006277091451920569,0.0006052895332686603,16.705851190141402
data/SYNTHETIC/06209.csv,0.0006153917638584971,0.0006795989465899765,16.378036403330043
data/SYNTHETIC/06210.csv,0.0018125870265066624,0.0013606165302917361,48.24019112344831
data/SYNTHETIC/06211.csv,0.0019593825563788414,0.0019050881965085864,52.147007355466485
data/SYNTHETIC/06212.csv,0.0009060910088010132,0.0009576738229952753,24.114706108230166
data/SYNTHETIC/06213.csv,0.0017856876365840435,0.0016297816764563322,47.524290760047734
data/SYNTHETIC/06214.csv,0.0021834326907992363,0.0019967928528785706,58.109877632930875
data/SYNTHETIC/06215.csv,0.001382756745442748,0.0013885174412280321,36.8006880232133
data/SYNTHETIC/06216.csv,0.000359202065737918,0.00036550985532812774,9.55980377754895
data/SYNTHETIC/06217.csv,0.00024279308854602277,0.00024450584896840155,6.46169525856385
data/SYNTHETIC/06218.csv,0.0013662646524608135,0.0013185483403503895,36.36176746059209
data/SYNTHETIC/06219.csv,0.00162402237765491,0.0017033714102581143,43.22173155890778
data/SYNTHETIC/06220.csv,0.0004988833679817617,0.0004644248401746154,13.277281955466606
data/SYNTHETIC/06221.csv,0.0008876334177330136,0.0008950687479227781,23.623475779546425
data/SYNTHETIC/06222.csv,0.001882105483673513,0.0018275382462888956,50.09035534248687
data/SYNTHETIC/06223.csv,0.0016106127295643091,0.0017821002984419465,42.86484718462452
data/SYNTHETIC/06224.csv,0.0015263238456100225,0.0015163881471380591,40.62158282706514
data/SYNTHETIC/06225.csv,0.0008630326483398676,0.000901741732377559,22.968750902917236
data/SYNTHETIC/06226.csv,0.0019224063726142049,0.0018314418848603964,51.16292320075445
data/SYNTHETIC/06227.csv,0.0023480127565562725,0.002103852340951562,62.49001150298864
data/SYNTHETIC/06228.csv,0.0028151017613708973,0.002811011392623186,74.92111827712506
data/SYNTHETIC/06229.csv,0.0013431061524897814,0.0013960914220660925,35.74542714236304
data/SYNTHETIC/06230.csv,0.0007306187180802226,0.0007154814666137099,19.444686562987044
data/SYNTHETIC/06231.csv,0.0006154489819891751,0.0005681189359165728,16.379559206659906
data/SYNTHETIC/06232.csv,0.0017466509016230702,0.0019092323491349816,46.48536709579639
data/SYNTHETIC/06233.csv,0.0003506970824673772,0.0003375778323970735,9.333452152786776
data/SYNTHETIC/06234.csv,0.0010812852997332811,0.0010587448487058282,28.777326967101544
data/SYNTHETIC/06235.csv,0.0011079976102337241,0.0010411277180537581,29.488248398760334
data/SYNTHETIC/06236.csv,0.001312600332312286,0.0012213336303830147,34.93354524415918
data/SYNTHETIC/06237.csv,0.001732283504679799,0.0015133629785850644,46.10299319354817
data/SYNTHETIC/06238.csv,0.00043197747436352074,0.000508031458593905,11.496648502710741
data/SYNTHETIC/06239.csv,0.0003406387404538691,0.0003380232956260443,9.065759438439272
data/SYNTHETIC/06240.csv,0.0018200421473011374,0.0016880588373169303,48.43860170827247
data/SYNTHETIC/06241.csv,8.580073335906491e-05,8.618800347903743e-05,2.2835007176181534
data/SYNTHETIC/06242.csv,0.0014775466406717896,0.0014733683783560991,39.32342629483901
data/SYNTHETIC/06243.csv,0.001968545839190483,0.0016617877408862114,52.39087896421552
data/SYNTHETIC/06244.csv,0.00011056027869926766,0.00011235673446208239,2.9424512573023094
data/SYNTHETIC/06245.csv,0.0005604235338978469,0.0005356895853765309,14.915111931157298
data/SYNTHETIC/06246.csv,0.0011422151001170278,0.002333109499886632,30.398912674514577
data/SYNTHETIC/06247.csv,0.002187176840379834,0.0020447196438908577,58.20952442986891
data/SYNTHETIC/06248.csv,0.0018524086335673928,0.0018667175900191069,49.30000337376259
data/SYNTHETIC/06249.csv,0.0011472725309431553,0.0011697121663019061,30.533511138521135
data/SYNTHETIC/06250.csv,0.0007998236687853932,0.0007850403198972344,21.286507121054456
data/SYNTHETIC/06251.csv,0.0007705835159868002,0.0007959678769111633,20.5083096944727
data/SYNTHETIC/06252.csv,0.001677010441198945,0.0021296930499374866,44.63195588206872
data/SYNTHETIC/06253.csv,0.0025656537618488073,0.0026258297730237246,68.28230921784416
data/SYNTHETIC/06254.csv,0.0017230771481990814,0.0016087964177131653,45.85797522217035
data/SYNTHETIC/06255.csv,0.001730765332467854,0.0016850624233484268,46.06258855829947
data/SYNTHETIC/06256.csv,0.0017506609437987208,0.001746311434544623,46.592090358259156
data/SYNTHETIC/06257.csv,0.0014824607642367482,0.001473715528845787,39.45421077939682
data/SYNTHETIC/06258.csv,0.0017948844470083714,0.001802173675969243,47.769054672680795
data/SYNTHETIC/06259.csv,0.0015441046562045813,0.0014630933292210102,41.094801320228726
data/SYNTHETIC/06260.csv,0.0011855378979817033,0.0011539165861904621,31.55190561688505
data/SYNTHETIC/06261.csv,0.0012751355534419417,0.0010821488685905933,33.93645761930384
data/SYNTHETIC/06262.csv,0.0018415474332869053,0.001791170216165483,49.0109433894977
data/SYNTHETIC/06263.csv,0.001866461243480444,0.0017720264149829745,49.673999533988535
data/SYNTHETIC/06264.csv,0.00015018308477010578,0.0001507714478066191,3.996972618071595
data/SYNTHETIC/06265.csv,0.00035577930975705385,0.0003261122037656605,9.468710549874231
data/SYNTHETIC/06266.csv,0.0018230854766443372,0.0018544859485700727,48.51959687541239
data/SYNTHETIC/06267.csv,0.0006970101385377347,0.0006936097051948309,18.550227827043273
data/SYNTHETIC/06268.csv,0.0013356085401028395,0.0013347732601687312,35.54588568629697
data/SYNTHETIC/06269.csv,0.0009806029265746474,0.0009541428880766034,26.097766287857667
data/SYNTHETIC/06270.csv,0.0006809383630752563,0.0006565729854628444,18.122493594884872
data/SYNTHETIC/06271.csv,0.0001716102269710973,0.00017421362281311303,4.567234580608783
data/SYNTHETIC/06272.csv,0.00120742863509804,0.001007369952276349,32.13450569449924
data/SYNTHETIC/06273.csv,0.0019912568386644125,0.002128738909959793,52.995309504214674
data/SYNTHETIC/06274.csv,0.0004866481467615813,0.000492930063046515,12.951653777912725
data/SYNTHETIC/06275.csv,0.002026735804975033,0.0019339930731803179,53.93954671360552
data/SYNTHETIC/06276.csv,0.0009997243760153651,0.0009959687013179064,26.606664543272927
data/SYNTHETIC/06277.csv,0.0002804479736369103,0.00023391064314637333,7.463842370372731
data/SYNTHETIC/06278.csv,0.0015980484895408154,0.0017976680537685752,42.53046250063926
data/SYNTHETIC/06279.csv,0.00012220068310853094,0.00012716985656879842,3.2522489802504424
data/SYNTHETIC/06280.csv,0.00034640775993466377,0.0003869985230267048,9.219296122901142
data/SYNTHETIC/06281.csv,0.001415372476913035,0.0012455228716135025,37.66872310056351
data/SYNTHETIC/06282.csv,0.0032302835024893284,0.003032069420441985,85.97076513525099
data/SYNTHETIC/06283.csv,0.0011476189829409122,0.0011408197460696101,30.54273161198944
data/SYNTHETIC/06284.csv,0.00012967894144821912,0.0001611071202205494,3.4512753477029037
data/SYNTHETIC/06285.csv,0.0009339677053503692,0.0008916660444810987,24.856616510194726
data/SYNTHETIC/06286.csv,0.0010086714755743742,0.0010315505787730217,26.844782650936395
data/SYNTHETIC/06287.csv,0.0014850652078166604,0.0014984288718551397,39.5235254408326
data/SYNTHETIC/06288.csv,0.0015759773086756468,0.0017772674327716231,41.94306009309366
data/SYNTHETIC/06289.csv,0.0004943575477227569,0.000504140742123127,13.156831775093451
data/SYNTHETIC/06290.csv,0.0003080300521105528,0.00029093705234117806,8.197911806870252
data/SYNTHETIC/06291.csv,0.0016151885502040386,0.0017770486883819103,42.986628075130284
data/SYNTHETIC/06292.csv,0.00015662386431358755,0.00015949385124258697,4.168387524841819
data/SYNTHETIC/06293.csv,0.0005931007908657193,0.0006599655607715249,15.784784448100254
data/SYNTHETIC/06294.csv,0.0008284386130981147,0.0008080601692199707,22.048065248993225
data/SYNTHETIC/06295.csv,0.002013520337641239,0.002394831972196698,53.58783026598394
data/SYNTHETIC/06296.csv,0.00211529154330492,0.0016139543149620295,56.296369133517146
data/SYNTHETIC/06297.csv,0.0008231261163018644,0.0007446216768585145,21.90667845925782
data/SYNTHETIC/06298.csv,0.001068138051778078,0.0010136595228686929,28.42742611002177
data/SYNTHETIC/06299.csv,0.0012686268892139196,0.0013041687197983265,33.76323602953926
data/SYNTHETIC/06300.csv,0.0002225522621301934,0.00026938787777908146,5.9230059043329675
data/SYNTHETIC/06301.csv,0.0006026767077855766,0.0006247279816307127,16.039637901005335
data/SYNTHETIC/06302.csv,0.001774591044522822,0.0018348380690440536,47.22896605893038
data/SYNTHETIC/06303.csv,0.001444433000870049,0.0015348196029663086,38.442139885155484
data/SYNTHETIC/06304.csv,0.0017432736931368709,0.0018046398181468248,46.39548606914468
data/SYNTHETIC/06305.csv,0.0002614119730424136,0.00029644498135894537,6.957218250550795
data/SYNTHETIC/06306.csv,0.0005554507370106876,0.0005143760936334729,14.78276591480244
data/SYNTHETIC/06307.csv,0.0019458410097286105,0.001968080410733819,51.78661263291724
data/SYNTHETIC/06308.csv,0.0007480998174287379,0.000660574296489358,19.90992854104843
data/SYNTHETIC/06309.csv,0.0015939370496198535,0.0016066846437752247,42.42104063858278
data/SYNTHETIC/06310.csv,0.0022039576433598995,0.0018893402302637696,58.656128720380366
data/SYNTHETIC/06311.csv,0.0018863470759242773,0.0018774927593767643,50.203241078648716
data/SYNTHETIC/06312.csv,1.6980016880552284e-05,1.2698703358182684e-05,0.4519061692590185
data/SYNTHETIC/06313.csv,0.0019314258825033903,0.001841168967075646,51.40296843694523
data/SYNTHETIC/06314.csv,0.000405665225116536,0.00041035033063963056,10.79637430125149
data/SYNTHETIC/06315.csv,0.0014997567050158978,0.001610585255548358,39.9145249472931
data/SYNTHETIC/06316.csv,0.0014735952718183398,0.0014667779905721545,39.218264564173296
data/SYNTHETIC/06317.csv,0.0001655967062106356,0.00017402264347765595,4.407190739089856
data/SYNTHETIC/06318.csv,0.0007924405508674681,0.0007720299181528389,21.090012820786797
data/SYNTHETIC/06319.csv,0.0015601576305925846,0.0015716733178123832,41.52203518059105
data/SYNTHETIC/06320.csv,0.0016925744712352753,0.0015680372016504407,45.046176977455616
data/SYNTHETIC/06321.csv,0.001503364066593349,0.0012567165540531278,40.01053126831539
data/SYNTHETIC/06322.csv,0.0021514699328690767,0.0022169973235577345,57.25922079337761
data/SYNTHETIC/06323.csv,0.0013759968569502234,0.0014467666624113917,36.62078035087325
data/SYNTHETIC/06324.csv,0.0017467184225097299,0.0018462565494701266,46.48716409667395
data/SYNTHETIC/06325.csv,0.0010031748097389936,0.0010048920521512628,26.698494386393577
data/SYNTHETIC/06326.csv,0.000247146759647876,8.757887553656474e-05,6.5775638612685725
data/SYNTHETIC/06327.csv,0.0016273001674562693,0.0017083047423511744,43.30896665668115
data/SYNTHETIC/06328.csv,0.001129430835135281,0.0011199316941201687,30.05867224629037
data/SYNTHETIC/06329.csv,0.0008403945248574018,0.0008928495226427913,22.366259884554893
data/SYNTHETIC/06330.csv,0.0013525327667593956,0.0013986040139570832,35.996307054534554
data/SYNTHETIC/06331.csv,0.00036071293288841844,0.000394550763303414,9.600013995892368
data/SYNTHETIC/06332.csv,0.0010396514553576708,0.0009859140263870358,27.66928383288905
data/SYNTHETIC/06333.csv,0.00174814707133919,0.0016544891986995935,46.5251861566212
data/SYNTHETIC/06334.csv,0.0011177072301506996,0.0010754010872915387,29.74666022323072
data/SYNTHETIC/06335.csv,0.001284936792217195,0.001298480317927897,34.19730778806843
data/SYNTHETIC/06336.csv,0.0012324143899604678,0.0012817031238228083,32.79947657440789
data/SYNTHETIC/06337.csv,4.8170233640121296e-05,4.8747551772976294e-05,1.2820025980981882
data/SYNTHETIC/06338.csv,0.0003931306127924472,0.00036174902925267816,10.46277812885819
data/SYNTHETIC/06339.csv,0.0007429349352605641,0.0006921449676156044,19.772470367024653
data/SYNTHETIC/06340.csv,0.0002436343493172899,0.00022053653083276004,6.484084572730353
data/SYNTHETIC/06341.csv,0.0011180482106283307,0.0011178241111338139,29.755735077662393
data/SYNTHETIC/06342.csv,0.0015007577603682876,0.0014650824014097452,39.941167034441605
data/SYNTHETIC/06343.csv,0.001960279420018196,0.0019020938780158758,52.17087648436427
data/SYNTHETIC/06344.csv,0.0021084637846797705,0.0022494271397590637,56.11465516546741
data/SYNTHETIC/06345.csv,0.00036579082370735705,0.00037046754732728004,9.7351569821476
data/SYNTHETIC/06346.csv,0.001519526238553226,0.001541797653771937,40.44067131285556
data/SYNTHETIC/06347.csv,0.0013880578335374594,0.001195867545902729,36.941771181765944
data/SYNTHETIC/06348.csv,0.00046306350850500166,0.0004935882752761245,12.323972215352114
data/SYNTHETIC/06349.csv,0.0005395637708716094,0.0005239423480816185,14.359950197977014
data/SYNTHETIC/06350.csv,0.00044720660662278533,0.00041379034519195557,11.901956628658809
data/SYNTHETIC/06351.csv,0.001980352448299527,0.0019323747837916017,52.705100059043616
data/SYNTHETIC/06352.csv,0.000872215605340898,0.0008392554591409862,23.21314612054266
data/SYNTHETIC/06353.csv,0.0013363502221181989,0.0013509371783584356,35.565624811453745
data/SYNTHETIC/06354.csv,0.0008380680810660124,0.0008058477542363107,22.304343909490854
data/SYNTHETIC/06355.csv,0.0008561419672332704,0.0008586512412875891,22.78536231594626
data/SYNTHETIC/06356.csv,0.0015722328098490834,0.0014380905777215958,41.843404001323506
data/SYNTHETIC/06357.csv,0.0010209487518295646,0.0010573177132755518,27.17153008119203
data/SYNTHETIC/06358.csv,0.0008188510546460748,0.0008817366324365139,21.792901968350634
data/SYNTHETIC/06359.csv,0.001893387408927083,0.001951540820300579,50.39061250118539
data/SYNTHETIC/06360.csv,0.0010857265442609787,0.000996227958239615,28.895526248961687
data/SYNTHETIC/06361.csv,0.0015934642869979143,0.0015480020083487034,42.40845853416249
data/SYNTHETIC/06362.csv,0.0018665189854800701,0.0016546185361221433,49.675536279566586
data/SYNTHETIC/06363.csv,0.0006994400173425674,0.0005891290493309498,18.61489662155509
data/SYNTHETIC/06364.csv,0.0018653167644515634,0.0015941146994009614,49.64354036911391
data/SYNTHETIC/06365.csv,0.0014543291181325912,0.0014003217220306396,38.70551514998078
data/SYNTHETIC/06366.csv,0.0017232949612662196,0.0016512551810592413,45.86377209913917
data/SYNTHETIC/06367.csv,0.0011774128070101142,0.0011355080641806126,31.33566444576718
data/SYNTHETIC/06368.csv,0.00046711982577107847,0.0004262122674845159,12.431927043071482
data/SYNTHETIC/06369.csv,0.0008017621585167944,0.0007622120901942253,21.338098086765967
data/SYNTHETIC/06370.csv,0.00099893007427454,0.0009662454831413925,26.585524996742606
data/SYNTHETIC/06371.csv,0.002174508525058627,0.0020622543524950743,57.8723698859103
data/SYNTHETIC/06372.csv,0.0013834403362125158,0.001383148948661983,36.818881107959896
data/SYNTHETIC/06373.csv,0.000404619233449921,0.00040410656947642565,10.768536279036198
data/SYNTHETIC/06374.csv,0.0008068582974374294,0.0007202101987786591,21.473726727999747
data/SYNTHETIC/06375.csv,0.0022790313232690096,0.0017913214396685362,60.65413963748142
data/SYNTHETIC/06376.csv,0.0016740390565246344,0.0017001117812469602,44.55287545034662
data/SYNTHETIC/06377.csv,0.00043700318201445043,0.0005462951958179474,11.630402686132584
data/SYNTHETIC/06378.csv,0.001473913318477571,0.0016073266742751002,39.226729057962075
data/SYNTHETIC/06379.csv,0.0023246929049491882,0.002827004063874483,61.869376972317696
data/SYNTHETIC/06380.csv,0.0006284009432420135,0.0006662578671239316,16.724262703442946
data/SYNTHETIC/06381.csv,0.00011195326078450307,0.0001345280179521069,2.9795240825187648
data/SYNTHETIC/06382.csv,0.00026101997354999185,0.00027154418057762086,6.946785576059483
data/SYNTHETIC/06383.csv,4.2415038478793576e-05,5.350852370611392e-05,1.1288338340746122
data/SYNTHETIC/06384.csv,0.0005872171022929251,0.0005772432195954025,15.62819596042391
data/SYNTHETIC/06385.csv,0.0006336348596960306,0.0006083280313760042,16.86355815595016
data/SYNTHETIC/06386.csv,0.001756118843331933,0.0017571519128978252,46.737346896436065
data/SYNTHETIC/06387.csv,0.002060537924990058,0.0019459982868283987,54.8391563356854
data/SYNTHETIC/06388.csv,0.0005205151974223554,0.0005084134754724801,13.852991464198567
data/SYNTHETIC/06389.csv,0.0012030916986986995,0.0011606968473643064,32.01908246916719
data/SYNTHETIC/06390.csv,7.938618364278227e-05,8.267410157714039e-05,2.1127838914690074
data/SYNTHETIC/06391.csv,0.0007275404059328139,0.0007392953266389668,19.36276036349591
data/SYNTHETIC/06392.csv,0.0016099251806735992,0.0015023293672129512,42.84654875844717
data/SYNTHETIC/06393.csv,0.0014641069574281573,0.0015282535459846258,38.96574256499298
data/SYNTHETIC/06394.csv,0.00043731811456382275,0.00041915092151612043,11.638784301001579
data/SYNTHETIC/06395.csv,0.00010619321255944669,7.576066127512604e-05,2.8262261590571143
data/SYNTHETIC/06396.csv,0.00011154460662510246,0.00010851760453078896,2.968648160720477
data/SYNTHETIC/06397.csv,0.00025582031230442226,0.0002482424024492502,6.808401791669894
data/SYNTHETIC/06398.csv,0.0015027046902105212,0.0015282442327588797,39.99298262526281
data/SYNTHETIC/06399.csv,0.0021116898860782385,0.002091373084113002,56.20051462808624
data/SYNTHETIC/06400.csv,0.0012835684465244412,0.0012355463113635778,34.16089063580148
data/SYNTHETIC/06401.csv,0.0011045910650864244,0.0010284367017447948,29.397586606210098
data/SYNTHETIC/06402.csv,0.001610746025107801,0.0018395346123725176,42.868394712219015
data/SYNTHETIC/06403.csv,0.00010733840463217348,0.00015708664432168007,2.856704300880665
data/SYNTHETIC/06404.csv,0.0012743048137053847,0.001319371396675706,33.91434831195511
data/SYNTHETIC/06405.csv,0.00021915811521466821,0.00021682270744349808,5.83267407832318
data/SYNTHETIC/06406.csv,0.002515566535294056,0.0024001747369766235,66.949287770316
data/SYNTHETIC/06407.csv,0.00030786983552388847,0.0003166703099850565,8.193647802632768
data/SYNTHETIC/06408.csv,0.0015551912365481257,0.001575774047523737,41.38985956949182
data/SYNTHETIC/06409.csv,0.0005691560218110681,0.0005809104768559337,15.147518364479765
data/SYNTHETIC/06410.csv,0.001975485822185874,0.0017953763017430902,52.57557967165485
data/SYNTHETIC/06411.csv,0.0006914313999004662,0.000699860043823719,18.401755276951008
data/SYNTHETIC/06412.csv,0.0010855129221454263,0.0010886596282944083,28.889840909978375
data/SYNTHETIC/06413.csv,0.0004015910089947283,0.00038276141276583076,10.6879431133857
data/SYNTHETIC/06414.csv,0.001862174249254167,0.0015529493102803826,49.5599054696504
data/SYNTHETIC/06415.csv,0.001542276586405933,0.001521941740065813,41.0461490706075
data/SYNTHETIC/06416.csv,0.0018161925254389644,0.0016420325264334679,48.3361478720326
data/SYNTHETIC/06417.csv,0.001251301495358348,0.0012148360256105661,33.30213799746707
data/SYNTHETIC/06418.csv,0.0007528144051320851,0.0008451812318526208,20.035402578185312
data/SYNTHETIC/06419.csv,0.0007279771380126476,0.0006867602351121604,19.374383551068604
data/SYNTHETIC/06420.csv,0.0003638564667198807,0.0003500908496789634,9.683676005282905
data/SYNTHETIC/06421.csv,0.0002807647397276014,0.0002386115083936602,7.472272783110384
data/SYNTHETIC/06422.csv,0.00045432508341036737,0.0006631008582189679,12.091407769883517
data/SYNTHETIC/06423.csv,0.0014421913074329495,0.0013726798351854086,38.38247945602052
data/SYNTHETIC/06424.csv,0.0006696423515677452,0.0004495233588386327,17.82186154462397
data/SYNTHETIC/06425.csv,0.0015857075341045856,0.0015305408742278814,42.20202031265944
data/SYNTHETIC/06426.csv,5.206228524912149e-05,5.526393579202704e-05,1.3855856596201193
data/SYNTHETIC/06427.csv,0.0011908941669389606,0.001214956515468657,31.694457358913496
data/SYNTHETIC/06428.csv,0.0013565081171691418,0.0013606322463601828,36.10210703033954
data/SYNTHETIC/06429.csv,0.00114558229688555,0.0010277279652655125,30.48852724931203
data/SYNTHETIC/06430.csv,0.0017874370096251369,0.0020532209891825914,47.57084857416339
data/SYNTHETIC/06431.csv,9.276914170186501e-06,1.2314940249780193e-05,0.24689579372534354
data/SYNTHETIC/06432.csv,0.00010678205580916256,8.078692189883441e-05,2.8418976333050523
data/SYNTHETIC/06433.csv,0.001167883281596005,0.0010410858085379004,31.082045656396076
data/SYNTHETIC/06434.csv,0.0006162835634313524,0.0006188690313138068,16.401770757162012
data/SYNTHETIC/06435.csv,0.0017130806809291244,0.0016393973492085934,45.591929242247716
data/SYNTHETIC/06436.csv,0.0016434317221865058,0.0016299168346449733,43.738291854271665
data/SYNTHETIC/06437.csv,0.00015248832642100751,0.0002033522177953273,4.058324319368694
data/SYNTHETIC/06438.csv,0.001832932815887034,0.0015879799611866474,48.78167396201752
data/SYNTHETIC/06439.csv,0.0012291548773646355,0.0012305184500291944,32.71272790618241
data/SYNTHETIC/06440.csv,0.0013652468333020806,0.0015052228700369596,36.334679221501574
data/SYNTHETIC/06441.csv,0.0018346909200772643,0.001753328600898385,48.82846414693631
data/SYNTHETIC/06442.csv,0.00103266432415694,0.0009247095440514386,27.4833283231128
data/SYNTHETIC/06443.csv,0.0021792002953588963,0.0021694598253816366,57.997236660681665
data/SYNTHETIC/06444.csv,0.00016274511290248483,0.00017172592924907804,4.331298434786731
data/SYNTHETIC/06445.csv,0.0021159343887120485,0.001606925274245441,56.31347782118246
data/SYNTHETIC/06446.csv,0.0012943983310833573,0.0012048740172758698,34.44911718345247
data/SYNTHETIC/06447.csv,0.0017927733715623617,0.0018701240187510848,47.712870510760695
data/SYNTHETIC/06448.csv,0.000628356181550771,0.0006232555606402457,16.72307141579222
data/SYNTHETIC/06449.csv,0.0015542302280664444,0.0015039811842143536,41.36428328976035
data/SYNTHETIC/06450.csv,0.0015367703745141625,0.0014745177468284965,40.89960674731992
data/SYNTHETIC/06451.csv,0.001812297385185957,0.002082530641928315,48.23248260933906
data/SYNTHETIC/06452.csv,0.0014201212907209992,0.001459593535400927,37.795108031248674
data/SYNTHETIC/06453.csv,0.0017348624533042312,0.0017372467555105686,46.17162933223881
data/SYNTHETIC/06454.csv,0.0003432941739447415,0.00035025752731598914,9.13643114536535
data/SYNTHETIC/06455.csv,0.001483861356973648,0.00155752117279917,39.49148615449667
data/SYNTHETIC/06456.csv,0.0017390693537890911,0.0016619719099253416,46.28359178174287
data/SYNTHETIC/06457.csv,0.002679431112483144,0.00257421238347888,71.31037962762639
data/SYNTHETIC/06458.csv,0.0011374091263860464,0.0010117877973243594,30.27100648963824
data/SYNTHETIC/06459.csv,0.0019126012921333313,0.0018050618236884475,50.90197078883648
data/SYNTHETIC/06460.csv,0.0015263673849403858,0.0015585679793730378,40.62274158280343
data/SYNTHETIC/06461.csv,0.0004021582717541605,0.0004929683054797351,10.703040244465228
data/SYNTHETIC/06462.csv,0.0008554077940061688,0.00072714954148978,22.765823029680178
data/SYNTHETIC/06463.csv,0.0015814484795555472,0.0015309725422412157,42.088669834891334
data/SYNTHETIC/06464.csv,0.0018819986144080758,0.0018320080125704408,50.08751112385653
data/SYNTHETIC/06465.csv,0.00043249933514744043,0.00042473565554246306,11.51053730561398
data/SYNTHETIC/06466.csv,0.0004182324919383973,0.00042982713785022497,11.130839540448505
data/SYNTHETIC/06467.csv,0.0017003525281324983,0.0015877715777605772,45.25318218371831
data/SYNTHETIC/06468.csv,0.0014853295870125294,0.0014631759840995073,39.53056162875146
data/SYNTHETIC/06469.csv,0.0010794572299346328,0.0011285566724836826,28.728674717480317
data/SYNTHETIC/06470.csv,0.001729617128148675,0.0016510331770405173,46.032030248548836
data/SYNTHETIC/06471.csv,0.0010839630849659443,0.0011296028969809413,28.84859354328364
data/SYNTHETIC/06472.csv,0.000745727913454175,0.0007130381418392062,19.846802688669413
data/SYNTHETIC/06473.csv,0.0012946156784892082,0.0012493063695728779,34.45490166731179
data/SYNTHETIC/06474.csv,0.001492043724283576,0.0014993608929216862,39.70925167808309
data/SYNTHETIC/06475.csv,0.00045989512000232935,0.00048045124276541173,12.239648723741993
data/SYNTHETIC/06476.csv,0.0013361546443775296,0.0013603578554466367,35.56041970546357
data/SYNTHETIC/06477.csv,0.0010145407868549228,0.0009982958436012268,27.000988501356915
data/SYNTHETIC/06478.csv,0.0013030924601480365,0.001339904498308897,34.68050273437984
data/SYNTHETIC/06479.csv,0.0021903791930526495,0.002172870794311166,58.294751843903214
data/SYNTHETIC/06480.csv,0.0021006169263273478,0.0017984214937314391,55.90581887727603
data/SYNTHETIC/06481.csv,0.0020883476827293634,0.0018989358795806766,55.57928522815928
data/SYNTHETIC/06482.csv,0.0014224521582946181,0.0014982704306021333,37.85714174085297
data/SYNTHETIC/06483.csv,0.0017239656299352646,0.001741874380968511,45.88162127509713
data/SYNTHETIC/06484.csv,0.0008129164343699813,0.0008532918291166425,21.634957984322682
data/SYNTHETIC/06485.csv,0.0004194907087367028,0.00040915756835602224,11.164325722318608
data/SYNTHETIC/06486.csv,0.002374436007812619,0.0024172679986804724,63.19323991192505
data/SYNTHETIC/06487.csv,0.0003173807926941663,0.0003159923362545669,8.446772416762542
data/SYNTHETIC/06488.csv,0.0005769540439359844,0.0005026360740885139,15.355054925312288
data/SYNTHETIC/06489.csv,0.0008680032915435731,0.0009018715936690569,23.101039601140656
data/SYNTHETIC/06490.csv,0.0011975531233474612,0.0011609084904193878,31.871678824769333
data/SYNTHETIC/06491.csv,0.002028893679380417,0.002111624926328659,53.996976383030415
data/SYNTHETIC/06492.csv,0.0014781203353777528,0.0016223049024119973,39.33869460574351
data/SYNTHETIC/06493.csv,0.0003411422949284315,0.0003387870092410594,9.079161037225276
data/SYNTHETIC/06494.csv,0.0003209073911421001,0.0005069811595603824,8.540629307855852
data/SYNTHETIC/06495.csv,0.0023391079157590866,0.0024898338597267866,62.25301807001233
data/SYNTHETIC/06496.csv,0.0007661800482310355,0.0007658979156985879,20.391115803620778
data/SYNTHETIC/06497.csv,0.000761273957323283,0.0008093916694633663,20.260545100201853
data/SYNTHETIC/06498.csv,0.000993539346382022,0.0009673103340901434,26.44205616461113
data/SYNTHETIC/06499.csv,0.0013676153030246496,0.001408061245456338,36.397713674698025
data/SYNTHETIC/06500.csv,0.000144539590110071,0.00015374389477074146,3.8467766511894297
data/SYNTHETIC/06501.csv,0.0019483858486637473,0.0022696612868458033,51.85434097633697
data/SYNTHETIC/06502.csv,0.0012420547427609563,0.0013056722236797214,33.05604492384009
data/SYNTHETIC/06503.csv,0.0010901285568252206,0.0013778747525066137,29.01268141134642
data/SYNTHETIC/06504.csv,0.001085601863451302,0.001037204754538834,28.892207993892953
data/SYNTHETIC/06505.csv,0.0010346308117732406,0.0009549878304824233,27.535664424533024
data/SYNTHETIC/06506.csv,2.7090738512924872e-05,2.7340887754689902e-05,0.7209929147829826
data/SYNTHETIC/06507.csv,0.0013615661300718784,0.0012989299139007926,36.23672098573297
data/SYNTHETIC/06508.csv,0.00016326564946211874,0.00017475652566645294,4.345151994784828
data/SYNTHETIC/06509.csv,0.0003221065562684089,0.0003109254757873714,8.572543888527434
data/SYNTHETIC/06510.csv,0.0016631968319416046,0.0014847895363345742,44.264320485293865
data/SYNTHETIC/06511.csv,0.001026628538966179,0.0011001465609297156,27.322691936045885
data/SYNTHETIC/06512.csv,0.0020000727381557226,0.0018568166997283697,53.2299358532764
data/SYNTHETIC/06513.csv,0.0014280768809840083,0.0014788652770221233,38.0068381105084
data/SYNTHETIC/06514.csv,0.00023645222245249897,0.00023161410354077816,6.292939448350808
data/SYNTHETIC/06515.csv,0.001173708587884903,0.0012699648505076766,31.237080357968807
data/SYNTHETIC/06516.csv,0.0008248165249824524,0.0008073599310591817,21.951666995882988
data/SYNTHETIC/06517.csv,0.0023815673775970936,0.0023106830194592476,63.38303418736905
data/SYNTHETIC/06518.csv,0.0013411002000793815,0.0013908675173297524,35.69204072491266
data/SYNTHETIC/06519.csv,0.0017769482219591737,0.0018202632199972868,47.29169997922145
data/SYNTHETIC/06520.csv,0.0004437700263224542,0.0004015363228973001,11.810495480545796
data/SYNTHETIC/06521.csv,0.00021873475634492934,0.00023165153106674552,5.821406805363949
data/SYNTHETIC/06522.csv,0.002281266963109374,0.0020266997162252665,60.71363895619288
data/SYNTHETIC/06523.csv,0.0007814787677489221,0.0008437868673354387,20.798275924869813
data/SYNTHETIC/06524.csv,0.0018385236617177725,0.001592393615283072,48.9304687329568
data/SYNTHETIC/06525.csv,0.0005237024161033332,0.0005364152020774782,13.93781610217411
data/SYNTHETIC/06526.csv,0.0003803733561653644,0.00039528211345896125,10.123256500985008
data/SYNTHETIC/06527.csv,0.001686474890448153,0.0013992578024044633,44.883842734387144
data/SYNTHETIC/06528.csv,0.0009079353767447174,0.001028259051963687,24.163792116683908
data/SYNTHETIC/06529.csv,0.0017423075623810291,0.0017579450504854321,46.36977346520871
data/SYNTHETIC/06530.csv,0.0002980467688757926,0.0003161734784953296,7.932216706860345
data/SYNTHETIC/06531.csv,0.0011763161746785045,0.0011493173660710454,31.306478672893718
data/SYNTHETIC/06532.csv,0.00021295915939845145,0.00020309667161200196,5.667695068230387
data/SYNTHETIC/06533.csv,0.0015937283169478178,0.0015790332108736038,42.41548542724922
data/SYNTHETIC/06534.csv,0.002134607871994376,0.0019785233307629824,56.81045390525833
data/SYNTHETIC/06535.csv,0.0007222111453302205,0.000657841854263097,19.220927421818487
data/SYNTHETIC/06536.csv,0.0007653321954421699,0.0007332853856496513,20.36855104949791
data/SYNTHETIC/06537.csv,0.0016084836097434163,0.0016122206579893827,42.80818278971128
data/SYNTHETIC/06538.csv,0.001151799806393683,0.0011826780391857028,30.654000047361478
data/SYNTHETIC/06539.csv,0.0012925505870953202,0.0013147123390808702,34.39994132495485
data/SYNTHETIC/06540.csv,0.0015097294235602021,0.0015925704501569271,40.17993887863122
data/SYNTHETIC/06541.csv,0.0007862076163291931,0.0007937279879115522,20.924129500985146
data/SYNTHETIC/06542.csv,0.0006042641471140087,0.0006066731875762343,16.081886011292227
data/SYNTHETIC/06543.csv,0.00028021185426041484,0.00029192856163717806,7.4575582892866805
data/SYNTHETIC/06544.csv,0.001062383409589529,0.0010269361082464457,28.274272062815726
data/SYNTHETIC/06545.csv,0.0012433493975549936,0.0012166702654212713,33.0905008665286
data/SYNTHETIC/06546.csv,0.0024738966021686792,0.0017525325529277325,65.84028417011723
data/SYNTHETIC/06547.csv,0.0012390157207846642,0.001160378335043788,32.97516439296305
data/SYNTHETIC/06548.csv,0.0014807323459535837,0.0015582652995362878,39.40821065520868
data/SYNTHETIC/06549.csv,0.00129464000929147,0.001265871338546276,34.455549207283184
data/SYNTHETIC/06550.csv,0.0029159814585000277,0.0018932117382064462,77.60593053651974
data/SYNTHETIC/06551.csv,0.001756008481606841,0.0017475219210609794,46.73440972948447
data/SYNTHETIC/06552.csv,0.0010633833007887006,0.0011377873597666621,28.300883167190477
data/SYNTHETIC/06553.csv,0.0003295914502814412,0.0003418794076424092,8.771746857790276
data/SYNTHETIC/06554.csv,0.0006604851805604994,0.000665221072267741,17.578152595437132
data/SYNTHETIC/06555.csv,0.0013639943208545446,0.0013432734413072467,36.30134485522285
data/SYNTHETIC/06556.csv,0.00015975032874848694,0.00015151021943893284,4.251595249312231
data/SYNTHETIC/06557.csv,0.00011432453902671114,0.00011792076838901266,3.04263328165689
data/SYNTHETIC/06558.csv,0.0007828038651496172,0.0008089682087302208,20.833542067091912
data/SYNTHETIC/06559.csv,0.0010194903006777167,0.0009303615661337972,27.132714862236753
data/SYNTHETIC/06560.csv,0.001950648846104741,0.0019319735001772642,51.91456839023158
data/SYNTHETIC/06561.csv,0.0020470921881496906,0.0018655835883691907,54.481311495415866
data/SYNTHETIC/06562.csv,0.0006132757407613099,0.0005928954924456775,16.3217205646215
data/SYNTHETIC/06563.csv,0.0008972497889772058,0.0008877422660589218,23.879405883839354
data/SYNTHETIC/06564.csv,0.0017389700515195727,0.0017994613153859973,46.28094895114191
data/SYNTHETIC/06565.csv,0.001587053295224905,0.0016842103796079755,42.23783639911562
data/SYNTHETIC/06566.csv,0.0011989857302978635,0.001241278019733727,31.90980622614734
data/SYNTHETIC/06567.csv,8.155147224897519e-05,9.882923041004688e-05,2.1704108824342256
data/SYNTHETIC/06568.csv,0.0005181679152883589,0.0005322052747942507,13.790520897484384
data/SYNTHETIC/06569.csv,0.0012708465801551938,0.001273155678063631,33.82231088425033
data/SYNTHETIC/06570.csv,0.001329997438006103,0.0013044619699940085,35.396551815094426
data/SYNTHETIC/06571.csv,0.0006414022063836455,0.0005750103737227619,17.070278320694342
data/SYNTHETIC/06572.csv,0.0005568958004005253,0.000591859919950366,14.821224831859581
data/SYNTHETIC/06573.csv,0.002162773162126541,0.0013465149095281959,57.560044936835766
data/SYNTHETIC/06574.csv,0.0016614808700978756,0.0014804634265601635,44.21865187678486
data/SYNTHETIC/06575.csv,0.000170510946190916,0.00017526598821859807,4.5379783219250385
data/SYNTHETIC/06576.csv,0.00030936553957872093,0.00031464287894777954,8.233454470348079
data/SYNTHETIC/06577.csv,0.0019823533948510885,0.0018786567961797118,52.75835325056687
data/SYNTHETIC/06578.csv,0.0014266326325014234,0.001395068014971912,37.96840088139288
data/SYNTHETIC/06579.csv,0.0017259888118132949,0.00195759953930974,45.93546623759903
data/SYNTHETIC/06580.csv,0.0011581775033846498,0.0010238455142825842,30.82373607507907
data/SYNTHETIC/06581.csv,0.00025941466446965933,0.00020081749244127423,6.904061880195513
data/SYNTHETIC/06582.csv,0.0017449363367632031,0.001787377055734396,46.43973566661589
data/SYNTHETIC/06583.csv,0.002279737964272499,0.0018334549386054277,60.67294618114829
data/SYNTHETIC/06584.csv,0.0011597638949751854,0.0013507968978956342,30.865956300869584
data/SYNTHETIC/06585.csv,0.004912352655082941,0.0037444548215717077,130.7373535623774
data/SYNTHETIC/06586.csv,0.0019284277223050594,0.0033870397601276636,51.32317540142685
data/SYNTHETIC/06587.csv,0.0014397965278476477,0.001392206409946084,38.318744792137295
data/SYNTHETIC/06588.csv,0.001789947971701622,0.0015282201347872615,47.63767531886697
data/SYNTHETIC/06589.csv,9.34946583583951e-05,9.337333176517859e-05,2.488266837550327
data/SYNTHETIC/06590.csv,0.0012337260413914919,0.0011414859909564257,32.834384865593165
data/SYNTHETIC/06591.csv,0.0010706535540521145,0.001070401631295681,28.494373687542975
data/SYNTHETIC/06592.csv,0.0019174832850694656,0.0019363672472536564,51.03190014883876
data/SYNTHETIC/06593.csv,0.0019280494889244437,0.0019846612121909857,51.313109098235145
data/SYNTHETIC/06594.csv,0.0011440576054155827,0.0012644031085073948,30.447949110530317
data/SYNTHETIC/06595.csv,0.0015562493354082108,0.0014551436761394143,41.41801981255412
data/SYNTHETIC/06596.csv,0.0011182576417922974,0.0010827715741470456,29.761308878660202
data/SYNTHETIC/06597.csv,0.00046249054139479995,0.0004601564141921699,12.308723268681206
data/SYNTHETIC/06598.csv,0.0005823525134474039,0.0008757737814448774,15.498729792889208
data/SYNTHETIC/06599.csv,0.0013645213330164552,0.0013851019321009517,36.31537075689994
data/SYNTHETIC/06600.csv,0.00018489710055291653,0.00017420854419469833,4.9208514341153204
data/SYNTHETIC/06601.csv,0.0012941168388351798,0.00129454187117517,34.441625548759475
data/SYNTHETIC/06602.csv,0.001728037721477449,0.0016796671552583575,45.989995919400826
data/SYNTHETIC/06603.csv,0.0016907815588638186,0.0017201438313350081,44.99846040760167
data/SYNTHETIC/06604.csv,0.0031402527820318937,0.001473763957619667,83.57468754099682
data/SYNTHETIC/06605.csv,0.0012426848988980055,0.0012680424842983484,33.07281589927152
data/SYNTHETIC/06606.csv,0.00013518556079361588,0.00013381685130298138,3.597828514961293
data/SYNTHETIC/06607.csv,0.0008494359790347517,0.000824489863589406,22.60688914603088
data/SYNTHETIC/06608.csv,0.0011858533835038543,0.0012162037892267108,31.560301948571578
data/SYNTHETIC/06609.csv,0.0019198067020624876,0.001912754843942821,51.093735568691045
data/SYNTHETIC/06610.csv,0.0019811533857136965,0.0021341561805456877,52.72641620738432
data/SYNTHETIC/06611.csv,0.0014329260447993875,0.0013562612002715468,38.1358937562909
data/SYNTHETIC/06612.csv,0.0008633938850834966,0.0008424270781688392,22.978364857612178
data/SYNTHETIC/06613.csv,0.0012751254253089428,0.0012533871922641993,33.9361880691722
data/SYNTHETIC/06614.csv,8.825939585221931e-05,9.125303040491417e-05,2.348935561210965
data/SYNTHETIC/06615.csv,0.0009372211061418056,0.0009902202291414142,24.943202518858016
data/SYNTHETIC/06616.csv,0.0008492121705785394,0.0007024605292826891,22.600932707777247
data/SYNTHETIC/06617.csv,0.001650628517381847,0.0017391677247360349,43.92982736160047
data/SYNTHETIC/06618.csv,0.0011901032412424684,0.0011976331006735563,31.673407662427053
data/SYNTHETIC/06619.csv,0.0013791668461635709,0.0013727061450481415,36.705146443797275
data/SYNTHETIC/06620.csv,0.00010619410022627562,0.00010074843157781288,2.8262497834220994
data/SYNTHETIC/06621.csv,0.00023515675275120884,0.00022180618543643504,6.258461817720672
data/SYNTHETIC/06622.csv,0.0002288954856339842,0.0004312919336371124,6.091824454662856
data/SYNTHETIC/06623.csv,0.000331476068822667,0.00028956233290955424,8.82190409564646
data/SYNTHETIC/06624.csv,0.0024314543697983027,0.0021640972699970007,64.71072659781203
data/SYNTHETIC/06625.csv,0.00026604431332089007,0.0002521857968531549,7.080503354722168
data/SYNTHETIC/06626.csv,0.00036986535997129977,0.00026526799774728715,9.843596690276172
data/SYNTHETIC/06627.csv,0.0004586612049024552,0.0004375011776573956,12.206809307273943
data/SYNTHETIC/06628.csv,0.0020672061946243048,0.0016601750394329429,55.01662566373125
data/SYNTHETIC/06629.csv,0.0020055912900716066,0.0017099259421229362,53.37680659396574
data/SYNTHETIC/06630.csv,0.002028384245932102,0.002016440499573946,53.98341832123697
data/SYNTHETIC/06631.csv,0.00035982130793854594,0.0003587380051612854,9.576284289476462
data/SYNTHETIC/06632.csv,0.001788017456419766,0.0017902981489896774,47.58629658515565
data/SYNTHETIC/06633.csv,0.00047252268996089697,0.0005020475946366787,12.575718870619312
data/SYNTHETIC/06634.csv,3.199763159500435e-05,3.2537864171899855e-05,0.8515849672694458
data/SYNTHETIC/06635.csv,0.0012797375675290823,0.001299035269767046,34.058935622218996
data/SYNTHETIC/06636.csv,0.0010935153113678098,0.0010733089875429869,29.10281649674289
data/SYNTHETIC/06637.csv,6.319725071080029e-05,5.8698842622106895e-05,1.681931630417239
data/SYNTHETIC/06638.csv,0.0018473450327292085,0.0018273396417498589,49.165240701055154
data/SYNTHETIC/06639.csv,0.000555036123842001,0.0005798490601591766,14.771731399931014
data/SYNTHETIC/06640.csv,0.0009310634341090918,0.0009713608305901289,24.779322235379368
data/SYNTHETIC/06641.csv,0.0013345762854442,0.0013386920327320695,35.51841326081194
data/SYNTHETIC/06642.csv,0.0006287527503445745,0.0006253990577533841,16.733625697670504
data/SYNTHETIC/06643.csv,0.00014858409122098237,0.0001540296507300809,3.954417003755225
data/SYNTHETIC/06644.csv,0.00022481549240183085,0.00027208030223846436,5.983239514782326
data/SYNTHETIC/06645.csv,0.0002590410294942558,0.00027972570387646556,6.894117958960123
data/SYNTHETIC/06646.csv,0.0020114448852837086,0.0017331714043393731,53.53259417694062
data/SYNTHETIC/06647.csv,0.0007089754217304289,0.000668879714794457,18.868671873933636
data/SYNTHETIC/06648.csv,0.0020556894596666098,0.0028775264509022236,54.71011927956715
data/SYNTHETIC/06649.csv,0.00015070519293658435,0.00013770964869763702,4.010868004814256
data/SYNTHETIC/06650.csv,0.0007016021409071982,0.0006907742354087532,18.672439378104173
data/SYNTHETIC/06651.csv,0.001148636220023036,0.0011349213309586048,30.56980435969308
data/SYNTHETIC/06652.csv,0.0014386310940608382,0.0013581706443801522,38.28772793733515
data/SYNTHETIC/06653.csv,6.833011866547167e-05,6.69863002258353e-05,1.818537778162863
data/SYNTHETIC/06654.csv,0.0020677705761045218,0.0021412274800240993,55.03164611244574
data/SYNTHETIC/06655.csv,0.0007647576276212931,0.0007430124678649008,20.353259501513094
data/SYNTHETIC/06656.csv,0.0007560814847238362,0.0007339897565543652,20.122352634440176
data/SYNTHETIC/06657.csv,0.0008489249739795923,0.0008659033919684589,22.59328925749287
data/SYNTHETIC/06658.csv,0.001497532706707716,0.0016684415750205517,39.85533545631915
data/SYNTHETIC/06659.csv,0.0004364260530564934,0.0004360033490229398,11.615042976045515
data/SYNTHETIC/06660.csv,0.00043489912059158087,0.00043330847984179854,11.574405195424333
data/SYNTHETIC/06661.csv,0.001493239775300026,0.0014905642019584775,39.74108337983489
data/SYNTHETIC/06662.csv,0.0016310239443555474,0.0016654301434755325,43.40807125507854
data/SYNTHETIC/06663.csv,0.004843623843044043,0.005096273962408304,128.90820495877415
data/SYNTHETIC/06664.csv,0.0017134196823462844,0.0016889346297830343,45.60095142596401
data/SYNTHETIC/06665.csv,0.00046581117203459144,0.0009403532603755593,12.397098532528616
data/SYNTHETIC/06666.csv,0.0020178230479359627,0.0018239624332636595,53.70234259776771
data/SYNTHETIC/06667.csv,0.0017395125469192863,0.0016101538203656673,46.295386923709884
data/SYNTHETIC/06668.csv,0.0022923359647393227,0.0016358387656509876,61.00822936557233
data/SYNTHETIC/06669.csv,0.0003241142549086362,0.0003238354984205216,8.625976780138444
data/SYNTHETIC/06670.csv,0.002760321134701371,0.0021226368844509125,73.4631866789423
data/SYNTHETIC/06671.csv,0.0017119429539889097,0.001666154945269227,45.56164977746084
data/SYNTHETIC/06672.csv,0.0002948905457742512,0.00028298559482209384,7.848216985235922
data/SYNTHETIC/06673.csv,0.001964033115655184,0.0022428350057452917,52.27077734004706
data/SYNTHETIC/06674.csv,0.00021428862237371504,0.000268190837232396,5.703077395854052
data/SYNTHETIC/06675.csv,0.0020498677622526884,0.0020539965480566025,54.55518062459305
data/SYNTHETIC/06676.csv,0.00045746625983156264,0.0004274627717677504,12.175007039157208
data/SYNTHETIC/06677.csv,0.0009128627716563642,0.001052879262715578,24.294929804862477
data/SYNTHETIC/06678.csv,0.0016355020925402641,0.001510369242168963,43.52725269086659
data/SYNTHETIC/06679.csv,0.0006860364810563624,0.0007006194209679961,18.25817490683403
data/SYNTHETIC/06680.csv,0.00012370507465675473,0.00015016541874501854,3.2922868569148704
data/SYNTHETIC/06681.csv,0.0013881261693313718,0.0013150047743692994,36.94358987058513
data/SYNTHETIC/06682.csv,0.0005799123900942504,0.0005869690794497728,15.433788349968381
data/SYNTHETIC/06683.csv,0.0009569460526108742,0.001078125205822289,25.468162244185805
data/SYNTHETIC/06684.csv,0.0009874196257442236,0.0008886440773494542,26.279185919556767
data/SYNTHETIC/06685.csv,0.0012133504496887326,0.0012290190206840634,32.29210886801593
data/SYNTHETIC/06686.csv,0.0003239583456888795,0.00034664160921238363,8.621827412163839
data/SYNTHETIC/06687.csv,0.001738465391099453,0.0016220624092966318,46.26751791872084
data/SYNTHETIC/06688.csv,0.0019529906567186117,0.001663014991208911,51.97689333790913
data/SYNTHETIC/06689.csv,0.0016754847019910812,0.0016605897108092904,44.591349858790636
data/SYNTHETIC/06690.csv,0.0018767373403534293,0.0018954016268253326,49.94748757616617
data/SYNTHETIC/06691.csv,0.00019208650337532163,0.00019072297436650842,5.11219020083081
data/SYNTHETIC/06692.csv,0.00037068501114845276,0.00036717861075885594,9.865410886704922
data/SYNTHETIC/06693.csv,0.0016826509963721037,0.0016223251586779952,44.78207361744717
data/SYNTHETIC/06694.csv,0.00018601854389999062,0.00022853877453599125,4.95069752735435
data/SYNTHETIC/06695.csv,0.0003592536086216569,0.0003638568159658462,9.561175539856777
data/SYNTHETIC/06696.csv,0.0006850751233287156,0.0006569679826498032,18.232589332270436
data/SYNTHETIC/06697.csv,0.00033530345535837114,0.0003437734267208725,8.92376616090769
data/SYNTHETIC/06698.csv,0.0007546240813098848,0.0007562448154203594,20.083565299981274
data/SYNTHETIC/06699.csv,0.00209307624027133,0.001939933281391859,55.70513105858117
data/SYNTHETIC/06700.csv,0.002009954070672393,0.002248081611469388,53.49291763687506
data/SYNTHETIC/06701.csv,0.00162171118427068,0.0015838212566450238,43.160221458179876
data/SYNTHETIC/06702.csv,0.0008613475365564227,0.0008348299888893962,22.923903337912634
data/SYNTHETIC/06703.csv,0.0013627157313749194,0.0014207091880962253,36.267316474812105
data/SYNTHETIC/06704.csv,9.652681183069944e-05,0.00011492465273477137,2.568964570062235
data/SYNTHETIC/06705.csv,8.922362758312374e-05,0.00012215381138958037,2.3745976244972553
data/SYNTHETIC/06706.csv,0.0013052955036982894,0.001275018323212862,34.739134535426274
data/SYNTHETIC/06707.csv,0.0009500556043349206,0.000929151545278728,25.284779853769578
data/SYNTHETIC/06708.csv,0.001908944919705391,0.0018819982651621103,50.804660093039274
data/SYNTHETIC/06709.csv,0.001671154866926372,0.0015785048017278314,44.476115628378466
data/SYNTHETIC/06710.csv,0.0008922771667130291,0.0009037136915139854,23.747064514900558
data/SYNTHETIC/06711.csv,0.0004823300405405462,0.0004366081557236612,12.836731698946096
data/SYNTHETIC/06712.csv,0.0015630105044692755,0.0013923054793849587,41.5979615659453
data/SYNTHETIC/06713.csv,0.001181776518933475,0.0011459494708105922,31.451800274895504
data/SYNTHETIC/06714.csv,0.001824763254262507,0.0018908645724877715,48.56424924894236
data/SYNTHETIC/06715.csv,0.0017578027909621596,0.001827599829994142,46.78216347866692
data/SYNTHETIC/06716.csv,0.0008210885571315885,0.0009931117529049516,21.852450859500095
data/SYNTHETIC/06717.csv,0.0009334333590231836,0.0006780457333661616,24.842395417043008
data/SYNTHETIC/06718.csv,0.0024239218328148127,0.002288458403199911,64.51025565853342
data/SYNTHETIC/06719.csv,0.0007044670637696981,0.000721453339792788,18.748686435166746
data/SYNTHETIC/06720.csv,0.0010880657937377691,0.0010035854065790772,28.957783034536988
data/SYNTHETIC/06721.csv,0.0017322184285148978,0.002020543208345771,46.10126125649549
data/SYNTHETIC/06722.csv,0.0014873886248096824,0.0013576241908594966,39.58536086068489
data/SYNTHETIC/06723.csv,0.0011791351716965437,0.0011782216606661677,31.381503459531814
data/SYNTHETIC/06724.csv,0.00010747139458544552,0.00011046414147131145,2.860243695497047
data/SYNTHETIC/06725.csv,0.002415872411802411,0.0021956786513328552,64.29602836770937
data/SYNTHETIC/06726.csv,0.00030067216721363366,0.00031963715446181595,8.002089058223646
data/SYNTHETIC/06727.csv,0.001684575923718512,0.001548021798953414,44.83330363384448
data/SYNTHETIC/06728.csv,0.001496284850873053,0.0014063796261325479,39.822125021135435
data/SYNTHETIC/06729.csv,0.001854914939031005,0.0017956210067495704,49.366706187371165
data/SYNTHETIC/06730.csv,0.0017016143538057804,0.0017451581079512835,45.28676441218704
data/SYNTHETIC/06731.csv,0.0014899232191964984,0.0014954066136851907,39.65281655569561
data/SYNTHETIC/06732.csv,0.0015758364461362362,0.0014607860939577222,41.93931117746979
data/SYNTHETIC/06733.csv,0.0005874785128980875,0.0007403881754726171,15.6351531422697
data/SYNTHETIC/06734.csv,0.0004311001976020634,0.0004630610637832433,11.473300658981316
data/SYNTHETIC/06735.csv,0.0010203327983617783,0.0010583922266960144,27.155137095600367
data/SYNTHETIC/06736.csv,0.0013668714091181755,0.0013453741557896137,36.37791568227112
data/SYNTHETIC/06737.csv,0.0008709990070201457,0.0009309601737186313,23.180767572834156
data/SYNTHETIC/06738.csv,0.0017452847678214312,0.0015981049509719014,46.44900881079957
data/SYNTHETIC/06739.csv,0.0013452381826937199,0.0013944918755441904,35.80216899421066
data/SYNTHETIC/06740.csv,0.0018169909017160535,0.0018523884937167168,48.35739585827105
data/SYNTHETIC/06741.csv,0.0003137073654215783,0.00031459092861041427,8.349007823329885
data/SYNTHETIC/06742.csv,0.0006297130021266639,0.0006073062540963292,16.759181838599034
data/SYNTHETIC/06743.csv,0.00020346016390249133,0.00021007959730923176,5.414888802100904
data/SYNTHETIC/06744.csv,0.0001490375871071592,0.00013836196740157902,3.966486343269935
data/SYNTHETIC/06745.csv,0.0006193803856149316,0.0006258435314521194,16.48418958275579
data/SYNTHETIC/06746.csv,0.002080982318148017,0.002469309139996767,55.38326341519132
data/SYNTHETIC/06747.csv,0.001412212965078652,0.001272873836569488,37.58463585260324
data/SYNTHETIC/06748.csv,0.0019143263343721628,0.0017230464145541191,50.94788106298074
data/SYNTHETIC/06749.csv,0.0014659642474725842,0.0015534211415797472,39.01517248223536
data/SYNTHETIC/06750.csv,0.001187759917229414,0.001155502861365676,31.611042437143624
data/SYNTHETIC/06751.csv,0.0017622391460463405,0.001801159349270165,46.900232632877305
data/SYNTHETIC/06752.csv,0.0001985842827707529,0.0001916565524879843,5.285122101660818
data/SYNTHETIC/06753.csv,0.0011379709467291832,0.0011614396935328841,30.28595877625048
data/SYNTHETIC/06754.csv,0.0018493100069463253,0.0016955672763288021,49.2175365248695
data/SYNTHETIC/06755.csv,0.0013892570277675986,0.0012875295942649245,36.97368653700687
data/SYNTHETIC/06756.csv,0.0014588030753657222,0.001624762429855764,38.82458504778333
data/SYNTHETIC/06757.csv,0.001234632101841271,0.0012244690442457795,32.858498758403584
data/SYNTHETIC/06758.csv,0.0006387992179952562,0.0007378674927167594,17.001002387725748
data/SYNTHETIC/06759.csv,0.0017512441845610738,0.0017602316802367568,46.60761272790842
data/SYNTHETIC/06760.csv,0.0008182654273696244,0.0007730930228717625,21.777316084015183
data/SYNTHETIC/06761.csv,0.0004837129090446979,0.00048409204464405775,12.87353536131559
data/SYNTHETIC/06762.csv,0.0007426795200444758,0.000686376472003758,19.76567274646368
data/SYNTHETIC/06763.csv,0.00040122136124409735,0.0004192698688711971,10.678105308150407
data/SYNTHETIC/06764.csv,0.0011276319855824113,0.0011853001778945327,30.010797664290294
data/SYNTHETIC/06765.csv,0.0005070221959613264,0.0004350661765784025,13.49388872331474
data/SYNTHETIC/06766.csv,0.0015329925809055567,0.0015624890802428126,40.799064548220485
data/SYNTHETIC/06767.csv,0.0004814001149497926,0.00047556465142406523,12.81198265927378
data/SYNTHETIC/06768.csv,0.0016072847647592425,0.0018894376698881388,42.77627672930248
data/SYNTHETIC/06769.csv,0.00026065626298077404,0.0002778501366265118,6.93710578297032
data/SYNTHETIC/06770.csv,0.0014059576205909252,0.0014329763362184167,37.418156114406884
data/SYNTHETIC/06771.csv,0.0017037850338965654,0.0016978394705802202,45.34453489212319
data/SYNTHETIC/06772.csv,0.0017986565362662077,0.0017162127187475562,47.86944505618885
data/SYNTHETIC/06773.csv,0.0015902196755632758,0.0017049283487722278,42.32210644544102
data/SYNTHETIC/06774.csv,0.0005059198592789471,0.0005523399449884892,13.464551134849899
data/SYNTHETIC/06775.csv,0.001125702983699739,0.0010974127799272537,29.959459208184853
data/SYNTHETIC/06776.csv,0.0014990537893027067,0.0015356575604528189,39.89581754850224
data/SYNTHETIC/06777.csv,0.001032068277709186,0.0009388040634803474,27.46746514295228
data/SYNTHETIC/06778.csv,0.0008465822320431471,0.0008113507064990699,22.530939523596317
data/SYNTHETIC/06779.csv,0.0012646792456507683,0.0013396998401731253,33.65817344374955
data/SYNTHETIC/06780.csv,0.00039534896495752037,0.0003965292125940323,10.521817353379447
data/SYNTHETIC/06781.csv,0.000576828490011394,0.0005858725635334849,15.35171343316324
data/SYNTHETIC/06782.csv,0.0020332983694970608,0.0018663521623238921,54.114202805794775
data/SYNTHETIC/06783.csv,0.0003128811367787421,0.00030187773518264294,8.327018574229442
data/SYNTHETIC/06784.csv,0.00041161401895806193,0.000374726892914623,10.95469550054986
data/SYNTHETIC/06785.csv,0.0016104464884847403,0.0016986698610708117,42.86042284453288
data/SYNTHETIC/06786.csv,0.0018784082494676113,0.001975627848878503,49.99195715133101
data/SYNTHETIC/06787.csv,0.0009017099509947002,0.0009190629352815449,23.99810863577295
data/SYNTHETIC/06788.csv,0.0006824879092164338,0.0007337959832511842,18.163733215886168
data/SYNTHETIC/06789.csv,0.0015856333775445819,0.0019323944579809904,42.2000467099715
data/SYNTHETIC/06790.csv,0.0011857501231133938,0.0011692354455590248,31.557553776539862
data/SYNTHETIC/06791.csv,0.002225558739155531,0.002045535482466221,59.2310202838853
data/SYNTHETIC/06792.csv,0.0015991056570783257,0.0018080348381772637,42.55859795748256
data/SYNTHETIC/06793.csv,0.0006175023154355586,0.0006323696579784155,16.434206623001955
data/SYNTHETIC/06794.csv,0.0015043335733935237,0.0014674791600555182,40.03633372229524
data/SYNTHETIC/06795.csv,0.0020027575083076954,0.0019592749886214733,53.301388326101005
data/SYNTHETIC/06796.csv,0.0004572217876557261,0.0005040745600126684,12.168500656669494
data/SYNTHETIC/06797.csv,0.0011102862190455198,0.001134278136305511,29.549157433677465
data/SYNTHETIC/06798.csv,0.00036854803329333663,0.00036776362685486674,9.808537358068861
data/SYNTHETIC/06799.csv,0.0004987988504581153,0.000461663119494915,13.275032606092282
data/SYNTHETIC/06800.csv,0.0003187118854839355,0.00035035680048167706,8.482198120269459
data/SYNTHETIC/06801.csv,0.0016744807362556458,0.0018052945379167795,44.564630314707756
data/SYNTHETIC/06802.csv,0.0017147138714790344,0.001933995052240789,45.63539497554302
data/SYNTHETIC/06803.csv,0.0011502610286697745,0.0011179231805726886,30.61304701701738
data/SYNTHETIC/06804.csv,0.0009520297171548009,0.0009259439539164305,25.33731889235787
data/SYNTHETIC/06805.csv,0.0003972330887336284,0.00040348703623749316,10.571961423556786
data/SYNTHETIC/06806.csv,0.001695094513706863,0.0019527669064700603,45.11324538779445
data/SYNTHETIC/06807.csv,0.0013791414676234126,0.001379801775328815,36.7044710193295
data/SYNTHETIC/06808.csv,0.00026994565268978477,0.00026114913634955883,7.184333600685932
data/SYNTHETIC/06809.csv,0.0015437118709087372,0.0018807912711054087,41.08434773236513
data/SYNTHETIC/06810.csv,2.8996893888688646e-05,3.123600617982447e-05,0.7717233339535596
data/SYNTHETIC/06811.csv,0.0005412379396148026,0.0005750570562668145,14.404506524908356
data/SYNTHETIC/06812.csv,0.0008353975135833025,0.0008247841615229845,22.233269426506013
data/SYNTHETIC/06813.csv,0.002758166054263711,0.0024317465722560883,73.4058313681744
data/SYNTHETIC/06814.csv,0.0011130287311971188,0.0011430061422288418,29.62214665208012
data/SYNTHETIC/06815.csv,0.0016800806624814868,0.0016312538646161556,44.71366675128229
data/SYNTHETIC/06816.csv,0.0021288604475557804,0.00200357916764915,56.65749195124954
data/SYNTHETIC/06817.csv,0.0025607733987271786,0.00276090856641531,68.15242323372513
data/SYNTHETIC/06818.csv,0.00045300598139874637,0.0004669958143495023,12.056301188946236
data/SYNTHETIC/06819.csv,0.00018749129958450794,0.00018167901725973934,4.989893447142094
data/SYNTHETIC/06820.csv,0.0008664572960697114,0.0010137547506019473,23.0598944775993
data/SYNTHETIC/06821.csv,0.00032311881659552455,0.000316852965625003,8.59948418487329
data/SYNTHETIC/06822.csv,0.0008788363193161786,0.0007941283984109759,23.389349802280776
data/SYNTHETIC/06823.csv,0.000282730208709836,0.0002761304785963148,7.5245817746035755
data/SYNTHETIC/06824.csv,0.0011023936094716191,0.00112363719381392,29.33910352247767
data/SYNTHETIC/06825.csv,0.002203558571636677,0.0020639884751290083,58.645507825538516
data/SYNTHETIC/06826.csv,0.0017903485568240285,0.0017822972731664777,47.648336491314694
data/SYNTHETIC/06827.csv,0.00013233910431154072,0.00013424383359961212,3.522072922147345
data/SYNTHETIC/06828.csv,0.00018619767797645181,0.00017340263002552092,4.955465001665289
data/SYNTHETIC/06829.csv,0.0009385190787725151,0.0009243946988135576,24.977746762451716
data/SYNTHETIC/06830.csv,0.0011960642877966166,0.0012419878039509058,31.832054955419153
data/SYNTHETIC/06831.csv,0.0015022143488749862,0.0014311271952465177,39.97993268095888
data/SYNTHETIC/06832.csv,0.00011176391853950918,0.00012325056013651192,2.9744849280104972
data/SYNTHETIC/06833.csv,0.0022750745993107557,0.0030944235622882843,60.54883538605645
data/SYNTHETIC/06834.csv,0.002118556061759591,0.0018610010156407952,56.38325102766976
data/SYNTHETIC/06835.csv,0.0016999178333207965,0.0017666715430095792,45.24161321599968
data/SYNTHETIC/06836.csv,0.0013541387161239982,0.001324198325164616,36.03904779092409
data/SYNTHETIC/06837.csv,0.002757613779976964,0.001973432255908847,73.39113314030692
data/SYNTHETIC/06838.csv,0.0013192873448133469,0.0013594776391983032,35.11151339486241
data/SYNTHETIC/06839.csv,0.0014258170267567039,0.0013661253033205867,37.946694350102916
data/SYNTHETIC/06840.csv,0.00041193782817572355,0.0003961482143495232,10.963313359068707
data/SYNTHETIC/06841.csv,0.001789252390153706,0.002109329914674163,47.61916311155073
data/SYNTHETIC/06842.csv,0.002489991020411253,0.0025940730702131987,66.26862101722509
data/SYNTHETIC/06843.csv,0.00014011083112563938,0.00013709426275454462,3.7289096595777664
data/SYNTHETIC/06844.csv,0.0017182345036417246,0.0015219857450574636,45.72909307992086
data/SYNTHETIC/06845.csv,0.0006675045588053763,0.0006191621068865061,17.764966328046285
data/SYNTHETIC/06846.csv,0.0006287377909757197,0.0007002805941738188,16.733227569027804
data/SYNTHETIC/06847.csv,0.0016041497001424432,0.0015730205923318863,42.69284011959098
data/SYNTHETIC/06848.csv,0.0029898108914494514,0.0027933220844715834,79.5708270650357
data/SYNTHETIC/06849.csv,1.8929822545032948e-05,1.911846447910648e-05,0.5037982972135069
data/SYNTHETIC/06850.csv,0.001719424850307405,0.0017919554375112057,45.76077296608128
data/SYNTHETIC/06851.csv,0.0010145521955564618,0.0009567855158820748,27.001292132539675
data/SYNTHETIC/06852.csv,0.0004625065193977207,0.0004696590476669371,12.309148507250939
data/SYNTHETIC/06853.csv,0.0013688558246940374,0.0013487701071426272,36.43072891840711
data/SYNTHETIC/06854.csv,0.0006212411681190133,0.0005976128159090877,16.53371244831942
data/SYNTHETIC/06855.csv,6.623224908253178e-05,6.671826122328639e-05,1.7627050770825008
data/SYNTHETIC/06856.csv,0.0009033463429659605,0.0008649567607790232,24.041659571696073
data/SYNTHETIC/06857.csv,0.0004574260674417019,0.0004887441755272448,12.173937358893454
data/SYNTHETIC/06858.csv,7.252965588122606e-05,7.379181624855846e-05,1.9303042616229504
data/SYNTHETIC/06859.csv,0.0022104158997535706,0.0020577816758304834,58.82800875604153
data/SYNTHETIC/06860.csv,0.00010954629397019744,9.27123473957181e-05,2.9154650677228346
data/SYNTHETIC/06861.csv,0.0022506455425173044,0.0019519575871527195,59.89868046855554
data/SYNTHETIC/06862.csv,0.0016581704840064049,0.0016436120495200157,44.13054926134646
data/SYNTHETIC/06863.csv,0.001368143828585744,0.0013416057918220758,36.41177985398099
data/SYNTHETIC/06864.csv,0.000609032460488379,0.0006062624743208289,16.20878990343772
data/SYNTHETIC/06865.csv,0.00044391630217432976,0.0004939823411405087,11.814388466067612
data/SYNTHETIC/06866.csv,0.0005808169371448457,0.000608080648817122,15.457861965172924
data/SYNTHETIC/06867.csv,0.00046058473526500165,0.0004819718305952847,12.258002144342754
data/SYNTHETIC/06868.csv,0.0009698717040009797,0.0009467728086747229,25.812165530282073
data/SYNTHETIC/06869.csv,0.002364774001762271,0.0019642054103314877,62.93609528290108
data/SYNTHETIC/06870.csv,0.0024770803283900023,0.0024445601738989353,65.92501585977152
data/SYNTHETIC/06871.csv,0.00042644666973501444,0.0004194244684185833,11.349451668327674
data/SYNTHETIC/06872.csv,0.0017390861175954342,0.0017198988934978843,46.284037933684886
data/SYNTHETIC/06873.csv,0.0009392966167069972,0.0009451222722418606,24.998440157040022
data/SYNTHETIC/06874.csv,0.0015178435714915395,0.0015401546843349934,40.39588881167583
data/SYNTHETIC/06875.csv,0.001964594004675746,0.0022627871949225664,52.2857048404403
data/SYNTHETIC/06876.csv,0.0019905539229512215,0.001900730887427926,52.97660210542381
data/SYNTHETIC/06877.csv,0.0019733395893126726,0.002682310529053211,52.51845982996747
data/SYNTHETIC/06878.csv,0.0011064779246225953,0.0010401153704151511,29.44780348590575
data/SYNTHETIC/06879.csv,0.0012640140485018492,0.0010400397004559636,33.640469886828214
data/SYNTHETIC/06880.csv,0.00227171229198575,0.002201091730967164,60.459350938908756
data/SYNTHETIC/06881.csv,0.001829958171583712,0.002017839113250375,48.702506778528914
data/SYNTHETIC/06882.csv,0.001712646335363388,0.0015919647412374616,45.58036956936121
data/SYNTHETIC/06883.csv,0.0009278442012146115,0.0008958128746598959,24.69364557112567
data/SYNTHETIC/06884.csv,0.001238222699612379,0.0012948013609275222,32.95405892748386
data/SYNTHETIC/06885.csv,0.0018090589437633753,0.0016495378222316504,48.14629472931847
data/SYNTHETIC/06886.csv,0.000362096558092162,0.00033932100632227957,9.6368377970648
data/SYNTHETIC/06887.csv,0.0013603580882772803,0.0013654676731675863,36.20457016141154
data/SYNTHETIC/06888.csv,0.0014231184031814337,0.0014247202780097723,37.874873182270676
data/SYNTHETIC/06889.csv,0.0008542778668925166,0.0008329645497724414,22.735751149477437
data/SYNTHETIC/06890.csv,0.0009915564442053437,0.000980354379862547,26.389283206081018
data/SYNTHETIC/06891.csv,0.0003997057501692325,0.0004146172432228923,10.637768835003953
data/SYNTHETIC/06892.csv,0.0016598692163825035,0.0016181791434064507,44.17575932480395
data/SYNTHETIC/06893.csv,0.0016090957215055823,0.0015515726990997791,42.82447353214957
data/SYNTHETIC/06894.csv,0.0009342470439150929,0.0009199924534186721,24.864050826756284
data/SYNTHETIC/06895.csv,0.00040848387288860977,0.0004240769485477358,10.87138979305746
data/SYNTHETIC/06896.csv,0.00012450740905478597,0.0001141878092312254,3.3136401845840737
data/SYNTHETIC/06897.csv,0.0018497428391128778,0.0019133314490318298,49.22905592015013
data/SYNTHETIC/06898.csv,0.0014214443508535624,0.0013949763961136341,37.83031995361671
data/SYNTHETIC/06899.csv,0.0015203830553218722,0.0015965632628649473,40.46347463433631
data/SYNTHETIC/06900.csv,0.0004549174918793142,0.0004473034932743758,12.107174128876068
data/SYNTHETIC/06901.csv,0.0010957837803289294,0.0009072411339730024,29.163189529674128
data/SYNTHETIC/06902.csv,0.0005540853599086404,0.0005177769926376641,14.746427768608555
data/SYNTHETIC/06903.csv,0.001185138593427837,0.0011188606731593609,31.54127852548845
data/SYNTHETIC/06904.csv,0.0013299707788974047,0.0013190978206694126,35.39584230957553
data/SYNTHETIC/06905.csv,0.001152247772552073,0.001151735195890069,30.66592221870087
data/SYNTHETIC/06906.csv,0.001169772818684578,0.0012814616784453392,31.132333796471357
data/SYNTHETIC/06907.csv,0.0016852725530043244,0.0016025025397539139,44.85184372565709
data/SYNTHETIC/06908.csv,0.0004753618559334427,0.0004503659438341856,12.651280433812644
data/SYNTHETIC/06909.csv,0.0013813647674396634,0.0013604371342808008,36.7636419206392
data/SYNTHETIC/06910.csv,0.0023348124232143164,0.00244845449924469,62.138697831425816
data/SYNTHETIC/06911.csv,9.342886187369004e-05,9.401792340213433e-05,2.4865157299063867
data/SYNTHETIC/06912.csv,0.0005035068024881184,0.0004242926079314202,13.400330041418783
data/SYNTHETIC/06913.csv,0.001444992725737393,0.0013081819051876664,38.457036402774975
data/SYNTHETIC/06914.csv,0.00023850308207329363,0.00022542563965544105,6.347521026298637
data/SYNTHETIC/06915.csv,0.0017255874117836356,0.0016607604920864105,45.92478337720968
data/SYNTHETIC/06916.csv,0.0021354248747229576,0.0018743760883808136,56.832197615876794
data/SYNTHETIC/06917.csv,8.70169751578942e-05,0.00010047292016679421,2.315869776852196
data/SYNTHETIC/06918.csv,0.000524791656062007,0.0005473775672726333,13.966805134434253
data/SYNTHETIC/06919.csv,7.22447584848851e-05,7.082099182298407e-05,1.922722002316732
data/SYNTHETIC/06920.csv,0.001032192842103541,0.0010334876133129,27.470780299743637
data/SYNTHETIC/06921.csv,0.0001465929381083697,0.00010479295451659709,3.9014244548161514
data/SYNTHETIC/06922.csv,0.002180851763114333,0.001995434518903494,58.04118882352486
data/SYNTHETIC/06923.csv,0.0005229276139289141,0.0005116708925925195,13.917195517104119
data/SYNTHETIC/06924.csv,0.0015840085688978434,0.0015588831156492233,42.1568040526472
data/SYNTHETIC/06925.csv,0.0013503562659025192,0.001250380533747375,35.93838166072965
data/SYNTHETIC/06926.csv,0.000565246504265815,0.0004699176352005452,15.043470464530401
data/SYNTHETIC/06927.csv,0.0005431003519333899,0.0005119501147419214,14.454072766355239
data/SYNTHETIC/06928.csv,4.436950257513672e-05,4.562014510156587e-05,1.1808499415346887
data/SYNTHETIC/06929.csv,0.0014704295899719,0.0014549660263583064,39.134013107512146
data/SYNTHETIC/06930.csv,0.0016023038187995553,0.0015528032090514898,42.643713833531365
data/SYNTHETIC/06931.csv,0.0016000410541892052,0.0014112386852502823,42.583492616191506
data/SYNTHETIC/06932.csv,0.0012451799120754004,0.0012599955080077052,33.139218179974705
data/SYNTHETIC/06933.csv,0.00015110838285181671,2.8522455977508798e-05,4.02159850121825
data/SYNTHETIC/06934.csv,0.00021902764274273068,0.00021534680854529142,5.829201683955034
data/SYNTHETIC/06935.csv,5.727477400796488e-05,6.255513289943337e-05,1.5243108354479773
data/SYNTHETIC/06936.csv,0.0015033150557428598,0.0014052781043574214,40.00922689354047
data/SYNTHETIC/06937.csv,0.0017532011261209846,0.0016772624803707004,46.65969477058388
data/SYNTHETIC/06938.csv,0.0008254823624156415,0.0008077891543507576,21.969387593329884
data/SYNTHETIC/06939.csv,0.0011031379690393806,0.00116639188490808,29.358913908014074
data/SYNTHETIC/06940.csv,0.00035884216777049005,0.00035353671410121024,9.550225453043822
data/SYNTHETIC/06941.csv,0.001888958620838821,0.0018292212625965476,50.27274473500438
data/SYNTHETIC/06942.csv,0.0016566591802984476,0.0016050802078098059,44.090327424462885
data/SYNTHETIC/06943.csv,0.0016786259366199374,0.0016328165074810386,44.674950677203014
data/SYNTHETIC/06944.csv,0.002098917495459318,0.002113586524501443,55.86059022415429
data/SYNTHETIC/06945.csv,0.001722231158055365,0.0017155075911432505,45.835460040485486
data/SYNTHETIC/06946.csv,0.0015205236850306392,0.0014001865638419986,40.46721735340543
data/SYNTHETIC/06947.csv,0.001288109109736979,0.001378811663016677,34.28173584653996
data/SYNTHETIC/06948.csv,0.002015210222452879,0.0016814799746498466,53.63280486036092
data/SYNTHETIC/06949.csv,0.00038522708928212523,0.00043960666516795754,10.252433754154481
data/SYNTHETIC/06950.csv,0.0017588844057172537,0.0015783279668539762,46.81094957375899
data/SYNTHETIC/06951.csv,0.0016196041833609343,0.001349759055301547,43.104145735967904
data/SYNTHETIC/06952.csv,0.0010205310536548495,0.0009612071444280446,27.160413461970165
data/SYNTHETIC/06953.csv,0.001654828549362719,0.0015958590665832162,44.041607012739405
data/SYNTHETIC/06954.csv,0.0019251680932939053,0.0018498735735192895,51.236423634923995
data/SYNTHETIC/06955.csv,0.00026288474327884614,0.00027110130758956075,6.996414557623211
data/SYNTHETIC/06956.csv,0.002060812432318926,0.0019746345933526754,54.84646207373589
data/SYNTHETIC/06957.csv,0.0006236553890630603,0.0005684368079528213,16.597964524524286
data/SYNTHETIC/06958.csv,0.001245780847966671,0.0013051640707999468,33.15521148778498
data/SYNTHETIC/06959.csv,9.849958587437868e-05,0.00011560025450307876,2.621467978460714
data/SYNTHETIC/06960.csv,0.002007408533245325,0.0018795746145769954,53.42517070379108
data/SYNTHETIC/06961.csv,0.00024902421864680946,0.00024286701227538288,6.627530555066187
data/SYNTHETIC/06962.csv,0.0001953214523382485,0.00019032397540286183,5.198285132530145
data/SYNTHETIC/06963.csv,0.00018666389223653823,0.00018789641035255045,4.9678728279832285
data/SYNTHETIC/06964.csv,0.0001231159403687343,0.00012086194328730926,3.2766076369734947
data/SYNTHETIC/06965.csv,0.00018574253772385418,0.0001907179394038394,4.943351898982655
data/SYNTHETIC/06966.csv,0.001496406621299684,0.001452178810723126,39.82536581926979
data/SYNTHETIC/06967.csv,0.0015405507292598486,0.0017109339823946357,41.00021710852161
data/SYNTHETIC/06968.csv,0.0020586405880749226,0.0018545518396422267,54.78866061102599
data/SYNTHETIC/06969.csv,0.0008401949307881296,0.0008378123166039586,22.36094788799528
data/SYNTHETIC/06970.csv,0.0015003459993749857,0.00149002845864743,39.93020842736587
data/SYNTHETIC/06971.csv,0.0021706761326640844,0.002268759300932288,57.77037459472194
data/SYNTHETIC/06972.csv,0.0011569756316021085,0.001127011375501752,30.791749459458515
data/SYNTHETIC/06973.csv,0.002663302468135953,0.0025953270960599184,70.88113188697025
data/SYNTHETIC/06974.csv,0.001771278795786202,0.0017431470332667232,47.14081387105398
data/SYNTHETIC/06975.csv,0.0011756389867514372,0.0010471955174580216,31.28845599340275
data/SYNTHETIC/06976.csv,0.0001703033340163529,0.00017257696890737861,4.532452931511216
data/SYNTHETIC/06977.csv,0.001755117904394865,0.0017065018182620406,46.71070790756494
data/SYNTHETIC/06978.csv,0.000662444916088134,0.000642047671135515,17.6303089967696
data/SYNTHETIC/06979.csv,0.001387411612085998,0.0014203354949131608,36.92457264405675
data/SYNTHETIC/06980.csv,2.564339229138568e-05,2.6080129828187637e-05,0.6824732424429385
data/SYNTHETIC/06981.csv,0.0014549532206729054,0.0016993343597278,38.722125014988706
data/SYNTHETIC/06982.csv,0.0018272086745128036,0.0018243987578898668,48.629331663483754
data/SYNTHETIC/06983.csv,0.0002497216046322137,0.00020153755031060427,6.646090785681736
data/SYNTHETIC/06984.csv,0.0012929243966937065,0.001059508416801691,34.409889893606305
data/SYNTHETIC/06985.csv,0.00036147257196716964,0.00036466418532654643,9.620231030334253
data/SYNTHETIC/06986.csv,0.0012635380262508988,0.0015647555701434612,33.62780103064142
data/SYNTHETIC/06987.csv,0.000596534286160022,0.0005534703377634287,15.876163491862826
data/SYNTHETIC/06988.csv,0.001621851697564125,0.0016080279601737857,43.163961078971624
data/SYNTHETIC/06989.csv,0.0003632608859334141,0.0004049472336191684,9.667825218231883
data/SYNTHETIC/06990.csv,0.0019253958016633987,0.0018842241261154413,51.242483865469694
data/SYNTHETIC/06991.csv,0.0017803951632231474,0.0016575978370383382,47.383436874020845
data/SYNTHETIC/06992.csv,0.0005802289815619588,0.0006083817570470273,15.442214115289971
data/SYNTHETIC/06993.csv,0.0009108896483667195,0.0008827517740428448,24.242417101631872
data/SYNTHETIC/06994.csv,1.3661290722666308e-05,1.4952212040952872e-05,0.36358159129304113
data/SYNTHETIC/06995.csv,0.0014065657742321491,0.0014359396882355213,37.43434151541442
data/SYNTHETIC/06996.csv,0.0016365976771339774,0.0011470654280856252,43.556410579243675
data/SYNTHETIC/06997.csv,0.0010966007830575109,0.001052670064382255,29.184933240292594
data/SYNTHETIC/06998.csv,0.001516099669970572,0.0017294309800490737,40.3494766165968
data/SYNTHETIC/06999.csv,0.0005210877279751003,0.0005317725008353591,13.868228792329319
